NAME	GS<br> follow link to MSigDB	GS DETAILS	SIZE	ES	NES	NOM p-val	FDR q-val	FWER p-val	RANK AT MAX	LEADING EDGE	
KEGG_RIBOSOME	KEGG_RIBOSOME	Details ...	81	-0.95733714	-2.0358887	0.042402826	1.0	1.0	414	tags=67%, list=3%, signal=68%	
KEGG_MEDICUS_REFERENCE_TRANSLATION_INITIATION	KEGG_MEDICUS_REFERENCE_TRANSLATION_INITIATION	Details ...	77	-0.96089345	-2.0292754	0.039215688	1.0	1.0	414	tags=71%, list=3%, signal=73%	
GOBP_NEGATIVE_REGULATION_OF_SYNCYTIUM_FORMATION_BY_PLASMA_MEMBRANE_FUSION	GOBP_NEGATIVE_REGULATION_OF_SYNCYTIUM_FORMATION_BY_PLASMA_MEMBRANE_FUSION	Details ...	45	-0.9347016	-2.0236	0.022364218	1.0	1.0	380	tags=69%, list=2%, signal=70%	
GOBP_COLLAGEN_FIBRIL_ORGANIZATION	GOBP_COLLAGEN_FIBRIL_ORGANIZATION	Details ...	77	-0.8671022	-1.8819398	0.05762712	1.0	1.0	954	tags=34%, list=6%, signal=36%	
POMEROY_MEDULLOBLASTOMA_DESMOPLASIC_VS_CLASSIC_DN	POMEROY_MEDULLOBLASTOMA_DESMOPLASIC_VS_CLASSIC_DN	Details ...	54	-0.8869482	-1.8753194	0.05079365	1.0	1.0	380	tags=35%, list=2%, signal=36%	
DESCARTES_FETAL_CEREBELLUM_OLIGODENDROCYTES	DESCARTES_FETAL_CEREBELLUM_OLIGODENDROCYTES	Details ...	52	-0.83175564	-1.873541	0.020648967	1.0	1.0	952	tags=37%, list=6%, signal=39%	
DESCARTES_FETAL_EYE_STROMAL_CELLS	DESCARTES_FETAL_EYE_STROMAL_CELLS	Details ...	77	-0.88242626	-1.8592187	0.06832298	1.0	1.0	505	tags=27%, list=3%, signal=28%	
GOBP_REGULATION_OF_SYNCYTIUM_FORMATION_BY_PLASMA_MEMBRANE_FUSION	GOBP_REGULATION_OF_SYNCYTIUM_FORMATION_BY_PLASMA_MEMBRANE_FUSION	Details ...	64	-0.8671831	-1.8197516	0.051575933	1.0	1.0	380	tags=48%, list=2%, signal=49%	
GOBP_EPIDERMIS_MORPHOGENESIS	GOBP_EPIDERMIS_MORPHOGENESIS	Details ...	27	-0.9158113	-1.8048373	0.025787966	1.0	1.0	62	tags=7%, list=0%, signal=7%	
DROPVIZ_HC_POLYDENDROCYTE_TNR_CLUSTER-MARKERS.CSV	DROPVIZ_HC_POLYDENDROCYTE_TNR_CLUSTER-MARKERS.CSV	Details ...	55	-0.85139996	-1.790629	0.03374233	1.0	1.0	1018	tags=47%, list=6%, signal=50%	
GOBP_RIBOSOMAL_SMALL_SUBUNIT_BIOGENESIS	GOBP_RIBOSOMAL_SMALL_SUBUNIT_BIOGENESIS	Details ...	111	-0.8439898	-1.7841238	0.054945055	1.0	1.0	414	tags=17%, list=3%, signal=17%	
GOBP_REGULATION_OF_INSULIN_LIKE_GROWTH_FACTOR_RECEPTOR_SIGNALING_PATHWAY	GOBP_REGULATION_OF_INSULIN_LIKE_GROWTH_FACTOR_RECEPTOR_SIGNALING_PATHWAY	Details ...	19	-0.9340738	-1.7672639	0.037135277	1.0	1.0	211	tags=26%, list=1%, signal=27%	
GOBP_CELL_AGGREGATION	GOBP_CELL_AGGREGATION	Details ...	18	-0.91302687	-1.7452296	0.017094018	1.0	1.0	157	tags=17%, list=1%, signal=17%	
GOBP_COLLAGEN_ACTIVATED_SIGNALING_PATHWAY	GOBP_COLLAGEN_ACTIVATED_SIGNALING_PATHWAY	Details ...	15	-0.94267124	-1.736376	0.017045455	1.0	1.0	28	tags=20%, list=0%, signal=20%	
GOBP_RIBOSOMAL_SMALL_SUBUNIT_ASSEMBLY	GOBP_RIBOSOMAL_SMALL_SUBUNIT_ASSEMBLY	Details ...	21	-0.8967967	-1.7233374	0.045333333	1.0	1.0	715	tags=29%, list=4%, signal=30%	
GOBP_CYTOPLASMIC_TRANSLATION	GOBP_CYTOPLASMIC_TRANSLATION	Details ...	158	-0.8296642	-1.7221159	0.11258278	1.0	1.0	545	tags=41%, list=3%, signal=42%	
MODY_HIPPOCAMPUS_PRENATAL	MODY_HIPPOCAMPUS_PRENATAL	Details ...	38	-0.85651326	-1.7186009	0.04601227	1.0	1.0	1203	tags=47%, list=7%, signal=51%	
GOBP_CELLULAR_RESPONSE_TO_ALDEHYDE	GOBP_CELLULAR_RESPONSE_TO_ALDEHYDE	Details ...	22	-0.8610576	-1.7135737	0.027322404	1.0	1.0	1059	tags=32%, list=7%, signal=34%	
GOBP_MYOBLAST_FUSION	GOBP_MYOBLAST_FUSION	Details ...	80	-0.7910538	-1.7119344	0.06551724	1.0	1.0	454	tags=43%, list=3%, signal=44%	
GOBP_TRANSLATIONAL_ELONGATION	GOBP_TRANSLATIONAL_ELONGATION	Details ...	71	-0.78948605	-1.7058158	0.038922157	1.0	1.0	590	tags=14%, list=4%, signal=15%	
GOBP_ENDODERM_FORMATION	GOBP_ENDODERM_FORMATION		47	-0.8100171	-1.7029784	0.059322033	1.0	1.0	573	tags=32%, list=4%, signal=33%	
PENA_2019_STRESSVSCTRL_NACC	PENA_2019_STRESSVSCTRL_NACC		20	-0.86083657	-1.700089	0.035519127	1.0	1.0	821	tags=20%, list=5%, signal=21%	
GOBP_CARTILAGE_CONDENSATION	GOBP_CARTILAGE_CONDENSATION		16	-0.9137185	-1.6994442	0.04761905	1.0	1.0	157	tags=19%, list=1%, signal=19%	
DESCARTES_MAIN_FETAL_INHIBITORY_INTERNEURONS	DESCARTES_MAIN_FETAL_INHIBITORY_INTERNEURONS		19	-0.8740693	-1.6976186	0.029972753	1.0	1.0	408	tags=11%, list=3%, signal=11%	
DURANTE_ADULT_OLFACTORY_NEUROEPITHELIUM_FIBROBLASTS_STROMAL_CELLS	DURANTE_ADULT_OLFACTORY_NEUROEPITHELIUM_FIBROBLASTS_STROMAL_CELLS		77	-0.7767217	-1.6966053	0.055555556	1.0	1.0	522	tags=39%, list=3%, signal=40%	
GOBP_TYPE_B_PANCREATIC_CELL_PROLIFERATION	GOBP_TYPE_B_PANCREATIC_CELL_PROLIFERATION		18	-0.8516721	-1.6831106	0.04155844	1.0	1.0	219	tags=22%, list=1%, signal=23%	
DESCARTES_MAIN_FETAL_OLIGODENDROCYTES	DESCARTES_MAIN_FETAL_OLIGODENDROCYTES		65	-0.7934974	-1.6824338	0.057142857	1.0	1.0	952	tags=29%, list=6%, signal=31%	
GOBP_TRABECULA_FORMATION	GOBP_TRABECULA_FORMATION		24	-0.8560863	-1.6808171	0.036414567	1.0	1.0	271	tags=17%, list=2%, signal=17%	
GOBP_ECTODERM_DEVELOPMENT	GOBP_ECTODERM_DEVELOPMENT		20	-0.85219574	-1.6703904	0.03038674	1.0	1.0	576	tags=20%, list=4%, signal=21%	
GOBP_REGULATION_OF_EXIT_FROM_MITOSIS	GOBP_REGULATION_OF_EXIT_FROM_MITOSIS		15	-0.87939996	-1.6694207	0.038348082	1.0	1.0	1052	tags=33%, list=6%, signal=36%	
GOBP_ENDODERMAL_CELL_DIFFERENTIATION	GOBP_ENDODERMAL_CELL_DIFFERENTIATION		41	-0.8165538	-1.6612622	0.053097345	1.0	1.0	573	tags=37%, list=4%, signal=38%	
GOBP_RIBOSOMAL_LARGE_SUBUNIT_ASSEMBLY	GOBP_RIBOSOMAL_LARGE_SUBUNIT_ASSEMBLY		28	-0.8173839	-1.6568391	0.0433526	1.0	1.0	114	tags=11%, list=1%, signal=11%	
GOBP_EXTRACELLULAR_MATRIX_ASSEMBLY	GOBP_EXTRACELLULAR_MATRIX_ASSEMBLY		41	-0.7856971	-1.6495092	0.057803467	1.0	1.0	1163	tags=39%, list=7%, signal=42%	
DESCARTES_FETAL_CEREBRUM_OLIGODENDROCYTES	DESCARTES_FETAL_CEREBRUM_OLIGODENDROCYTES		39	-0.8175	-1.6480402	0.05792683	1.0	1.0	945	tags=33%, list=6%, signal=35%	
DESCARTES_FETAL_CEREBELLUM_INHIBITORY_INTERNEURONS	DESCARTES_FETAL_CEREBELLUM_INHIBITORY_INTERNEURONS		19	-0.8740693	-1.642264	0.048433047	1.0	1.0	408	tags=11%, list=3%, signal=11%	
GOBP_RIBOSOMAL_LARGE_SUBUNIT_BIOGENESIS	GOBP_RIBOSOMAL_LARGE_SUBUNIT_BIOGENESIS		76	-0.7893499	-1.6342111	0.074193545	1.0	1.0	178	tags=9%, list=1%, signal=9%	
GOBP_ACTIN_MYOSIN_FILAMENT_SLIDING	GOBP_ACTIN_MYOSIN_FILAMENT_SLIDING		16	-0.870173	-1.6310383	0.045698926	1.0	1.0	291	tags=13%, list=2%, signal=13%	
"GEMMA_GSE139684_TRANSCRIPTIONAL_PROFILING_OF_ASTROCYTES_IN_THE_PREFRONTAL_CORTEX,_HIPPOCAMPUS,_ACCUMBENS_NUCLEUS_AND_CAUDATE_PUTAMEN_OF_A_ALDH1L1-TRAP_(JD130)_MOUSE_LINE_AFTER_CHRONIC_SOCIAL_DEFEAT_STRESS_TREATMENT_STRESS_DOWN"	"GEMMA_GSE139684_TRANSCRIPTIONAL_PROFILING_OF_ASTROCYTES_IN_THE_PREFRONTAL_CORTEX,_HIPPOCAMPUS,_ACCUMBENS_NUCLEUS_AND_CAUDATE_PUTAMEN_OF_A_ALDH1L1-TRAP_(JD130)_MOUSE_LINE_AFTER_CHRONIC_SOCIAL_DEFEAT_STRESS_TREATMENT_STRESS_DOWN"		31	-0.797712	-1.6295027	0.06944445	1.0	1.0	1203	tags=39%, list=7%, signal=42%	
GOBP_MATURATION_OF_SSU_RRNA_FROM_TRICISTRONIC_RRNA_TRANSCRIPT_SSU_RRNA_5_8S_RRNA_LSU_RRNA	GOBP_MATURATION_OF_SSU_RRNA_FROM_TRICISTRONIC_RRNA_TRANSCRIPT_SSU_RRNA_5_8S_RRNA_LSU_RRNA		35	-0.8024243	-1.6271046	0.06508876	1.0	1.0	275	tags=11%, list=2%, signal=12%	
GOBP_SYNCYTIUM_FORMATION	GOBP_SYNCYTIUM_FORMATION		94	-0.7816481	-1.6267203	0.08741259	1.0	1.0	488	tags=38%, list=3%, signal=39%	
HARRIS_BRAIN_CANCER_PROGENITORS	HARRIS_BRAIN_CANCER_PROGENITORS		39	-0.7870464	-1.6202598	0.077922076	1.0	1.0	524	tags=18%, list=3%, signal=19%	
GOBP_CELLULAR_RESPONSE_TO_VITAMIN	GOBP_CELLULAR_RESPONSE_TO_VITAMIN		26	-0.81548655	-1.6172584	0.037433155	1.0	1.0	277	tags=15%, list=2%, signal=16%	
GOBP_LAYER_FORMATION_IN_CEREBRAL_CORTEX	GOBP_LAYER_FORMATION_IN_CEREBRAL_CORTEX		16	-0.87465405	-1.6055194	0.046242774	1.0	1.0	208	tags=19%, list=1%, signal=19%	
ZHONG_PFC_C2_SOX5_BCL11B_POS_EXCITATORY_NEURON	ZHONG_PFC_C2_SOX5_BCL11B_POS_EXCITATORY_NEURON		25	-0.80776346	-1.5972517	0.056657225	1.0	1.0	739	tags=20%, list=5%, signal=21%	
GOBP_MYELIN_ASSEMBLY	GOBP_MYELIN_ASSEMBLY		21	-0.82117814	-1.5961236	0.04761905	1.0	1.0	581	tags=24%, list=4%, signal=25%	
KEGG_ECM_RECEPTOR_INTERACTION	KEGG_ECM_RECEPTOR_INTERACTION		78	-0.7654657	-1.5822471	0.09210526	1.0	1.0	360	tags=27%, list=2%, signal=27%	
GOBP_PROTEOGLYCAN_CATABOLIC_PROCESS	GOBP_PROTEOGLYCAN_CATABOLIC_PROCESS		18	-0.8217631	-1.5818872	0.065155804	1.0	1.0	1157	tags=44%, list=7%, signal=48%	
BAGOT_2016_STRESSSUSCEPTIBLEVSCTRL_HC	BAGOT_2016_STRESSSUSCEPTIBLEVSCTRL_HC		25	-0.7761641	-1.5767615	0.04692082	1.0	1.0	336	tags=16%, list=2%, signal=16%	
GENWEAVER_STANKIEWICZ2015_GS246610_ACUTE VS 8 DAYS OF SOCIAL STRESS IN OUTBRED MICE HIPPOCAMPUS_PVAL001	GENWEAVER_STANKIEWICZ2015_GS246610_ACUTE VS 8 DAYS OF SOCIAL STRESS IN OUTBRED MICE HIPPOCAMPUS_PVAL001		46	-0.76297593	-1.576121	0.065155804	1.0	1.0	295	tags=15%, list=2%, signal=15%	
KEGG_MEDICUS_VARIANT_MUTATION_CAUSED_ABERRANT_SOD1_TO_26S_PROTEASOME_MEDIATED_PROTEIN_DEGRADATION	KEGG_MEDICUS_VARIANT_MUTATION_CAUSED_ABERRANT_SOD1_TO_26S_PROTEASOME_MEDIATED_PROTEIN_DEGRADATION		39	-0.73930436	-1.5611912	0.0625	1.0	1.0	1743	tags=51%, list=11%, signal=57%	
GOBP_LONG_CHAIN_FATTY_ACID_BIOSYNTHETIC_PROCESS	GOBP_LONG_CHAIN_FATTY_ACID_BIOSYNTHETIC_PROCESS		19	-0.81759477	-1.5559146	0.05897436	1.0	1.0	667	tags=26%, list=4%, signal=27%	
GOBP_INNER_EAR_MORPHOGENESIS	GOBP_INNER_EAR_MORPHOGENESIS		92	-0.71114725	-1.5508746	0.08411215	1.0	1.0	963	tags=13%, list=6%, signal=14%	
GEMMA_GSE29417_A_NEW_MOUSE_MODEL_FOR_MANIA_SHARES_GENETIC_CORRELATES_WITH_HUMAN_BIPOLAR_DISORDER_STRAIN_MSN_UP	GEMMA_GSE29417_A_NEW_MOUSE_MODEL_FOR_MANIA_SHARES_GENETIC_CORRELATES_WITH_HUMAN_BIPOLAR_DISORDER_STRAIN_MSN_UP		20	-0.8320842	-1.5500213	0.05382436	1.0	1.0	867	tags=25%, list=5%, signal=26%	
GOBP_NEGATIVE_REGULATION_OF_CHEMOKINE_PRODUCTION	GOBP_NEGATIVE_REGULATION_OF_CHEMOKINE_PRODUCTION		20	-0.7910731	-1.54486	0.06818182	1.0	1.0	667	tags=20%, list=4%, signal=21%	
GOBP_BASEMENT_MEMBRANE_ORGANIZATION	GOBP_BASEMENT_MEMBRANE_ORGANIZATION		38	-0.75240326	-1.5410408	0.08227848	1.0	1.0	778	tags=37%, list=5%, signal=39%	
KEGG_MEDICUS_VARIANT_MUTATION_INACTIVATED_UBQLN2_TO_26S_PROTEASOME_MEDIATED_PROTEIN_DEGRADATION	KEGG_MEDICUS_VARIANT_MUTATION_INACTIVATED_UBQLN2_TO_26S_PROTEASOME_MEDIATED_PROTEIN_DEGRADATION		38	-0.74384874	-1.539248	0.0670554	1.0	1.0	1743	tags=53%, list=11%, signal=59%	
KEGG_MEDICUS_REFERENCE_LPAR_GNB_G_RHO_SIGNALING_PATHWAY	KEGG_MEDICUS_REFERENCE_LPAR_GNB_G_RHO_SIGNALING_PATHWAY		20	-0.7994559	-1.5381631	0.07185629	1.0	1.0	1861	tags=40%, list=11%, signal=45%	
GEMMA_GSE84302_RNA_SEQUENCING_TO_IDENTIFY_COMMON_TARGETS_FOR_GSK3_TREATMENT_GSK3.INHIBITOR_L803.MTS_KNOCKDOWN_GSK3B.MOUSE.GLYCOGEN.SYNTHASE.KINASE.3.BETA_60.UG.5.UL.NOSTRIL_DOWN	GEMMA_GSE84302_RNA_SEQUENCING_TO_IDENTIFY_COMMON_TARGETS_FOR_GSK3_TREATMENT_GSK3.INHIBITOR_L803.MTS_KNOCKDOWN_GSK3B.MOUSE.GLYCOGEN.SYNTHASE.KINASE.3.BETA_60.UG.5.UL.NOSTRIL_DOWN		54	-0.73281467	-1.5357913	0.086053416	1.0	1.0	464	tags=9%, list=3%, signal=9%	
HALLMARK_EPITHELIAL_MESENCHYMAL_TRANSITION	HALLMARK_EPITHELIAL_MESENCHYMAL_TRANSITION		194	-0.7302257	-1.5329381	0.13377926	1.0	1.0	647	tags=32%, list=4%, signal=33%	
HU_FETAL_RETINA_HORIZONTAL	HU_FETAL_RETINA_HORIZONTAL		31	-0.75517416	-1.5301085	0.08215298	1.0	1.0	756	tags=26%, list=5%, signal=27%	
GOBP_RIBOSOME_ASSEMBLY	GOBP_RIBOSOME_ASSEMBLY		66	-0.7082868	-1.526899	0.084375	1.0	1.0	275	tags=14%, list=2%, signal=14%	
KEGG_MEDICUS_REFERENCE_26S_PROTEASOME_MEDIATED_PROTEIN_DEGRADATION	KEGG_MEDICUS_REFERENCE_26S_PROTEASOME_MEDIATED_PROTEIN_DEGRADATION		37	-0.7484309	-1.5206963	0.098802395	1.0	1.0	1743	tags=54%, list=11%, signal=60%	
GOBP_TONGUE_DEVELOPMENT	GOBP_TONGUE_DEVELOPMENT		15	-0.8201444	-1.5133678	0.08311688	1.0	1.0	1006	tags=20%, list=6%, signal=21%	
GEMMA_GSE88736_TRANSCRIPTOMICS_OF_ENVIRONMENTAL_ENRICHMENT_AND_COCAINE_USING_QUANTITATIVE_NEXT_GENERATION_SEQUENCING_ENVIRONMENTAL_HISTORY_ENVIRONMENTAL.ENRICHMENT_UP	GEMMA_GSE88736_TRANSCRIPTOMICS_OF_ENVIRONMENTAL_ENRICHMENT_AND_COCAINE_USING_QUANTITATIVE_NEXT_GENERATION_SEQUENCING_ENVIRONMENTAL_HISTORY_ENVIRONMENTAL.ENRICHMENT_UP		60	-0.71141887	-1.509306	0.084375	1.0	1.0	2232	tags=53%, list=14%, signal=62%	
LEIN_CHOROID_PLEXUS_MARKERS	LEIN_CHOROID_PLEXUS_MARKERS		92	-0.70808566	-1.5051768	0.11564626	1.0	1.0	614	tags=16%, list=4%, signal=17%	
GOBP_ENDODERM_DEVELOPMENT	GOBP_ENDODERM_DEVELOPMENT		67	-0.71202594	-1.5028853	0.08794788	1.0	1.0	573	tags=25%, list=4%, signal=26%	
GEMMA_GSE84302_RNA_SEQUENCING_TO_IDENTIFY_COMMON_TARGETS_FOR_GSK3_TREATMENT_10.UG.5.UL.NOSTRIL_SIRNA_KNOCKDOWN_GSK3B.MOUSE.GLYCOGEN.SYNTHASE.KINASE.3.BETA_DOWN	GEMMA_GSE84302_RNA_SEQUENCING_TO_IDENTIFY_COMMON_TARGETS_FOR_GSK3_TREATMENT_10.UG.5.UL.NOSTRIL_SIRNA_KNOCKDOWN_GSK3B.MOUSE.GLYCOGEN.SYNTHASE.KINASE.3.BETA_DOWN		49	-0.7122003	-1.5022814	0.09550562	1.0	1.0	728	tags=10%, list=4%, signal=11%	
GOBP_REGULATION_OF_PEPTIDASE_ACTIVITY	GOBP_REGULATION_OF_PEPTIDASE_ACTIVITY		16	-0.80980235	-1.5019523	0.09580839	1.0	1.0	714	tags=38%, list=4%, signal=39%	
GOBP_TOOTH_MINERALIZATION	GOBP_TOOTH_MINERALIZATION		27	-0.7485257	-1.5013013	0.07692308	1.0	1.0	234	tags=7%, list=1%, signal=8%	
GOBP_MYOTUBE_DIFFERENTIATION	GOBP_MYOTUBE_DIFFERENTIATION		155	-0.687286	-1.4914601	0.10819672	1.0	1.0	680	tags=27%, list=4%, signal=28%	
HALLMARK_REACTIVE_OXYGEN_SPECIES_PATHWAY	HALLMARK_REACTIVE_OXYGEN_SPECIES_PATHWAY		48	-0.7271155	-1.4913714	0.094915256	1.0	1.0	495	tags=15%, list=3%, signal=15%	
KEGG_MEDICUS_REFERENCE_ASSEMBLY_AND_TRAFFICKING_OF_TELOMERASE	KEGG_MEDICUS_REFERENCE_ASSEMBLY_AND_TRAFFICKING_OF_TELOMERASE		18	-0.7802395	-1.4902998	0.07865169	1.0	1.0	2157	tags=50%, list=13%, signal=58%	
HAY_BONE_MARROW_CD34_POS_HSC	HAY_BONE_MARROW_CD34_POS_HSC		79	-0.6902355	-1.4898953	0.078431375	1.0	1.0	894	tags=24%, list=5%, signal=25%	
GOBP_POSITIVE_REGULATION_OF_TELOMERE_MAINTENANCE_VIA_TELOMERE_LENGTHENING	GOBP_POSITIVE_REGULATION_OF_TELOMERE_MAINTENANCE_VIA_TELOMERE_LENGTHENING		26	-0.748365	-1.4889883	0.08285714	1.0	1.0	660	tags=27%, list=4%, signal=28%	
GOBP_TISSUE_REGENERATION	GOBP_TISSUE_REGENERATION		64	-0.70023966	-1.4857134	0.0955414	1.0	1.0	656	tags=17%, list=4%, signal=18%	
GEMMA_GSE59070_EFFECT_OF_ACUTE_AND_CHRONIC_SOCIAL_STRESS_ON_HIPPOCAMPAL_TRANSCRIPTOME_IN_MICE._TIMEPOINT_13.D.5.D.OF.REST_UP	GEMMA_GSE59070_EFFECT_OF_ACUTE_AND_CHRONIC_SOCIAL_STRESS_ON_HIPPOCAMPAL_TRANSCRIPTOME_IN_MICE._TIMEPOINT_13.D.5.D.OF.REST_UP		16	-0.75557613	-1.4836766	0.08963586	1.0	1.0	8	tags=6%, list=0%, signal=6%	
GOBP_MATURATION_OF_LSU_RRNA	GOBP_MATURATION_OF_LSU_RRNA		30	-0.71860754	-1.4835361	0.078313254	1.0	1.0	655	tags=10%, list=4%, signal=10%	
GOBP_MONOCYTE_CHEMOTACTIC_PROTEIN_1_PRODUCTION	GOBP_MONOCYTE_CHEMOTACTIC_PROTEIN_1_PRODUCTION		17	-0.79277587	-1.482446	0.06878307	1.0	1.0	1469	tags=35%, list=9%, signal=39%	
GOBP_TELOMERASE_RNA_LOCALIZATION	GOBP_TELOMERASE_RNA_LOCALIZATION		18	-0.77140015	-1.482159	0.09162304	1.0	1.0	2157	tags=56%, list=13%, signal=64%	
GOBP_REGULATION_OF_LIPOPROTEIN_METABOLIC_PROCESS	GOBP_REGULATION_OF_LIPOPROTEIN_METABOLIC_PROCESS		16	-0.78841734	-1.4816167	0.07446808	1.0	1.0	331	tags=13%, list=2%, signal=13%	
GOBP_NEGATIVE_REGULATION_OF_OXIDATIVE_STRESS_INDUCED_INTRINSIC_APOPTOTIC_SIGNALING_PATHWAY	GOBP_NEGATIVE_REGULATION_OF_OXIDATIVE_STRESS_INDUCED_INTRINSIC_APOPTOTIC_SIGNALING_PATHWAY		27	-0.738619	-1.4812126	0.089918256	1.0	1.0	733	tags=33%, list=5%, signal=35%	
GOBP_ENDOCHONDRAL_BONE_MORPHOGENESIS	GOBP_ENDOCHONDRAL_BONE_MORPHOGENESIS		59	-0.6992462	-1.4776763	0.08681672	1.0	1.0	680	tags=10%, list=4%, signal=11%	
"GEMMA_GSE8641_RNF41_IS_ASSOCIATED_WITH_ANXIETY_LIKE_BEHAVIOR,_MAJOR_DEPRESSION_AND_BETA_CARBOLINE_INDUCED_SEIZURE_-_GPL340_STRAINORLINE_C57BL.6_UP"	"GEMMA_GSE8641_RNF41_IS_ASSOCIATED_WITH_ANXIETY_LIKE_BEHAVIOR,_MAJOR_DEPRESSION_AND_BETA_CARBOLINE_INDUCED_SEIZURE_-_GPL340_STRAINORLINE_C57BL.6_UP"		34	-0.71257377	-1.4773614	0.08405797	1.0	1.0	466	tags=18%, list=3%, signal=18%	
PARK_2011_COEXPRESSION_HIPPOCAMPUS_MOUSE_SIENNA3	PARK_2011_COEXPRESSION_HIPPOCAMPUS_MOUSE_SIENNA3		28	-0.7416017	-1.4762048	0.08988764	1.0	1.0	1770	tags=29%, list=11%, signal=32%	
KEGG_GLYCOSAMINOGLYCAN_DEGRADATION	KEGG_GLYCOSAMINOGLYCAN_DEGRADATION		17	-0.786982	-1.470637	0.08083832	1.0	1.0	1120	tags=35%, list=7%, signal=38%	
"GEMMA_GSE8641_RNF41_IS_ASSOCIATED_WITH_ANXIETY_LIKE_BEHAVIOR,_MAJOR_DEPRESSION_AND_BETA_CARBOLINE_INDUCED_SEIZURE_-_GPL339_STRAINORLINE_C57BL.6_UP"	"GEMMA_GSE8641_RNF41_IS_ASSOCIATED_WITH_ANXIETY_LIKE_BEHAVIOR,_MAJOR_DEPRESSION_AND_BETA_CARBOLINE_INDUCED_SEIZURE_-_GPL339_STRAINORLINE_C57BL.6_UP"		34	-0.71257377	-1.4696553	0.08450704	1.0	1.0	466	tags=18%, list=3%, signal=18%	
KEGG_GLYCOSPHINGOLIPID_BIOSYNTHESIS_GANGLIO_SERIES	KEGG_GLYCOSPHINGOLIPID_BIOSYNTHESIS_GANGLIO_SERIES		15	-0.7837714	-1.4695724	0.070680626	1.0	1.0	1120	tags=27%, list=7%, signal=29%	
GEMMA_GSE59070_EFFECT_OF_ACUTE_AND_CHRONIC_SOCIAL_STRESS_ON_HIPPOCAMPAL_TRANSCRIPTOME_IN_MICE._TIMEPOINT_13.D_UP	GEMMA_GSE59070_EFFECT_OF_ACUTE_AND_CHRONIC_SOCIAL_STRESS_ON_HIPPOCAMPAL_TRANSCRIPTOME_IN_MICE._TIMEPOINT_13.D_UP		18	-0.758051	-1.4692717	0.096317284	1.0	1.0	8	tags=6%, list=0%, signal=6%	
KEGG_OTHER_GLYCAN_DEGRADATION	KEGG_OTHER_GLYCAN_DEGRADATION		16	-0.76211023	-1.4669017	0.09116809	1.0	1.0	1120	tags=38%, list=7%, signal=40%	
GOBP_MIDBRAIN_DOPAMINERGIC_NEURON_DIFFERENTIATION	GOBP_MIDBRAIN_DOPAMINERGIC_NEURON_DIFFERENTIATION		15	-0.7674646	-1.4643048	0.08446866	1.0	1.0	1214	tags=20%, list=7%, signal=22%	
PARK_2011_COEXPRESSION_HIPPOCAMPUS_MOUSE_GREY	PARK_2011_COEXPRESSION_HIPPOCAMPUS_MOUSE_GREY		15	-0.7629498	-1.4638057	0.1056701	1.0	1.0	1235	tags=27%, list=8%, signal=29%	
GEMMA_GSE113796_MRNA-SEQ_OF_MOUSE_METTL3_CKO_AND_FTO_CKO_HIPPOCAMPUS_AFTER_FEAR_CONDITIONING_GENOTYPE_HOMOZYGOUS.NEGATIVE_FTO.MOUSE.FAT.MASS.AND.OBESITY.ASSOCIATED_DOWN	GEMMA_GSE113796_MRNA-SEQ_OF_MOUSE_METTL3_CKO_AND_FTO_CKO_HIPPOCAMPUS_AFTER_FEAR_CONDITIONING_GENOTYPE_HOMOZYGOUS.NEGATIVE_FTO.MOUSE.FAT.MASS.AND.OBESITY.ASSOCIATED_DOWN		24	-0.731539	-1.4615719	0.08196721	1.0	1.0	311	tags=8%, list=2%, signal=8%	
GOBP_ORGAN_INDUCTION	GOBP_ORGAN_INDUCTION		16	-0.7900317	-1.4612234	0.09243698	1.0	1.0	1333	tags=25%, list=8%, signal=27%	
GOBP_POSITIVE_REGULATION_OF_DNA_BIOSYNTHETIC_PROCESS	GOBP_POSITIVE_REGULATION_OF_DNA_BIOSYNTHETIC_PROCESS		44	-0.69092536	-1.4608529	0.09538461	1.0	1.0	766	tags=20%, list=5%, signal=21%	
DROPVIZ_STR_FIBROBLASTLIKE_DCN_CLUSTER-MARKERS.CSV	DROPVIZ_STR_FIBROBLASTLIKE_DCN_CLUSTER-MARKERS.CSV		150	-0.67666423	-1.4593134	0.115384616	1.0	1.0	726	tags=25%, list=4%, signal=26%	
GOBP_MOLTING_CYCLE_PROCESS	GOBP_MOLTING_CYCLE_PROCESS		83	-0.6724691	-1.453931	0.091772154	1.0	1.0	212	tags=6%, list=1%, signal=6%	
GOBP_NEGATIVE_REGULATION_OF_FIBROBLAST_GROWTH_FACTOR_RECEPTOR_SIGNALING_PATHWAY	GOBP_NEGATIVE_REGULATION_OF_FIBROBLAST_GROWTH_FACTOR_RECEPTOR_SIGNALING_PATHWAY		18	-0.7613501	-1.453613	0.09392265	1.0	1.0	1333	tags=28%, list=8%, signal=30%	
GOBP_INSULIN_LIKE_GROWTH_FACTOR_RECEPTOR_SIGNALING_PATHWAY	GOBP_INSULIN_LIKE_GROWTH_FACTOR_RECEPTOR_SIGNALING_PATHWAY		47	-0.6904534	-1.4533501	0.10404624	1.0	1.0	661	tags=17%, list=4%, signal=18%	
GOBP_MATURATION_OF_LSU_RRNA_FROM_TRICISTRONIC_RRNA_TRANSCRIPT_SSU_RRNA_5_8S_RRNA_LSU_RRNA	GOBP_MATURATION_OF_LSU_RRNA_FROM_TRICISTRONIC_RRNA_TRANSCRIPT_SSU_RRNA_5_8S_RRNA_LSU_RRNA		22	-0.723326	-1.4523125	0.10220995	1.0	1.0	30	tags=5%, list=0%, signal=5%	
GOBP_ODONTOGENESIS	GOBP_ODONTOGENESIS		103	-0.67547673	-1.450623	0.11072665	1.0	1.0	1052	tags=17%, list=6%, signal=19%	
GOBP_EMBRYONIC_BRAIN_DEVELOPMENT	GOBP_EMBRYONIC_BRAIN_DEVELOPMENT		20	-0.73238486	-1.4486029	0.097222224	1.0	1.0	365	tags=15%, list=2%, signal=15%	
GOBP_TRABECULA_MORPHOGENESIS	GOBP_TRABECULA_MORPHOGENESIS		46	-0.6894995	-1.4472303	0.093023255	1.0	1.0	271	tags=15%, list=2%, signal=15%	
DROPVIZ_STR_POLYDENDROCYTES_TNR_CLUSTER-MARKERS.CSV	DROPVIZ_STR_POLYDENDROCYTES_TNR_CLUSTER-MARKERS.CSV		82	-0.68199664	-1.4459425	0.09463722	1.0	1.0	1084	tags=39%, list=7%, signal=42%	
GOBP_POSITIVE_REGULATION_OF_EPITHELIAL_TO_MESENCHYMAL_TRANSITION	GOBP_POSITIVE_REGULATION_OF_EPITHELIAL_TO_MESENCHYMAL_TRANSITION		53	-0.6703935	-1.4452134	0.09411765	1.0	1.0	1052	tags=28%, list=6%, signal=30%	
GENEWEAVER_GS217528_DIVERSITY OUTBRED HIPPOCAMPUS GENE EXPRESSION CORRELATION WITH DISTANCE TRAVELED IN THE OPEN FIELD TOTAL DISTANCE TRAVELED CM._BYQVALUE	GENEWEAVER_GS217528_DIVERSITY OUTBRED HIPPOCAMPUS GENE EXPRESSION CORRELATION WITH DISTANCE TRAVELED IN THE OPEN FIELD TOTAL DISTANCE TRAVELED CM._BYQVALUE		26	-0.721592	-1.442855	0.11173184	1.0	1.0	1712	tags=31%, list=11%, signal=34%	
GOBP_DERMATAN_SULFATE_PROTEOGLYCAN_METABOLIC_PROCESS	GOBP_DERMATAN_SULFATE_PROTEOGLYCAN_METABOLIC_PROCESS		16	-0.7614789	-1.4424428	0.11051213	1.0	1.0	1120	tags=25%, list=7%, signal=27%	
GOBP_DENTATE_GYRUS_DEVELOPMENT	GOBP_DENTATE_GYRUS_DEVELOPMENT		26	-0.71987414	-1.4413517	0.11111111	1.0	1.0	1300	tags=23%, list=8%, signal=25%	
GOBP_SMOOTH_MUSCLE_TISSUE_DEVELOPMENT	GOBP_SMOOTH_MUSCLE_TISSUE_DEVELOPMENT		25	-0.7096101	-1.4372708	0.11570248	1.0	1.0	191	tags=8%, list=1%, signal=8%	
GOBP_NEGATIVE_REGULATION_OF_PROTEIN_IMPORT_INTO_NUCLEUS	GOBP_NEGATIVE_REGULATION_OF_PROTEIN_IMPORT_INTO_NUCLEUS		17	-0.75060177	-1.4305873	0.0997151	1.0	1.0	1264	tags=29%, list=8%, signal=32%	
GOBP_REGULATION_OF_ANIMAL_ORGAN_FORMATION	GOBP_REGULATION_OF_ANIMAL_ORGAN_FORMATION		21	-0.73715115	-1.4301777	0.11290322	1.0	1.0	1333	tags=24%, list=8%, signal=26%	
PARK_2011_COEXPRESSION_HIPPOCAMPUS_MOUSE_PALETURQUOISE	PARK_2011_COEXPRESSION_HIPPOCAMPUS_MOUSE_PALETURQUOISE		45	-0.67959243	-1.4298719	0.109144546	1.0	1.0	348	tags=16%, list=2%, signal=16%	
PARK_2011_COEXPRESSION_HIPPOCAMPUS_MOUSE_ROYALBLUE	PARK_2011_COEXPRESSION_HIPPOCAMPUS_MOUSE_ROYALBLUE		97	-0.6698499	-1.4298673	0.11333334	1.0	1.0	1434	tags=32%, list=9%, signal=35%	
KEGG_MEDICUS_REFERENCE_ANTEROGRADE_AXONAL_TRANSPORT	KEGG_MEDICUS_REFERENCE_ANTEROGRADE_AXONAL_TRANSPORT		19	-0.739793	-1.4291017	0.11956522	1.0	1.0	687	tags=42%, list=4%, signal=44%	
GEMMA_GSE59070_EFFECT_OF_ACUTE_AND_CHRONIC_SOCIAL_STRESS_ON_HIPPOCAMPAL_TRANSCRIPTOME_IN_MICE._TIMEPOINT_8.D_UP	GEMMA_GSE59070_EFFECT_OF_ACUTE_AND_CHRONIC_SOCIAL_STRESS_ON_HIPPOCAMPAL_TRANSCRIPTOME_IN_MICE._TIMEPOINT_8.D_UP		20	-0.7485852	-1.4278477	0.101876676	1.0	1.0	8	tags=5%, list=0%, signal=5%	
GOBP_REPLACEMENT_OSSIFICATION	GOBP_REPLACEMENT_OSSIFICATION		31	-0.71432036	-1.4271686	0.10693642	1.0	1.0	991	tags=19%, list=6%, signal=21%	
GOBP_NEPHRON_TUBULE_FORMATION	GOBP_NEPHRON_TUBULE_FORMATION		17	-0.7368479	-1.4247558	0.08728179	1.0	1.0	783	tags=18%, list=5%, signal=19%	
KEGG_MEDICUS_REFERENCE_FANCONI_ANEMIA_PATHWAY	KEGG_MEDICUS_REFERENCE_FANCONI_ANEMIA_PATHWAY		17	-0.76298696	-1.4242496	0.11494253	1.0	1.0	161	tags=6%, list=1%, signal=6%	
KEGG_MEDICUS_VARIANT_MUTATION_CAUSED_ABERRANT_SNCA_TO_ANTEROGRADE_AXONAL_TRANSPORT	KEGG_MEDICUS_VARIANT_MUTATION_CAUSED_ABERRANT_SNCA_TO_ANTEROGRADE_AXONAL_TRANSPORT		20	-0.73933256	-1.4234582	0.09912536	1.0	1.0	687	tags=40%, list=4%, signal=42%	
GOBP_RIBOSOME_BIOGENESIS	GOBP_RIBOSOME_BIOGENESIS		318	-0.72685516	-1.4214897	0.22826087	1.0	1.0	414	tags=10%, list=3%, signal=10%	
OLIGODENDROCYTE_MATURE_DOYLE_CELL_2008	OLIGODENDROCYTE_MATURE_DOYLE_CELL_2008		17	-0.75018936	-1.4209871	0.09893048	1.0	1.0	219	tags=18%, list=1%, signal=18%	
KEGG_MEDICUS_REFERENCE_ARL8_REGULATED_MICROTUBULE_PLUS_END_DIRECTED_TRANSPORT	KEGG_MEDICUS_REFERENCE_ARL8_REGULATED_MICROTUBULE_PLUS_END_DIRECTED_TRANSPORT		29	-0.729709	-1.4208626	0.12857144	1.0	1.0	687	tags=31%, list=4%, signal=32%	
KEGG_MEDICUS_REFERENCE_CXCR_GNB_G_ERK_SIGNALING_PATHWAY	KEGG_MEDICUS_REFERENCE_CXCR_GNB_G_ERK_SIGNALING_PATHWAY		22	-0.7207351	-1.4196475	0.10465116	1.0	1.0	1861	tags=50%, list=11%, signal=56%	
KEGG_MEDICUS_REFERENCE_GPCR_PI3K_SIGNALING_PATHWAY	KEGG_MEDICUS_REFERENCE_GPCR_PI3K_SIGNALING_PATHWAY		29	-0.69168	-1.4194871	0.11581921	1.0	1.0	2340	tags=45%, list=14%, signal=52%	
GOBP_STARTLE_RESPONSE	GOBP_STARTLE_RESPONSE		26	-0.7099621	-1.4192092	0.096858636	1.0	1.0	147	tags=8%, list=1%, signal=8%	
GOBP_FORMATION_OF_PRIMARY_GERM_LAYER	GOBP_FORMATION_OF_PRIMARY_GERM_LAYER		104	-0.6522526	-1.4160045	0.12745099	1.0	1.0	576	tags=18%, list=4%, signal=19%	
GOBP_PROXIMAL_DISTAL_PATTERN_FORMATION	GOBP_PROXIMAL_DISTAL_PATTERN_FORMATION		23	-0.6981653	-1.4113247	0.09620991	1.0	1.0	127	tags=9%, list=1%, signal=9%	
GOBP_RENAL_TUBULE_DEVELOPMENT	GOBP_RENAL_TUBULE_DEVELOPMENT		86	-0.63974524	-1.4104527	0.11072665	1.0	1.0	1244	tags=19%, list=8%, signal=20%	
GOBP_RESPONSE_TO_EPIDERMAL_GROWTH_FACTOR	GOBP_RESPONSE_TO_EPIDERMAL_GROWTH_FACTOR		50	-0.6746526	-1.4092224	0.11111111	1.0	1.0	132	tags=8%, list=1%, signal=8%	
GOBP_POSITIVE_REGULATION_OF_SMOOTH_MUSCLE_CELL_MIGRATION	GOBP_POSITIVE_REGULATION_OF_SMOOTH_MUSCLE_CELL_MIGRATION		32	-0.7014837	-1.4053835	0.100890204	1.0	1.0	345	tags=9%, list=2%, signal=10%	
GOBP_RESPONSE_TO_PROSTAGLANDIN_E	GOBP_RESPONSE_TO_PROSTAGLANDIN_E		27	-0.6925241	-1.4052656	0.10584958	1.0	1.0	437	tags=15%, list=3%, signal=15%	
GOBP_RESPONSE_TO_PROSTAGLANDIN	GOBP_RESPONSE_TO_PROSTAGLANDIN		35	-0.6677358	-1.4048383	0.096875	1.0	1.0	437	tags=11%, list=3%, signal=12%	
GOBP_RESPONSE_TO_ACID_CHEMICAL	GOBP_RESPONSE_TO_ACID_CHEMICAL		123	-0.6143624	-1.4044148	0.10461538	1.0	1.0	244	tags=11%, list=2%, signal=11%	
GOBP_POSITIVE_REGULATION_OF_SIGNAL_TRANSDUCTION_BY_P53_CLASS_MEDIATOR	GOBP_POSITIVE_REGULATION_OF_SIGNAL_TRANSDUCTION_BY_P53_CLASS_MEDIATOR		32	-0.69073534	-1.4030842	0.12537314	1.0	1.0	281	tags=22%, list=2%, signal=22%	
GOBP_REGULATION_OF_OXIDATIVE_STRESS_INDUCED_INTRINSIC_APOPTOTIC_SIGNALING_PATHWAY	GOBP_REGULATION_OF_OXIDATIVE_STRESS_INDUCED_INTRINSIC_APOPTOTIC_SIGNALING_PATHWAY		39	-0.66171366	-1.4028991	0.119760476	1.0	1.0	733	tags=28%, list=5%, signal=29%	
GOBP_EXIT_FROM_MITOSIS	GOBP_EXIT_FROM_MITOSIS		28	-0.70884115	-1.4024663	0.12433863	1.0	1.0	1293	tags=29%, list=8%, signal=31%	
GOBP_REGULATION_OF_BONE_MINERALIZATION	GOBP_REGULATION_OF_BONE_MINERALIZATION		72	-0.6509218	-1.3988935	0.12573099	1.0	1.0	763	tags=10%, list=5%, signal=10%	
GOBP_SKELETAL_MUSCLE_ADAPTATION	GOBP_SKELETAL_MUSCLE_ADAPTATION		16	-0.73749995	-1.3986502	0.12564103	1.0	1.0	14	tags=6%, list=0%, signal=6%	
GOBP_RRNA_PROCESSING	GOBP_RRNA_PROCESSING		225	-0.6990541	-1.3984184	0.2166065	1.0	1.0	275	tags=8%, list=2%, signal=8%	
KEGG_MEDICUS_REFERENCE_BRANCHING_MICROTUBULE_NUCLEATION	KEGG_MEDICUS_REFERENCE_BRANCHING_MICROTUBULE_NUCLEATION		26	-0.6954001	-1.3965696	0.11550152	1.0	1.0	514	tags=15%, list=3%, signal=16%	
GOBP_RESPONSE_TO_L_GLUTAMATE	GOBP_RESPONSE_TO_L_GLUTAMATE		17	-0.7502435	-1.3947644	0.13541667	1.0	1.0	202	tags=12%, list=1%, signal=12%	
JOHNSON_2016_COEXPRESSION_HIPPOCAMPUS_HUMAN_M6	JOHNSON_2016_COEXPRESSION_HIPPOCAMPUS_HUMAN_M6		21	-0.7296846	-1.3946102	0.12777779	1.0	1.0	1978	tags=48%, list=12%, signal=54%	
KEGG_MEDICUS_REFERENCE_KINETOCHORE_FIBER_ORGANIZATION	KEGG_MEDICUS_REFERENCE_KINETOCHORE_FIBER_ORGANIZATION		18	-0.7368223	-1.3941978	0.13440861	1.0	1.0	627	tags=39%, list=4%, signal=40%	
GOBP_KERATAN_SULFATE_PROTEOGLYCAN_METABOLIC_PROCESS	GOBP_KERATAN_SULFATE_PROTEOGLYCAN_METABOLIC_PROCESS		15	-0.7420062	-1.3918252	0.12566845	1.0	1.0	3311	tags=60%, list=20%, signal=75%	
KEGG_MEDICUS_REFERENCE_ITGA_B_FAK_CDC42_SIGNALING_PATHWAY	KEGG_MEDICUS_REFERENCE_ITGA_B_FAK_CDC42_SIGNALING_PATHWAY		26	-0.69552565	-1.3899963	0.110192835	1.0	1.0	1374	tags=42%, list=8%, signal=46%	
KEGG_SMALL_CELL_LUNG_CANCER	KEGG_SMALL_CELL_LUNG_CANCER		82	-0.65593535	-1.3890098	0.13898306	1.0	1.0	521	tags=15%, list=3%, signal=15%	
GOBP_CELLULAR_RESPONSE_TO_ACID_CHEMICAL	GOBP_CELLULAR_RESPONSE_TO_ACID_CHEMICAL		87	-0.6387037	-1.387558	0.12987013	1.0	1.0	244	tags=11%, list=2%, signal=12%	
GOBP_CARTILAGE_DEVELOPMENT_INVOLVED_IN_ENDOCHONDRAL_BONE_MORPHOGENESIS	GOBP_CARTILAGE_DEVELOPMENT_INVOLVED_IN_ENDOCHONDRAL_BONE_MORPHOGENESIS		33	-0.68722826	-1.3871617	0.14117648	1.0	1.0	490	tags=9%, list=3%, signal=9%	
GOBP_BRANCHING_INVOLVED_IN_BLOOD_VESSEL_MORPHOGENESIS	GOBP_BRANCHING_INVOLVED_IN_BLOOD_VESSEL_MORPHOGENESIS		32	-0.6720116	-1.3871483	0.12979351	1.0	1.0	497	tags=13%, list=3%, signal=13%	
GOBP_BONE_MINERALIZATION	GOBP_BONE_MINERALIZATION		114	-0.6324043	-1.3868616	0.10963455	1.0	1.0	763	tags=10%, list=5%, signal=10%	
KEGG_MEDICUS_PATHOGEN_SALMONELLA_SIFA_TO_MICROTUBULE_PLUS_END_DIRECTED_TRANSPORT	KEGG_MEDICUS_PATHOGEN_SALMONELLA_SIFA_TO_MICROTUBULE_PLUS_END_DIRECTED_TRANSPORT		20	-0.73030543	-1.3867112	0.105820104	1.0	1.0	687	tags=40%, list=4%, signal=42%	
CAFFAREL_RESPONSE_TO_THC_24HR_5_DN	CAFFAREL_RESPONSE_TO_THC_24HR_5_DN		44	-0.6548579	-1.3819947	0.120588236	1.0	1.0	602	tags=16%, list=4%, signal=16%	
GEMMA_GSE95740_ENVIRONMENTAL_ENRICHMENT_INCREASES_TRANSCRIPTIONAL_AND_EPIGENETIC_DIFFERENTIATION_BETWEEN_MOUSE_DORSAL_AND_VENTRAL_DENTATE_GYRUS_NEURONS_TREATMENT_ENRICHED.ENVIRONMENT_DOWN	GEMMA_GSE95740_ENVIRONMENTAL_ENRICHMENT_INCREASES_TRANSCRIPTIONAL_AND_EPIGENETIC_DIFFERENTIATION_BETWEEN_MOUSE_DORSAL_AND_VENTRAL_DENTATE_GYRUS_NEURONS_TREATMENT_ENRICHED.ENVIRONMENT_DOWN		48	-0.6697191	-1.3802621	0.12688822	1.0	1.0	155	tags=6%, list=1%, signal=6%	
GOBP_PROTEIN_INSERTION_INTO_MITOCHONDRIAL_INNER_MEMBRANE	GOBP_PROTEIN_INSERTION_INTO_MITOCHONDRIAL_INNER_MEMBRANE		16	-0.715491	-1.3784139	0.1475	1.0	1.0	3684	tags=56%, list=23%, signal=73%	
GOBP_EMBRYONIC_SKELETAL_SYSTEM_DEVELOPMENT	GOBP_EMBRYONIC_SKELETAL_SYSTEM_DEVELOPMENT		98	-0.6288049	-1.3776504	0.11708861	1.0	1.0	573	tags=8%, list=4%, signal=8%	
GOBP_REGULATION_OF_APPETITE	GOBP_REGULATION_OF_APPETITE		20	-0.7070716	-1.3774457	0.12154696	1.0	1.0	1519	tags=15%, list=9%, signal=17%	
GEMMA_GSE31063_EXTINCTION_LEARNING_TIMEPOINT_EXTINCTION.TRIAL.LOW.FREEZING.BEHAVIOR_DOWN	GEMMA_GSE31063_EXTINCTION_LEARNING_TIMEPOINT_EXTINCTION.TRIAL.LOW.FREEZING.BEHAVIOR_DOWN		22	-0.7207344	-1.3771157	0.15186246	1.0	1.0	893	tags=32%, list=5%, signal=34%	
GOBP_STRIATED_MUSCLE_CONTRACTION	GOBP_STRIATED_MUSCLE_CONTRACTION		217	-0.66992676	-1.3746127	0.18456376	1.0	1.0	396	tags=18%, list=2%, signal=18%	
GOBP_MUSCLE_ORGAN_MORPHOGENESIS	GOBP_MUSCLE_ORGAN_MORPHOGENESIS		65	-0.65496606	-1.3732933	0.11604095	1.0	1.0	291	tags=9%, list=2%, signal=9%	
GOBP_SKELETAL_MUSCLE_CONTRACTION	GOBP_SKELETAL_MUSCLE_CONTRACTION		46	-0.6679602	-1.3704121	0.14492753	1.0	1.0	948	tags=15%, list=6%, signal=16%	
GOBP_REGULATION_OF_SKELETAL_MUSCLE_CONTRACTION	GOBP_REGULATION_OF_SKELETAL_MUSCLE_CONTRACTION		17	-0.7212659	-1.3694086	0.14745308	1.0	1.0	948	tags=18%, list=6%, signal=19%	
GOBP_CHONDROITIN_SULFATE_PROTEOGLYCAN_METABOLIC_PROCESS	GOBP_CHONDROITIN_SULFATE_PROTEOGLYCAN_METABOLIC_PROCESS		36	-0.68077046	-1.3689374	0.122507125	1.0	1.0	1558	tags=25%, list=10%, signal=28%	
GOBP_SKELETAL_MUSCLE_ACETYLCHOLINE_GATED_CHANNEL_CLUSTERING	GOBP_SKELETAL_MUSCLE_ACETYLCHOLINE_GATED_CHANNEL_CLUSTERING		17	-0.728292	-1.3665731	0.12903225	1.0	1.0	941	tags=29%, list=6%, signal=31%	
GOBP_MALE_GENITALIA_DEVELOPMENT	GOBP_MALE_GENITALIA_DEVELOPMENT		15	-0.72801125	-1.3661662	0.11716621	1.0	1.0	62	tags=7%, list=0%, signal=7%	
GOBP_NEGATIVE_REGULATION_OF_MUSCLE_HYPERTROPHY	GOBP_NEGATIVE_REGULATION_OF_MUSCLE_HYPERTROPHY		31	-0.66846704	-1.364308	0.14204545	1.0	1.0	675	tags=16%, list=4%, signal=17%	
"GEMMA_GSE139684_TRANSCRIPTIONAL_PROFILING_OF_ASTROCYTES_IN_THE_PREFRONTAL_CORTEX,_HIPPOCAMPUS,_ACCUMBENS_NUCLEUS_AND_CAUDATE_PUTAMEN_OF_A_ALDH1L1-TRAP_(JD130)_MOUSE_LINE_AFTER_CHRONIC_SOCIAL_DEFEAT_STRESS_TREATMENT_NON.FRAGILE_DOWN"	"GEMMA_GSE139684_TRANSCRIPTIONAL_PROFILING_OF_ASTROCYTES_IN_THE_PREFRONTAL_CORTEX,_HIPPOCAMPUS,_ACCUMBENS_NUCLEUS_AND_CAUDATE_PUTAMEN_OF_A_ALDH1L1-TRAP_(JD130)_MOUSE_LINE_AFTER_CHRONIC_SOCIAL_DEFEAT_STRESS_TREATMENT_NON.FRAGILE_DOWN"		17	-0.7271895	-1.362707	0.1661891	1.0	1.0	1142	tags=35%, list=7%, signal=38%	
GOBP_NEGATIVE_REGULATION_OF_LYMPHOCYTE_MIGRATION	GOBP_NEGATIVE_REGULATION_OF_LYMPHOCYTE_MIGRATION		15	-0.7081933	-1.3618994	0.16	1.0	1.0	559	tags=27%, list=3%, signal=28%	
GOBP_NEUROMUSCULAR_JUNCTION_DEVELOPMENT	GOBP_NEUROMUSCULAR_JUNCTION_DEVELOPMENT		64	-0.6364402	-1.361654	0.13761468	1.0	1.0	955	tags=17%, list=6%, signal=18%	
KEGG_MEDICUS_REFERENCE_MICROTUBULE_DEPOLYMERIZATION	KEGG_MEDICUS_REFERENCE_MICROTUBULE_DEPOLYMERIZATION		18	-0.7069749	-1.3605723	0.14402173	1.0	1.0	514	tags=22%, list=3%, signal=23%	
GOBP_TELENCEPHALON_GLIAL_CELL_MIGRATION	GOBP_TELENCEPHALON_GLIAL_CELL_MIGRATION		27	-0.6869478	-1.3592993	0.121875	1.0	1.0	225	tags=15%, list=1%, signal=15%	
GOBP_OOGENESIS	GOBP_OOGENESIS		76	-0.62701535	-1.3592663	0.14532872	1.0	1.0	437	tags=7%, list=3%, signal=7%	
GOBP_CEREBRAL_CORTEX_RADIALLY_ORIENTED_CELL_MIGRATION	GOBP_CEREBRAL_CORTEX_RADIALLY_ORIENTED_CELL_MIGRATION		36	-0.66136223	-1.3575102	0.12721893	1.0	1.0	225	tags=11%, list=1%, signal=11%	
GOBP_VIRAL_RELEASE_FROM_HOST_CELL	GOBP_VIRAL_RELEASE_FROM_HOST_CELL		25	-0.68955994	-1.3570167	0.12078652	1.0	1.0	1352	tags=40%, list=8%, signal=44%	
VERNELL_RETINOBLASTOMA_PATHWAY_DN	VERNELL_RETINOBLASTOMA_PATHWAY_DN		20	-0.69221485	-1.3569672	0.13498622	1.0	1.0	669	tags=25%, list=4%, signal=26%	
GOBP_NUCLEAR_MEMBRANE_REASSEMBLY	GOBP_NUCLEAR_MEMBRANE_REASSEMBLY		24	-0.69021535	-1.3552953	0.15384616	1.0	1.0	2193	tags=33%, list=13%, signal=38%	
GOBP_NEGATIVE_REGULATION_OF_CHONDROCYTE_DIFFERENTIATION	GOBP_NEGATIVE_REGULATION_OF_CHONDROCYTE_DIFFERENTIATION		21	-0.6973665	-1.3520939	0.15449437	1.0	1.0	991	tags=19%, list=6%, signal=20%	
KEGG_MEDICUS_REFERENCE_ITGA_B_RHOGEF_RHOA_SIGNALING_PATHWAY	KEGG_MEDICUS_REFERENCE_ITGA_B_RHOGEF_RHOA_SIGNALING_PATHWAY		23	-0.6863316	-1.3492846	0.1456044	1.0	1.0	1374	tags=39%, list=8%, signal=43%	
GOBP_MATURATION_OF_SSU_RRNA	GOBP_MATURATION_OF_SSU_RRNA		72	-0.6423054	-1.3452123	0.14285715	1.0	1.0	275	tags=7%, list=2%, signal=7%	
GOBP_REFLEX	GOBP_REFLEX		19	-0.69711715	-1.3449951	0.15135135	1.0	1.0	1561	tags=21%, list=10%, signal=23%	
KEGG_MEDICUS_REFERENCE_RETROGRADE_AXONAL_TRANSPORT	KEGG_MEDICUS_REFERENCE_RETROGRADE_AXONAL_TRANSPORT		36	-0.662801	-1.3441938	0.16923077	1.0	1.0	514	tags=11%, list=3%, signal=11%	
POMEROY_MEDULLOBLASTOMA_PROGNOSIS_DN	POMEROY_MEDULLOBLASTOMA_PROGNOSIS_DN		39	-0.66023135	-1.3428471	0.1374269	1.0	1.0	874	tags=31%, list=5%, signal=32%	
GOBP_RESPONSE_TO_CAMP	GOBP_RESPONSE_TO_CAMP		71	-0.63029283	-1.3413987	0.14195584	1.0	1.0	492	tags=10%, list=3%, signal=10%	
KEGG_MEDICUS_REFERENCE_HOMOLOGOUS_RECOMBINATION_IN_ICLR	KEGG_MEDICUS_REFERENCE_HOMOLOGOUS_RECOMBINATION_IN_ICLR		15	-0.7396406	-1.341197	0.1536524	1.0	1.0	746	tags=13%, list=5%, signal=14%	
GOBP_NEGATIVE_REGULATION_OF_VASCULATURE_DEVELOPMENT	GOBP_NEGATIVE_REGULATION_OF_VASCULATURE_DEVELOPMENT		98	-0.6194893	-1.3403981	0.1442623	1.0	1.0	1163	tags=21%, list=7%, signal=23%	
GOBP_EAR_MORPHOGENESIS	GOBP_EAR_MORPHOGENESIS		110	-0.6392423	-1.3393087	0.15408805	1.0	1.0	963	tags=12%, list=6%, signal=12%	
GOBP_MOLTING_CYCLE	GOBP_MOLTING_CYCLE		94	-0.62767494	-1.3378866	0.13214286	1.0	1.0	212	tags=5%, list=1%, signal=5%	
GOBP_CEREBRAL_CORTEX_CELL_MIGRATION	GOBP_CEREBRAL_CORTEX_CELL_MIGRATION		48	-0.634815	-1.3374404	0.120743036	1.0	1.0	225	tags=8%, list=1%, signal=8%	
FLORIO_NEOCORTEX_BASAL_RADIAL_GLIA_DN	FLORIO_NEOCORTEX_BASAL_RADIAL_GLIA_DN		175	-0.64793664	-1.3374274	0.16727273	1.0	1.0	400	tags=6%, list=2%, signal=6%	
MURAL_PERICYTE_ZHANG_JNEURO_2014	MURAL_PERICYTE_ZHANG_JNEURO_2014		39	-0.6409636	-1.3362539	0.15315315	1.0	1.0	562	tags=28%, list=3%, signal=29%	
NUTT_GBM_VS_AO_GLIOMA_DN	NUTT_GBM_VS_AO_GLIOMA_DN		40	-0.65626705	-1.3351903	0.16384181	1.0	1.0	945	tags=20%, list=6%, signal=21%	
KEGG_MEDICUS_VARIANT_MUTATION_CAUSED_ABERRANT_HTT_TO_ANTEROGRADE_AXONAL_TRANSPORT	KEGG_MEDICUS_VARIANT_MUTATION_CAUSED_ABERRANT_HTT_TO_ANTEROGRADE_AXONAL_TRANSPORT		21	-0.6993345	-1.3349854	0.18079096	1.0	1.0	687	tags=38%, list=4%, signal=40%	
GOBP_TRANSFORMING_GROWTH_FACTOR_BETA1_PRODUCTION	GOBP_TRANSFORMING_GROWTH_FACTOR_BETA1_PRODUCTION		17	-0.6935603	-1.3345022	0.17897727	1.0	1.0	488	tags=18%, list=3%, signal=18%	
GOBP_ESTABLISHMENT_OF_BLOOD_BRAIN_BARRIER	GOBP_ESTABLISHMENT_OF_BLOOD_BRAIN_BARRIER		15	-0.7045153	-1.3328357	0.160221	1.0	1.0	965	tags=13%, list=6%, signal=14%	
GOBP_NEGATIVE_REGULATION_OF_CELL_MIGRATION_INVOLVED_IN_SPROUTING_ANGIOGENESIS	GOBP_NEGATIVE_REGULATION_OF_CELL_MIGRATION_INVOLVED_IN_SPROUTING_ANGIOGENESIS		16	-0.7118227	-1.3325901	0.15721649	1.0	1.0	1611	tags=31%, list=10%, signal=35%	
GOBP_BONE_MORPHOGENESIS	GOBP_BONE_MORPHOGENESIS		92	-0.6151532	-1.3317939	0.14240506	1.0	1.0	1052	tags=12%, list=6%, signal=13%	
GOBP_EMBRYONIC_HINDLIMB_MORPHOGENESIS	GOBP_EMBRYONIC_HINDLIMB_MORPHOGENESIS		24	-0.6676099	-1.3306365	0.14670658	1.0	1.0	991	tags=8%, list=6%, signal=9%	
GOBP_TRANSFORMING_GROWTH_FACTOR_BETA_PRODUCTION	GOBP_TRANSFORMING_GROWTH_FACTOR_BETA_PRODUCTION		38	-0.6568197	-1.3305429	0.15561959	0.995442	1.0	488	tags=16%, list=3%, signal=16%	
KEGG_MEDICUS_REFERENCE_MICROTUBULE_DEPOLYMERIZATION_AT_THE_MINUS_ENDS	KEGG_MEDICUS_REFERENCE_MICROTUBULE_DEPOLYMERIZATION_AT_THE_MINUS_ENDS		15	-0.7096319	-1.3262012	0.18457301	1.0	1.0	514	tags=27%, list=3%, signal=28%	
GOBP_NEGATIVE_REGULATION_OF_GLIOGENESIS	GOBP_NEGATIVE_REGULATION_OF_GLIOGENESIS		35	-0.66268146	-1.3259847	0.1548913	0.9982621	1.0	631	tags=11%, list=4%, signal=12%	
GOBP_REGULATION_OF_INTEGRIN_MEDIATED_SIGNALING_PATHWAY	GOBP_REGULATION_OF_INTEGRIN_MEDIATED_SIGNALING_PATHWAY		22	-0.67335546	-1.3234823	0.14986376	1.0	1.0	647	tags=32%, list=4%, signal=33%	
DROPVIZ_HC_MURAL_RGS5ACTA2_CLUSTER-MARKERS.CSV	DROPVIZ_HC_MURAL_RGS5ACTA2_CLUSTER-MARKERS.CSV		156	-0.61050594	-1.3227209	0.14487633	0.9975994	1.0	1046	tags=26%, list=6%, signal=27%	
GENEWEAVER_SEQUIERA2012_GS219245_DIFFERENTIALLY IN SUICIDE MOOD DISORDER IN THE NUCLEUS ACCUMBENS_TOP25_BYPVAL	GENEWEAVER_SEQUIERA2012_GS219245_DIFFERENTIALLY IN SUICIDE MOOD DISORDER IN THE NUCLEUS ACCUMBENS_TOP25_BYPVAL		18	-0.7259907	-1.3221565	0.16445623	0.99430513	1.0	747	tags=22%, list=5%, signal=23%	
DROPVIZ_STR_MURAL_RGS5ACTA2_CLUSTER-MARKERS.CSV	DROPVIZ_STR_MURAL_RGS5ACTA2_CLUSTER-MARKERS.CSV		177	-0.64740473	-1.3213407	0.17081851	0.9916633	1.0	740	tags=21%, list=5%, signal=22%	
GOBP_INTRACELLULAR_STEROL_TRANSPORT	GOBP_INTRACELLULAR_STEROL_TRANSPORT		30	-0.6547852	-1.3210776	0.16513762	0.987496	1.0	111	tags=7%, list=1%, signal=7%	
KEGG_MEDICUS_REFERENCE_CXCR_GNB_G_PI3K_AKT_SIGNALING_PATHWAY	KEGG_MEDICUS_REFERENCE_CXCR_GNB_G_PI3K_AKT_SIGNALING_PATHWAY		22	-0.67162865	-1.3210343	0.16298343	0.9827787	1.0	899	tags=36%, list=6%, signal=38%	
KEGG_NITROGEN_METABOLISM	KEGG_NITROGEN_METABOLISM		19	-0.7122205	-1.3188308	0.17101449	0.9841268	1.0	119	tags=5%, list=1%, signal=5%	
GOBP_CYTOPLASMIC_TRANSLATIONAL_INITIATION	GOBP_CYTOPLASMIC_TRANSLATIONAL_INITIATION		44	-0.6283603	-1.317817	0.1331361	0.9824151	1.0	545	tags=18%, list=3%, signal=19%	
GOBP_PROTEOGLYCAN_METABOLIC_PROCESS	GOBP_PROTEOGLYCAN_METABOLIC_PROCESS		107	-0.6319365	-1.3176124	0.17253521	0.9782684	1.0	1819	tags=24%, list=11%, signal=27%	
GOBP_NEGATIVE_REGULATION_OF_OSTEOBLAST_DIFFERENTIATION	GOBP_NEGATIVE_REGULATION_OF_OSTEOBLAST_DIFFERENTIATION		49	-0.6394432	-1.316976	0.14414415	0.97540313	1.0	14	tags=2%, list=0%, signal=2%	
DROPVIZ_HC_FIBROBLASTLIKE_DCN_CLUSTER-MARKERS.CSV	DROPVIZ_HC_FIBROBLASTLIKE_DCN_CLUSTER-MARKERS.CSV		141	-0.63664967	-1.3150382	0.1590106	0.97597593	1.0	610	tags=19%, list=4%, signal=20%	
GOBP_VASCULAR_ASSOCIATED_SMOOTH_MUSCLE_CELL_MIGRATION	GOBP_VASCULAR_ASSOCIATED_SMOOTH_MUSCLE_CELL_MIGRATION		24	-0.68967706	-1.3136793	0.11647727	0.97523975	1.0	991	tags=25%, list=6%, signal=27%	
POMEROY_MEDULLOBLASTOMA_PROGNOSIS_UP	POMEROY_MEDULLOBLASTOMA_PROGNOSIS_UP		39	-0.63200384	-1.313224	0.1401099	0.97191256	1.0	449	tags=15%, list=3%, signal=16%	
GOBP_NEGATIVE_REGULATION_OF_MYELOID_LEUKOCYTE_DIFFERENTIATION	GOBP_NEGATIVE_REGULATION_OF_MYELOID_LEUKOCYTE_DIFFERENTIATION		45	-0.62202096	-1.3123927	0.16566265	0.9695864	1.0	213	tags=9%, list=1%, signal=9%	
GEMMA_GSE60303_GENOME-WIDE_ANALYSIS_OF_STRESS-EXPOSURE-ASSOCIATED_AND_EXPOSURE-RELATED_INDIVIDUAL_DIFFERENCES_ASSOCIATED_HIPPOCAMPUS_GENE_EXPRESSION_IN_MALES_AND_FEMALES._PHENOTYPE_MINIMAL.RESPONSE.TO.PREDATOR.SCENT.STRESS_UP	GEMMA_GSE60303_GENOME-WIDE_ANALYSIS_OF_STRESS-EXPOSURE-ASSOCIATED_AND_EXPOSURE-RELATED_INDIVIDUAL_DIFFERENCES_ASSOCIATED_HIPPOCAMPUS_GENE_EXPRESSION_IN_MALES_AND_FEMALES._PHENOTYPE_MINIMAL.RESPONSE.TO.PREDATOR.SCENT.STRESS_UP		68	-0.6388371	-1.3092859	0.16964285	0.9737211	1.0	2382	tags=25%, list=15%, signal=29%	
KEGG_MEDICUS_VARIANT_MUTATION_INACTIVATED_VCP_TO_26S_PROTEASOME_MEDIATED_PROTEIN_DEGRADATION	KEGG_MEDICUS_VARIANT_MUTATION_INACTIVATED_VCP_TO_26S_PROTEASOME_MEDIATED_PROTEIN_DEGRADATION		38	-0.64384395	-1.3091468	0.17002882	0.9695684	1.0	1743	tags=53%, list=11%, signal=59%	
MODY_HIPPOCAMPUS_NEONATAL	MODY_HIPPOCAMPUS_NEONATAL		31	-0.6491589	-1.3082504	0.15615615	0.9675388	1.0	660	tags=26%, list=4%, signal=27%	
GOBP_POSITIVE_REGULATION_OF_ANIMAL_ORGAN_MORPHOGENESIS	GOBP_POSITIVE_REGULATION_OF_ANIMAL_ORGAN_MORPHOGENESIS		28	-0.65502024	-1.3068439	0.1757925	0.9670735	1.0	1333	tags=25%, list=8%, signal=27%	
KEGG_MEDICUS_VARIANT_MUTATION_CAUSED_ABERRANT_HTT_TO_RETROGRADE_AXONAL_TRANSPORT	KEGG_MEDICUS_VARIANT_MUTATION_CAUSED_ABERRANT_HTT_TO_RETROGRADE_AXONAL_TRANSPORT		38	-0.6408809	-1.3067774	0.160221	0.9628719	1.0	514	tags=11%, list=3%, signal=11%	
GOBP_SKELETAL_SYSTEM_MORPHOGENESIS	GOBP_SKELETAL_SYSTEM_MORPHOGENESIS		193	-0.65517807	-1.3067002	0.20233463	0.9586315	1.0	573	tags=8%, list=4%, signal=8%	
GOBP_N_ACETYLGLUCOSAMINE_METABOLIC_PROCESS	GOBP_N_ACETYLGLUCOSAMINE_METABOLIC_PROCESS		17	-0.6880962	-1.3050829	0.16348773	0.9590543	1.0	296	tags=12%, list=2%, signal=12%	
DROPVIZ_HC_OLIGODENDROCYTE_TFR_CLUSTER-MARKERS.CSV	DROPVIZ_HC_OLIGODENDROCYTE_TFR_CLUSTER-MARKERS.CSV		93	-0.60240775	-1.3021266	0.14814815	0.9627537	1.0	827	tags=26%, list=5%, signal=27%	
KEGG_MEDICUS_REFERENCE_MICROTUBULE_NUCLEATION	KEGG_MEDICUS_REFERENCE_MICROTUBULE_NUCLEATION		22	-0.6711864	-1.3019335	0.15954416	0.95891744	1.0	514	tags=18%, list=3%, signal=19%	
GOBP_BRAIN_MORPHOGENESIS	GOBP_BRAIN_MORPHOGENESIS		31	-0.6512399	-1.3018647	0.17666666	0.9547221	1.0	349	tags=6%, list=2%, signal=7%	
GOBP_NEGATIVE_REGULATION_OF_CILIUM_ASSEMBLY	GOBP_NEGATIVE_REGULATION_OF_CILIUM_ASSEMBLY		26	-0.62097335	-1.2982671	0.16	0.96046644	1.0	437	tags=12%, list=3%, signal=12%	
GOBP_CELL_DIFFERENTIATION_INVOLVED_IN_METANEPHROS_DEVELOPMENT	GOBP_CELL_DIFFERENTIATION_INVOLVED_IN_METANEPHROS_DEVELOPMENT		16	-0.68745005	-1.2976198	0.19148937	0.9579442	1.0	523	tags=19%, list=3%, signal=19%	
GOBP_REGULATION_OF_BIOMINERAL_TISSUE_DEVELOPMENT	GOBP_REGULATION_OF_BIOMINERAL_TISSUE_DEVELOPMENT		90	-0.61529106	-1.296141	0.1632653	0.957636	1.0	763	tags=9%, list=5%, signal=9%	
GOBP_PYRIMIDINE_RIBONUCLEOSIDE_TRIPHOSPHATE_METABOLIC_PROCESS	GOBP_PYRIMIDINE_RIBONUCLEOSIDE_TRIPHOSPHATE_METABOLIC_PROCESS		15	-0.69941217	-1.2960254	0.19186047	0.9537217	1.0	2794	tags=47%, list=17%, signal=56%	
ENDOTHELIAL_ALL_ZHANG_JNEURO_2014	ENDOTHELIAL_ALL_ZHANG_JNEURO_2014		25	-0.6458825	-1.2959564	0.18716578	0.9497062	1.0	820	tags=16%, list=5%, signal=17%	
GOBP_POSITIVE_REGULATION_OF_STEM_CELL_DIFFERENTIATION	GOBP_POSITIVE_REGULATION_OF_STEM_CELL_DIFFERENTIATION		18	-0.6787017	-1.2952505	0.19327731	0.9475564	1.0	1411	tags=22%, list=9%, signal=24%	
GOBP_CELLULAR_RESPONSE_TO_PROSTAGLANDIN_E_STIMULUS	GOBP_CELLULAR_RESPONSE_TO_PROSTAGLANDIN_E_STIMULUS		19	-0.6513879	-1.294135	0.1904762	0.94657403	1.0	1054	tags=21%, list=6%, signal=22%	
HAY_BONE_MARROW_NAIVE_T_CELL	HAY_BONE_MARROW_NAIVE_T_CELL		313	-0.67339027	-1.2928493	0.25714287	0.9459247	1.0	380	tags=15%, list=2%, signal=15%	
GOBP_RESPONSE_TO_ACTIVITY	GOBP_RESPONSE_TO_ACTIVITY		66	-0.59420425	-1.2915312	0.13622291	0.9453017	1.0	689	tags=15%, list=4%, signal=16%	
GOBP_NEGATIVE_REGULATION_OF_INTERLEUKIN_10_PRODUCTION	GOBP_NEGATIVE_REGULATION_OF_INTERLEUKIN_10_PRODUCTION		20	-0.65670377	-1.2907248	0.18965517	0.9434084	1.0	1336	tags=25%, list=8%, signal=27%	
GOBP_MITOCHONDRIAL_DEPOLARIZATION	GOBP_MITOCHONDRIAL_DEPOLARIZATION		25	-0.67827404	-1.2902843	0.18207283	0.94053835	1.0	497	tags=20%, list=3%, signal=21%	
DESCARTES_FETAL_EYE_PDE11A_FAM19A2_POSITIVE_CELLS	DESCARTES_FETAL_EYE_PDE11A_FAM19A2_POSITIVE_CELLS		17	-0.6728158	-1.2890797	0.20512821	0.9397072	1.0	308	tags=12%, list=2%, signal=12%	
GOBP_OOCYTE_DIFFERENTIATION	GOBP_OOCYTE_DIFFERENTIATION		42	-0.6158457	-1.2874105	0.16374269	0.94000953	1.0	1158	tags=12%, list=7%, signal=13%	
GOBP_DRINKING_BEHAVIOR	GOBP_DRINKING_BEHAVIOR		16	-0.68448865	-1.2864769	0.18306011	0.93858	1.0	2500	tags=38%, list=15%, signal=44%	
KEGG_MEDICUS_REFERENCE_ITGA_B_RHOGAP_RHOA_SIGNALING_PATHWAY	KEGG_MEDICUS_REFERENCE_ITGA_B_RHOGAP_RHOA_SIGNALING_PATHWAY		23	-0.65412104	-1.2860258	0.18258427	0.93591326	1.0	1374	tags=35%, list=8%, signal=38%	
DURANTE_ADULT_OLFACTORY_NEUROEPITHELIUM_UNSPECIFIED	DURANTE_ADULT_OLFACTORY_NEUROEPITHELIUM_UNSPECIFIED		25	-0.64360327	-1.2856127	0.17438692	0.9331166	1.0	716	tags=24%, list=4%, signal=25%	
KEGG_MEDICUS_REFERENCE_RAB7_REGULATED_MICROTUBULE_MINUS_END_DIRECTED_TRANSPORT	KEGG_MEDICUS_REFERENCE_RAB7_REGULATED_MICROTUBULE_MINUS_END_DIRECTED_TRANSPORT		37	-0.641541	-1.2838736	0.17261904	0.9338274	1.0	628	tags=24%, list=4%, signal=25%	
LEIN_OLIGODENDROCYTE_MARKERS	LEIN_OLIGODENDROCYTE_MARKERS		70	-0.6069251	-1.2816631	0.15568863	0.93588144	1.0	945	tags=31%, list=6%, signal=33%	
GOBP_NEGATIVE_REGULATION_OF_NEURAL_PRECURSOR_CELL_PROLIFERATION	GOBP_NEGATIVE_REGULATION_OF_NEURAL_PRECURSOR_CELL_PROLIFERATION		21	-0.65225744	-1.2792953	0.17630854	0.93840677	1.0	89	tags=10%, list=1%, signal=10%	
GOBP_HYDROGEN_PEROXIDE_CATABOLIC_PROCESS	GOBP_HYDROGEN_PEROXIDE_CATABOLIC_PROCESS		17	-0.66815096	-1.2768599	0.1780822	0.9411168	1.0	495	tags=35%, list=3%, signal=36%	
GOBP_CELL_CELL_JUNCTION_MAINTENANCE	GOBP_CELL_CELL_JUNCTION_MAINTENANCE		18	-0.6873225	-1.2762073	0.20454545	0.93895376	1.0	1725	tags=39%, list=11%, signal=43%	
GOBP_VITAMIN_D_METABOLIC_PROCESS	GOBP_VITAMIN_D_METABOLIC_PROCESS		15	-0.6811392	-1.2754335	0.20879121	0.9371697	1.0	234	tags=13%, list=1%, signal=14%	
GOBP_GLIAL_CELL_MIGRATION	GOBP_GLIAL_CELL_MIGRATION		52	-0.6065048	-1.2754225	0.17701863	0.9333694	1.0	707	tags=19%, list=4%, signal=20%	
KEGG_MEDICUS_PATHOGEN_KSHV_VGPCR_TO_GNB_G_PI3K_AKT_SIGNALING_PATHWAY	KEGG_MEDICUS_PATHOGEN_KSHV_VGPCR_TO_GNB_G_PI3K_AKT_SIGNALING_PATHWAY		21	-0.67593634	-1.273563	0.1965812	0.9343121	1.0	899	tags=38%, list=6%, signal=40%	
GOBP_LUNG_ALVEOLUS_DEVELOPMENT	GOBP_LUNG_ALVEOLUS_DEVELOPMENT		49	-0.591101	-1.2719536	0.16964285	0.9347059	1.0	1286	tags=22%, list=8%, signal=24%	
GOBP_POSITIVE_REGULATION_OF_DNA_DAMAGE_RESPONSE_SIGNAL_TRANSDUCTION_BY_P53_CLASS_MEDIATOR	GOBP_POSITIVE_REGULATION_OF_DNA_DAMAGE_RESPONSE_SIGNAL_TRANSDUCTION_BY_P53_CLASS_MEDIATOR		15	-0.6737534	-1.2716336	0.20734908	0.9318157	1.0	22	tags=7%, list=0%, signal=7%	
GOBP_REGULATION_OF_OLIGODENDROCYTE_DIFFERENTIATION	GOBP_REGULATION_OF_OLIGODENDROCYTE_DIFFERENTIATION		39	-0.6142097	-1.2699207	0.17451523	0.9326702	1.0	945	tags=18%, list=6%, signal=19%	
GOBP_RETINOIC_ACID_METABOLIC_PROCESS	GOBP_RETINOIC_ACID_METABOLIC_PROCESS		18	-0.6472525	-1.2694137	0.2118863	0.93031764	1.0	539	tags=17%, list=3%, signal=17%	
GOBP_NEURON_PROJECTION_ARBORIZATION	GOBP_NEURON_PROJECTION_ARBORIZATION		35	-0.62304205	-1.2682053	0.18208092	0.9297787	1.0	55	tags=6%, list=0%, signal=6%	
GOBP_MORPHOGENESIS_OF_AN_EPITHELIAL_FOLD	GOBP_MORPHOGENESIS_OF_AN_EPITHELIAL_FOLD		20	-0.64738154	-1.2681228	0.21008404	0.9263426	1.0	85	tags=10%, list=1%, signal=10%	
GOBP_NEGATIVE_REGULATION_OF_PHAGOCYTOSIS	GOBP_NEGATIVE_REGULATION_OF_PHAGOCYTOSIS		20	-0.643814	-1.2669387	0.19722222	0.92564714	1.0	1274	tags=40%, list=8%, signal=43%	
KEGG_MEDICUS_VARIANT_MUTATION_CAUSED_ABERRANT_SNCA_TO_26S_PROTEASOME_MEDIATED_PROTEIN_DEGRADATION	KEGG_MEDICUS_VARIANT_MUTATION_CAUSED_ABERRANT_SNCA_TO_26S_PROTEASOME_MEDIATED_PROTEIN_DEGRADATION		34	-0.63512844	-1.2666999	0.20738636	0.92268753	1.0	2579	tags=62%, list=16%, signal=73%	
GOBP_BIOMINERAL_TISSUE_DEVELOPMENT	GOBP_BIOMINERAL_TISSUE_DEVELOPMENT		155	-0.6021401	-1.2665492	0.16666667	0.9194455	1.0	680	tags=8%, list=4%, signal=9%	
GOBP_CELLULAR_RESPONSE_TO_NUTRIENT	GOBP_CELLULAR_RESPONSE_TO_NUTRIENT		42	-0.6121462	-1.265329	0.17956656	0.9190543	1.0	277	tags=10%, list=2%, signal=10%	
GEMMA_GSE84302_RNA_SEQUENCING_TO_IDENTIFY_COMMON_TARGETS_FOR_GSK3_TREATMENT_KNOCKDOWN_KETAMINE_GSK3B.MOUSE.GLYCOGEN.SYNTHASE.KINASE.3.BETA_GSK3.INHIBITOR._10.MG.KG_DOWN	GEMMA_GSE84302_RNA_SEQUENCING_TO_IDENTIFY_COMMON_TARGETS_FOR_GSK3_TREATMENT_KNOCKDOWN_KETAMINE_GSK3B.MOUSE.GLYCOGEN.SYNTHASE.KINASE.3.BETA_GSK3.INHIBITOR._10.MG.KG_DOWN		62	-0.6107569	-1.2637923	0.16049382	0.91950715	1.0	956	tags=8%, list=6%, signal=9%	
KEGG_MEDICUS_REFERENCE_ITGA_B_FAK_RAC_SIGNALING_PATHWAY	KEGG_MEDICUS_REFERENCE_ITGA_B_FAK_RAC_SIGNALING_PATHWAY		30	-0.6373989	-1.2631468	0.19086021	0.917792	1.0	1374	tags=37%, list=8%, signal=40%	
GOBP_POSITIVE_REGULATION_OF_OLIGODENDROCYTE_DIFFERENTIATION	GOBP_POSITIVE_REGULATION_OF_OLIGODENDROCYTE_DIFFERENTIATION		21	-0.6660989	-1.2629533	0.22404371	0.9147176	1.0	945	tags=29%, list=6%, signal=30%	
GOBP_PROTEIN_LOCALIZATION_TO_NUCLEOLUS	GOBP_PROTEIN_LOCALIZATION_TO_NUCLEOLUS		21	-0.63806665	-1.2621084	0.19390582	0.91340184	1.0	317	tags=10%, list=2%, signal=10%	
GOBP_VIRAL_BUDDING	GOBP_VIRAL_BUDDING		24	-0.635128	-1.2613539	0.18975903	0.91195256	1.0	1710	tags=29%, list=11%, signal=33%	
GEMMA_GSE31063_EXTINCTION_LEARNING_TIMEPOINT_FIRST.EXTINCTION.TRIAL_DOWN	GEMMA_GSE31063_EXTINCTION_LEARNING_TIMEPOINT_FIRST.EXTINCTION.TRIAL_DOWN		15	-0.66816646	-1.2597388	0.21613833	0.9127624	1.0	893	tags=33%, list=5%, signal=35%	
GOBP_CELLULAR_RESPONSE_TO_RETINOIC_ACID	GOBP_CELLULAR_RESPONSE_TO_RETINOIC_ACID		55	-0.5991049	-1.2588084	0.1762918	0.91164726	1.0	251	tags=5%, list=2%, signal=6%	
GOBP_UBIQUITIN_DEPENDENT_PROTEIN_CATABOLIC_PROCESS_VIA_THE_MULTIVESICULAR_BODY_SORTING_PATHWAY	GOBP_UBIQUITIN_DEPENDENT_PROTEIN_CATABOLIC_PROCESS_VIA_THE_MULTIVESICULAR_BODY_SORTING_PATHWAY		35	-0.61015165	-1.2579392	0.17514125	0.9103899	1.0	1833	tags=29%, list=11%, signal=32%	
GOBP_POSITIVE_REGULATION_OF_RHO_PROTEIN_SIGNAL_TRANSDUCTION	GOBP_POSITIVE_REGULATION_OF_RHO_PROTEIN_SIGNAL_TRANSDUCTION		28	-0.63041186	-1.2572137	0.21714285	0.90885067	1.0	747	tags=14%, list=5%, signal=15%	
CEMBROWSKI_HIPPOSEQ_DG_D-DG_V__VS__CA4-CA3_D-CA3_V-CA2-CA1_D-CA1_V	CEMBROWSKI_HIPPOSEQ_DG_D-DG_V__VS__CA4-CA3_D-CA3_V-CA2-CA1_D-CA1_V		32	-0.63440037	-1.2569373	0.18397626	0.90609056	1.0	129	tags=6%, list=1%, signal=6%	
GOBP_CARTILAGE_DEVELOPMENT	GOBP_CARTILAGE_DEVELOPMENT		182	-0.63534707	-1.2553806	0.21478873	0.9066698	1.0	1052	tags=18%, list=6%, signal=19%	
HALLMARK_ANGIOGENESIS	HALLMARK_ANGIOGENESIS		33	-0.60624987	-1.2548426	0.20118344	0.90467376	1.0	522	tags=30%, list=3%, signal=31%	
GOBP_REGULATION_OF_EPITHELIAL_TO_MESENCHYMAL_TRANSITION	GOBP_REGULATION_OF_EPITHELIAL_TO_MESENCHYMAL_TRANSITION		94	-0.5873081	-1.2547532	0.16835018	0.90151006	1.0	1052	tags=18%, list=6%, signal=19%	
HALLMARK_TGF_BETA_SIGNALING	HALLMARK_TGF_BETA_SIGNALING		52	-0.60269344	-1.2513491	0.15306123	0.9070785	1.0	1252	tags=33%, list=8%, signal=35%	
GOBP_PROTEIN_IMPORT_INTO_MITOCHONDRIAL_MATRIX	GOBP_PROTEIN_IMPORT_INTO_MITOCHONDRIAL_MATRIX		21	-0.6505826	-1.2508769	0.21763085	0.9049974	1.0	2464	tags=43%, list=15%, signal=50%	
GOBP_RESPONSE_TO_PAIN	GOBP_RESPONSE_TO_PAIN		31	-0.6296828	-1.250595	0.19476745	0.90234977	1.0	949	tags=19%, list=6%, signal=21%	
GOBP_OLIGOSACCHARIDE_BIOSYNTHETIC_PROCESS	GOBP_OLIGOSACCHARIDE_BIOSYNTHETIC_PROCESS		20	-0.6537076	-1.2500266	0.22636104	0.9004218	1.0	294	tags=10%, list=2%, signal=10%	
BIRT_HAGENAUER_2020_BREDLOWRESPONDERSTONOVELTY_UPREGULATED_HC	BIRT_HAGENAUER_2020_BREDLOWRESPONDERSTONOVELTY_UPREGULATED_HC		94	-0.5593874	-1.2495304	0.15562914	0.8982913	1.0	1238	tags=17%, list=8%, signal=18%	
GOBP_RESPONSE_TO_IMMOBILIZATION_STRESS	GOBP_RESPONSE_TO_IMMOBILIZATION_STRESS		18	-0.64969784	-1.2486778	0.20408164	0.89725345	1.0	416	tags=22%, list=3%, signal=23%	
GOBP_BLOOD_COAGULATION_FIBRIN_CLOT_FORMATION	GOBP_BLOOD_COAGULATION_FIBRIN_CLOT_FORMATION		19	-0.6430502	-1.24454	0.20679887	0.90459514	1.0	949	tags=16%, list=6%, signal=17%	
KEGG_MEDICUS_REFERENCE_KINETOCHORE_MICROTUBULE_ATTACHMENT	KEGG_MEDICUS_REFERENCE_KINETOCHORE_MICROTUBULE_ATTACHMENT		15	-0.67175406	-1.243949	0.22105263	0.9027914	1.0	514	tags=27%, list=3%, signal=28%	
DESCARTES_FETAL_CEREBRUM_VASCULAR_ENDOTHELIAL_CELLS	DESCARTES_FETAL_CEREBRUM_VASCULAR_ENDOTHELIAL_CELLS		398	-0.6367351	-1.2439145	0.26717559	0.8996156	1.0	1375	tags=23%, list=8%, signal=25%	
GOBP_HEPARAN_SULFATE_PROTEOGLYCAN_METABOLIC_PROCESS	GOBP_HEPARAN_SULFATE_PROTEOGLYCAN_METABOLIC_PROCESS		42	-0.6112677	-1.2429748	0.21752267	0.898949	1.0	1373	tags=21%, list=8%, signal=23%	
GOBP_NEGATIVE_REGULATION_OF_GLIAL_CELL_DIFFERENTIATION	GOBP_NEGATIVE_REGULATION_OF_GLIAL_CELL_DIFFERENTIATION		23	-0.62310344	-1.241099	0.20821919	0.90049833	1.0	62	tags=4%, list=0%, signal=4%	
GOBP_HEPARAN_SULFATE_PROTEOGLYCAN_BIOSYNTHETIC_PROCESS	GOBP_HEPARAN_SULFATE_PROTEOGLYCAN_BIOSYNTHETIC_PROCESS		33	-0.5969588	-1.2404356	0.2032967	0.8989442	1.0	1373	tags=18%, list=8%, signal=20%	
GOBP_SYNAPTIC_TRANSMISSION_DOPAMINERGIC	GOBP_SYNAPTIC_TRANSMISSION_DOPAMINERGIC		23	-0.62567127	-1.2386929	0.21037464	0.9003858	1.0	1688	tags=30%, list=10%, signal=34%	
KEGG_MEDICUS_VARIANT_MUTATION_CAUSED_ABERRANT_HTT_TO_26S_PROTEASOME_MEDIATED_PROTEIN_DEGRADATION	KEGG_MEDICUS_VARIANT_MUTATION_CAUSED_ABERRANT_HTT_TO_26S_PROTEASOME_MEDIATED_PROTEIN_DEGRADATION		34	-0.59123003	-1.2372388	0.20125785	0.9010524	1.0	2175	tags=56%, list=13%, signal=64%	
GOBP_PYRAMIDAL_NEURON_DIFFERENTIATION	GOBP_PYRAMIDAL_NEURON_DIFFERENTIATION		15	-0.6653168	-1.2339416	0.2512195	0.9065604	1.0	426	tags=13%, list=3%, signal=14%	
GOBP_MESENCHYMAL_TO_EPITHELIAL_TRANSITION	GOBP_MESENCHYMAL_TO_EPITHELIAL_TRANSITION		16	-0.64824337	-1.232732	0.23316061	0.9064457	1.0	62	tags=6%, list=0%, signal=6%	
GOBP_NEGATIVE_REGULATION_OF_D_GLUCOSE_TRANSMEMBRANE_TRANSPORT	GOBP_NEGATIVE_REGULATION_OF_D_GLUCOSE_TRANSMEMBRANE_TRANSPORT		17	-0.6415181	-1.2323018	0.21907216	0.9042871	1.0	946	tags=24%, list=6%, signal=25%	
GOBP_NEGATIVE_REGULATION_OF_CELLULAR_SENESCENCE	GOBP_NEGATIVE_REGULATION_OF_CELLULAR_SENESCENCE		21	-0.63814026	-1.2309486	0.21186441	0.9045563	1.0	899	tags=10%, list=6%, signal=10%	
KEGG_MEDICUS_REFERENCE_ITGA_B_RHOG_RAC_SIGNALING_PATHWAY	KEGG_MEDICUS_REFERENCE_ITGA_B_RHOG_RAC_SIGNALING_PATHWAY		28	-0.6031871	-1.2294239	0.22822823	0.9052217	1.0	806	tags=25%, list=5%, signal=26%	
KEGG_MEDICUS_VARIANT_SCRAPIE_CONFORMATION_PRPSC_TO_26S_PROTEASOME_MEDIATED_PROTEIN_DEGRADATION	KEGG_MEDICUS_VARIANT_SCRAPIE_CONFORMATION_PRPSC_TO_26S_PROTEASOME_MEDIATED_PROTEIN_DEGRADATION		34	-0.59944	-1.2271	0.16666667	0.90814066	1.0	2175	tags=56%, list=13%, signal=64%	
GOBP_CELLULAR_RESPONSE_TO_PROSTAGLANDIN_STIMULUS	GOBP_CELLULAR_RESPONSE_TO_PROSTAGLANDIN_STIMULUS		24	-0.63313586	-1.2261038	0.21079692	0.90745103	1.0	1054	tags=17%, list=6%, signal=18%	
GOBP_EXECUTION_PHASE_OF_APOPTOSIS	GOBP_EXECUTION_PHASE_OF_APOPTOSIS		70	-0.56247705	-1.2250948	0.19940476	0.90694803	1.0	615	tags=10%, list=4%, signal=10%	
GOBP_RESPONSE_TO_ORGANOPHOSPHORUS	GOBP_RESPONSE_TO_ORGANOPHOSPHORUS		107	-0.56231165	-1.224531	0.1904762	0.90533364	1.0	1244	tags=15%, list=8%, signal=16%	
JOHNSON_2016_COEXPRESSION_HIPPOCAMPUS_HUMAN_M17	JOHNSON_2016_COEXPRESSION_HIPPOCAMPUS_HUMAN_M17		29	-0.61510295	-1.2227088	0.2106825	0.9070144	1.0	1149	tags=24%, list=7%, signal=26%	
GOBP_LYMPH_VESSEL_MORPHOGENESIS	GOBP_LYMPH_VESSEL_MORPHOGENESIS		20	-0.6176995	-1.2207949	0.23446327	0.90872216	1.0	4097	tags=60%, list=25%, signal=80%	
FAN_EMBRYONIC_CTX_BRAIN_ENDOTHELIAL_2	FAN_EMBRYONIC_CTX_BRAIN_ENDOTHELIAL_2		266	-0.60232496	-1.2199272	0.229927	0.90791124	1.0	964	tags=29%, list=6%, signal=30%	
KEGG_MEDICUS_REFERENCE_MICROTUBULE_RHOA_SIGNALING_PATHWAY	KEGG_MEDICUS_REFERENCE_MICROTUBULE_RHOA_SIGNALING_PATHWAY		16	-0.6573143	-1.2186508	0.24233983	0.90806097	1.0	514	tags=25%, list=3%, signal=26%	
GOBP_NEGATIVE_REGULATION_OF_ENDOTHELIAL_CELL_PROLIFERATION	GOBP_NEGATIVE_REGULATION_OF_ENDOTHELIAL_CELL_PROLIFERATION		36	-0.56237525	-1.2178124	0.19692308	0.90705466	1.0	1010	tags=31%, list=6%, signal=33%	
GEMMA_GSE34424_THE_INFLUENCE_OF_SLEEP_DEPRIVATION_ON_HIPPOCAMPAL_CA1_GENE_EXPRESSION:_RELATION_TO_STRESS_AND_AGING_TREATMENT_SLEEP.DEPRIVATION_24.H_UP	GEMMA_GSE34424_THE_INFLUENCE_OF_SLEEP_DEPRIVATION_ON_HIPPOCAMPAL_CA1_GENE_EXPRESSION:_RELATION_TO_STRESS_AND_AGING_TREATMENT_SLEEP.DEPRIVATION_24.H_UP		27	-0.615506	-1.2168704	0.21910113	0.9063466	1.0	136	tags=11%, list=1%, signal=11%	
GOBP_HINDLIMB_MORPHOGENESIS	GOBP_HINDLIMB_MORPHOGENESIS		29	-0.5972259	-1.2160069	0.24355301	0.90561765	1.0	62	tags=3%, list=0%, signal=3%	
GOBP_INTERLEUKIN_13_PRODUCTION	GOBP_INTERLEUKIN_13_PRODUCTION		19	-0.6248908	-1.2157605	0.24731183	0.90328836	1.0	1213	tags=21%, list=7%, signal=23%	
GOBP_SENSORY_PERCEPTION_OF_LIGHT_STIMULUS	GOBP_SENSORY_PERCEPTION_OF_LIGHT_STIMULUS		155	-0.570403	-1.214377	0.17114094	0.9037673	1.0	970	tags=6%, list=6%, signal=6%	
GOBP_PROGRAMMED_CELL_DEATH_IN_RESPONSE_TO_REACTIVE_OXYGEN_SPECIES	GOBP_PROGRAMMED_CELL_DEATH_IN_RESPONSE_TO_REACTIVE_OXYGEN_SPECIES		16	-0.6406007	-1.2121092	0.24864864	0.90663725	1.0	1972	tags=44%, list=12%, signal=50%	
GOBP_SENSORY_PERCEPTION_OF_MECHANICAL_STIMULUS	GOBP_SENSORY_PERCEPTION_OF_MECHANICAL_STIMULUS		162	-0.5831375	-1.2114671	0.18412699	0.90523607	1.0	460	tags=7%, list=3%, signal=7%	
GOBP_ANTERIOR_POSTERIOR_AXIS_SPECIFICATION	GOBP_ANTERIOR_POSTERIOR_AXIS_SPECIFICATION		38	-0.59385914	-1.2103673	0.20461094	0.9049001	1.0	1292	tags=13%, list=8%, signal=14%	
GOBP_CELL_FATE_COMMITMENT_INVOLVED_IN_FORMATION_OF_PRIMARY_GERM_LAYER	GOBP_CELL_FATE_COMMITMENT_INVOLVED_IN_FORMATION_OF_PRIMARY_GERM_LAYER		24	-0.6376816	-1.2096356	0.24545455	0.90365577	1.0	234	tags=8%, list=1%, signal=8%	
HAY_BONE_MARROW_CD34_POS_GRAN	HAY_BONE_MARROW_CD34_POS_GRAN		17	-0.63953364	-1.2074947	0.27146813	0.906094	1.0	403	tags=12%, list=2%, signal=12%	
GOBP_REGULATION_OF_AMPA_RECEPTOR_ACTIVITY	GOBP_REGULATION_OF_AMPA_RECEPTOR_ACTIVITY		30	-0.5895712	-1.2057028	0.23033708	0.90763766	1.0	1784	tags=43%, list=11%, signal=49%	
GOBP_CELL_MIGRATION_INVOLVED_IN_HEART_DEVELOPMENT	GOBP_CELL_MIGRATION_INVOLVED_IN_HEART_DEVELOPMENT		16	-0.67368364	-1.2048179	0.2853261	0.9069853	1.0	1158	tags=38%, list=7%, signal=40%	
GOBP_MESENCHYMAL_CELL_PROLIFERATION	GOBP_MESENCHYMAL_CELL_PROLIFERATION		42	-0.5622432	-1.204753	0.21290323	0.9042112	1.0	991	tags=19%, list=6%, signal=20%	
DURANTE_ADULT_OLFACTORY_NEUROEPITHELIUM_VASCULAR_SMOOTH_MUSCLE_CELLS	DURANTE_ADULT_OLFACTORY_NEUROEPITHELIUM_VASCULAR_SMOOTH_MUSCLE_CELLS		77	-0.5515728	-1.2026303	0.20198676	0.90690297	1.0	480	tags=16%, list=3%, signal=16%	
GEMMA_GSE117758_CELL-TYPE_SPECIFIC_TRANSCRIPTIONAL_PROFILING_OF_GLUCOCORTICOID_RECEPTOR-DEPENDENT_CHANGES_IN_THE_NUCLEUS_ACCUMBENS_TREATMENT_DEXAMETHASONE_UP	GEMMA_GSE117758_CELL-TYPE_SPECIFIC_TRANSCRIPTIONAL_PROFILING_OF_GLUCOCORTICOID_RECEPTOR-DEPENDENT_CHANGES_IN_THE_NUCLEUS_ACCUMBENS_TREATMENT_DEXAMETHASONE_UP		89	-0.5529663	-1.1998469	0.19749217	0.91102856	1.0	214	tags=6%, list=1%, signal=6%	
GOBP_EMBRYONIC_AXIS_SPECIFICATION	GOBP_EMBRYONIC_AXIS_SPECIFICATION		31	-0.593513	-1.1974064	0.24581006	0.9143779	1.0	549	tags=10%, list=3%, signal=10%	
GOBP_REGULATION_OF_OSSIFICATION	GOBP_REGULATION_OF_OSSIFICATION		114	-0.5575459	-1.1962397	0.1993007	0.91455084	1.0	763	tags=8%, list=5%, signal=8%	
GOBP_CEREBRAL_CORTEX_DEVELOPMENT	GOBP_CEREBRAL_CORTEX_DEVELOPMENT		123	-0.56373173	-1.1956425	0.2	0.9131318	1.0	225	tags=7%, list=1%, signal=7%	
GOBP_STRIATED_MUSCLE_CELL_DIFFERENTIATION	GOBP_STRIATED_MUSCLE_CELL_DIFFERENTIATION		304	-0.5989171	-1.1942136	0.23722628	0.91413707	1.0	680	tags=17%, list=4%, signal=18%	
GOBP_BILE_ACID_AND_BILE_SALT_TRANSPORT	GOBP_BILE_ACID_AND_BILE_SALT_TRANSPORT		15	-0.637808	-1.1897777	0.28342247	0.9226532	1.0	2455	tags=27%, list=15%, signal=31%	
GOBP_REGULATION_OF_MUSCLE_ORGAN_DEVELOPMENT	GOBP_REGULATION_OF_MUSCLE_ORGAN_DEVELOPMENT		32	-0.5790593	-1.1893932	0.2616279	0.9207704	1.0	1052	tags=28%, list=6%, signal=30%	
GOBP_HIPPOCAMPUS_DEVELOPMENT	GOBP_HIPPOCAMPUS_DEVELOPMENT		93	-0.55558956	-1.1869398	0.2035928	0.9242069	1.0	1300	tags=18%, list=8%, signal=20%	
GOBP_LONG_CHAIN_FATTY_ACID_METABOLIC_PROCESS	GOBP_LONG_CHAIN_FATTY_ACID_METABOLIC_PROCESS		80	-0.5667669	-1.1868145	0.19877675	0.92158645	1.0	979	tags=16%, list=6%, signal=17%	
GOBP_RESPONSE_TO_HYDROGEN_PEROXIDE	GOBP_RESPONSE_TO_HYDROGEN_PEROXIDE		85	-0.55990183	-1.1866951	0.20792079	0.91898954	1.0	733	tags=19%, list=5%, signal=20%	
GOBP_REGULATION_OF_CELLULAR_RESPONSE_TO_VASCULAR_ENDOTHELIAL_GROWTH_FACTOR_STIMULUS	GOBP_REGULATION_OF_CELLULAR_RESPONSE_TO_VASCULAR_ENDOTHELIAL_GROWTH_FACTOR_STIMULUS		30	-0.59606403	-1.185668	0.2672414	0.91867757	1.0	1078	tags=23%, list=7%, signal=25%	
GOBP_DETECTION_OF_MECHANICAL_STIMULUS	GOBP_DETECTION_OF_MECHANICAL_STIMULUS		47	-0.57082975	-1.1845365	0.25449103	0.91865224	1.0	378	tags=11%, list=2%, signal=11%	
GOBP_MUSCLE_CONTRACTION	GOBP_MUSCLE_CONTRACTION		359	-0.6008263	-1.1832038	0.2923077	0.91920865	1.0	697	tags=14%, list=4%, signal=15%	
DURANTE_ADULT_OLFACTORY_NEUROEPITHELIUM_GLOBOSE_BASAL_CELLS	DURANTE_ADULT_OLFACTORY_NEUROEPITHELIUM_GLOBOSE_BASAL_CELLS		29	-0.579788	-1.1830306	0.24668436	0.9168428	1.0	756	tags=38%, list=5%, signal=40%	
GOBP_NEGATIVE_REGULATION_OF_OSTEOCLAST_DIFFERENTIATION	GOBP_NEGATIVE_REGULATION_OF_OSTEOCLAST_DIFFERENTIATION		27	-0.59486777	-1.1827592	0.25882354	0.91463315	1.0	124	tags=7%, list=1%, signal=7%	
DESCARTES_FETAL_CEREBELLUM_VASCULAR_ENDOTHELIAL_CELLS	DESCARTES_FETAL_CEREBELLUM_VASCULAR_ENDOTHELIAL_CELLS		445	-0.6245779	-1.1815614	0.31864408	0.915005	1.0	1196	tags=21%, list=7%, signal=22%	
GOBP_SKIN_DEVELOPMENT	GOBP_SKIN_DEVELOPMENT		220	-0.58168024	-1.1786609	0.2	0.91971064	1.0	330	tags=5%, list=2%, signal=5%	
GOBP_POLYAMINE_METABOLIC_PROCESS	GOBP_POLYAMINE_METABOLIC_PROCESS		17	-0.61477596	-1.1782573	0.26430517	0.91790944	1.0	1847	tags=41%, list=11%, signal=46%	
GOBP_POSITIVE_REGULATION_OF_VASCULAR_ASSOCIATED_SMOOTH_MUSCLE_CELL_PROLIFERATION	GOBP_POSITIVE_REGULATION_OF_VASCULAR_ASSOCIATED_SMOOTH_MUSCLE_CELL_PROLIFERATION		32	-0.5735146	-1.1767993	0.24207492	0.9188072	1.0	271	tags=9%, list=2%, signal=10%	
GOBP_INTRACELLULAR_LIPID_TRANSPORT	GOBP_INTRACELLULAR_LIPID_TRANSPORT		44	-0.57198447	-1.1762714	0.23753665	0.9173253	1.0	1194	tags=11%, list=7%, signal=12%	
GOBP_REGULATION_OF_MESENCHYMAL_CELL_PROLIFERATION	GOBP_REGULATION_OF_MESENCHYMAL_CELL_PROLIFERATION		33	-0.5627703	-1.1762227	0.2245509	0.9146909	1.0	991	tags=21%, list=6%, signal=23%	
GOBP_FOREBRAIN_CELL_MIGRATION	GOBP_FOREBRAIN_CELL_MIGRATION		64	-0.56015575	-1.1725482	0.23563218	0.92119294	1.0	376	tags=9%, list=2%, signal=10%	
GOBP_TERMINATION_OF_RNA_POLYMERASE_III_TRANSCRIPTION	GOBP_TERMINATION_OF_RNA_POLYMERASE_III_TRANSCRIPTION		16	-0.62312675	-1.1684415	0.2763819	0.9289413	1.0	3917	tags=44%, list=24%, signal=58%	
GOBP_REGULATION_OF_ANIMAL_ORGAN_MORPHOGENESIS	GOBP_REGULATION_OF_ANIMAL_ORGAN_MORPHOGENESIS		67	-0.55635935	-1.1676867	0.21472393	0.9280847	1.0	1333	tags=16%, list=8%, signal=18%	
GOBP_COLLAGEN_BIOSYNTHETIC_PROCESS	GOBP_COLLAGEN_BIOSYNTHETIC_PROCESS		44	-0.5701384	-1.1670929	0.254717	0.92685956	1.0	1052	tags=30%, list=6%, signal=32%	
DURANTE_ADULT_OLFACTORY_NEUROEPITHELIUM_OLFACTORY_MICROVILLAR_CELLS	DURANTE_ADULT_OLFACTORY_NEUROEPITHELIUM_OLFACTORY_MICROVILLAR_CELLS		40	-0.57145584	-1.166112	0.26031747	0.92659277	1.0	879	tags=18%, list=5%, signal=18%	
GOBP_NEURON_INTRINSIC_APOPTOTIC_SIGNALING_PATHWAY_IN_RESPONSE_TO_OXIDATIVE_STRESS	GOBP_NEURON_INTRINSIC_APOPTOTIC_SIGNALING_PATHWAY_IN_RESPONSE_TO_OXIDATIVE_STRESS		21	-0.59181964	-1.1619164	0.2841823	0.93466824	1.0	1125	tags=33%, list=7%, signal=36%	
GOBP_INTRACILIARY_RETROGRADE_TRANSPORT	GOBP_INTRACILIARY_RETROGRADE_TRANSPORT		19	-0.58834404	-1.1585917	0.2715054	0.9405211	1.0	439	tags=11%, list=3%, signal=11%	
ZHONG_PFC_C2_THY1_POS_OPC	ZHONG_PFC_C2_THY1_POS_OPC		24	-0.5767877	-1.1578009	0.2740964	0.93983144	1.0	1041	tags=29%, list=6%, signal=31%	
GOBP_MAMMARY_GLAND_MORPHOGENESIS	GOBP_MAMMARY_GLAND_MORPHOGENESIS		44	-0.55622447	-1.1564844	0.23952095	0.94063723	1.0	1062	tags=16%, list=7%, signal=17%	
GOBP_VASCULAR_ASSOCIATED_SMOOTH_MUSCLE_CELL_PROLIFERATION	GOBP_VASCULAR_ASSOCIATED_SMOOTH_MUSCLE_CELL_PROLIFERATION		52	-0.554046	-1.1555535	0.24307692	0.94032705	1.0	1054	tags=25%, list=6%, signal=27%	
ZHONG_PFC_MAJOR_TYPES_OPC	ZHONG_PFC_MAJOR_TYPES_OPC		82	-0.51173455	-1.1523299	0.21843003	0.9458981	1.0	456	tags=26%, list=3%, signal=26%	
GOBP_CELLULAR_RESPONSE_TO_CAMP	GOBP_CELLULAR_RESPONSE_TO_CAMP		50	-0.5357913	-1.1521404	0.24277456	0.94365036	1.0	492	tags=10%, list=3%, signal=10%	
GOBP_RESPONSE_TO_RETINOIC_ACID	GOBP_RESPONSE_TO_RETINOIC_ACID		88	-0.53915393	-1.151945	0.21574344	0.94139844	1.0	251	tags=7%, list=2%, signal=7%	
GOBP_REGULATION_OF_MITOCHONDRIAL_DEPOLARIZATION	GOBP_REGULATION_OF_MITOCHONDRIAL_DEPOLARIZATION		20	-0.579891	-1.1510646	0.27733332	0.9408175	1.0	497	tags=15%, list=3%, signal=15%	
GOBP_LATE_ENDOSOME_TO_LYSOSOME_TRANSPORT	GOBP_LATE_ENDOSOME_TO_LYSOSOME_TRANSPORT		20	-0.5860968	-1.1501559	0.29096046	0.94056237	1.0	2192	tags=45%, list=13%, signal=52%	
HALLMARK_MYC_TARGETS_V1	HALLMARK_MYC_TARGETS_V1		196	-0.5395955	-1.1495091	0.19855596	0.939647	1.0	1425	tags=29%, list=9%, signal=31%	
GOBP_NEGATIVE_REGULATION_OF_DNA_TEMPLATED_DNA_REPLICATION	GOBP_NEGATIVE_REGULATION_OF_DNA_TEMPLATED_DNA_REPLICATION		15	-0.60192436	-1.1469455	0.29973474	0.9435725	1.0	469	tags=13%, list=3%, signal=14%	
GOBP_MACROPHAGE_MIGRATION	GOBP_MACROPHAGE_MIGRATION		53	-0.54126364	-1.1468458	0.23692308	0.9411012	1.0	990	tags=26%, list=6%, signal=28%	
GOBP_G_PROTEIN_COUPLED_GLUTAMATE_RECEPTOR_SIGNALING_PATHWAY	GOBP_G_PROTEIN_COUPLED_GLUTAMATE_RECEPTOR_SIGNALING_PATHWAY		15	-0.6044447	-1.1458017	0.3130194	0.9411598	1.0	557	tags=13%, list=3%, signal=14%	
GOBP_POSITIVE_REGULATION_OF_INTERLEUKIN_13_PRODUCTION	GOBP_POSITIVE_REGULATION_OF_INTERLEUKIN_13_PRODUCTION		15	-0.5969916	-1.1457458	0.30027547	0.93860996	1.0	1213	tags=20%, list=7%, signal=22%	
GOBP_NEGATIVE_REGULATION_OF_INTRACELLULAR_PROTEIN_TRANSPORT	GOBP_NEGATIVE_REGULATION_OF_INTRACELLULAR_PROTEIN_TRANSPORT		35	-0.57420933	-1.1457422	0.2754821	0.9359544	1.0	1338	tags=23%, list=8%, signal=25%	
GOBP_METANEPHRIC_NEPHRON_MORPHOGENESIS	GOBP_METANEPHRIC_NEPHRON_MORPHOGENESIS		18	-0.5760738	-1.1453403	0.3034682	0.9343694	1.0	1244	tags=22%, list=8%, signal=24%	
GOBP_VASCULAR_WOUND_HEALING	GOBP_VASCULAR_WOUND_HEALING		19	-0.6036249	-1.1451184	0.30706522	0.9323379	1.0	766	tags=26%, list=5%, signal=28%	
GEMMA_GSE23182_SYSTEMIC_INFLAMMATION_MODULATES_FC_RECEPTOR_EXPRESSION_ON_MICROGLIA_IN_CHRONIC_NEURODEGENERATION_TREATMENT_LIPOPOLYSACCHARIDE_DOWN	GEMMA_GSE23182_SYSTEMIC_INFLAMMATION_MODULATES_FC_RECEPTOR_EXPRESSION_ON_MICROGLIA_IN_CHRONIC_NEURODEGENERATION_TREATMENT_LIPOPOLYSACCHARIDE_DOWN		61	-0.55156004	-1.1434499	0.2611465	0.93411267	1.0	1676	tags=34%, list=10%, signal=38%	
GOBP_HEART_TRABECULA_MORPHOGENESIS	GOBP_HEART_TRABECULA_MORPHOGENESIS		32	-0.5736535	-1.1428307	0.27728614	0.9330655	1.0	1545	tags=28%, list=10%, signal=31%	
LEE_CALORIE_RESTRICTION_NEOCORTEX_DN	LEE_CALORIE_RESTRICTION_NEOCORTEX_DN		51	-0.5569654	-1.1427073	0.25825825	0.930753	1.0	881	tags=20%, list=5%, signal=21%	
KEGG_MEDICUS_PATHOGEN_HCMV_UL33_TO_GNB_G_RHO_SIGNALING_PATHWAY	KEGG_MEDICUS_PATHOGEN_HCMV_UL33_TO_GNB_G_RHO_SIGNALING_PATHWAY		28	-0.5818054	-1.1422443	0.3275862	0.9293549	1.0	2465	tags=39%, list=15%, signal=46%	
GOBP_FACE_MORPHOGENESIS	GOBP_FACE_MORPHOGENESIS		31	-0.5540967	-1.1421067	0.27142859	0.9271343	1.0	242	tags=6%, list=1%, signal=7%	
GOBP_EXTERNAL_ENCAPSULATING_STRUCTURE_ORGANIZATION	GOBP_EXTERNAL_ENCAPSULATING_STRUCTURE_ORGANIZATION		296	-0.5812447	-1.1414864	0.27509293	0.92614084	1.0	1010	tags=22%, list=6%, signal=23%	
GOBP_POSITIVE_REGULATION_OF_MEIOTIC_CELL_CYCLE	GOBP_POSITIVE_REGULATION_OF_MEIOTIC_CELL_CYCLE		19	-0.5892567	-1.1414243	0.3121693	0.923741	1.0	89	tags=5%, list=1%, signal=5%	
GOBP_NEGATIVE_REGULATION_OF_LIPID_STORAGE	GOBP_NEGATIVE_REGULATION_OF_LIPID_STORAGE		17	-0.60532874	-1.138261	0.32054794	0.9293012	1.0	331	tags=12%, list=2%, signal=12%	
KEGG_MEDICUS_REFERENCE_WNT_SIGNALING_MODULATION_WNT_ACYLATION	KEGG_MEDICUS_REFERENCE_WNT_SIGNALING_MODULATION_WNT_ACYLATION		16	-0.596707	-1.1380825	0.32054794	0.92716783	1.0	994	tags=6%, list=6%, signal=7%	
GOBP_RETINA_VASCULATURE_DEVELOPMENT_IN_CAMERA_TYPE_EYE	GOBP_RETINA_VASCULATURE_DEVELOPMENT_IN_CAMERA_TYPE_EYE		20	-0.5803864	-1.1380767	0.27945206	0.9246354	1.0	345	tags=10%, list=2%, signal=10%	
GOBP_CEREBELLAR_CORTEX_MORPHOGENESIS	GOBP_CEREBELLAR_CORTEX_MORPHOGENESIS		36	-0.5572687	-1.1379042	0.24852072	0.92257565	1.0	165	tags=6%, list=1%, signal=6%	
DURANTE_ADULT_OLFACTORY_NEUROEPITHELIUM_RESPIRATORY_CILIATED_CELLS	DURANTE_ADULT_OLFACTORY_NEUROEPITHELIUM_RESPIRATORY_CILIATED_CELLS		106	-0.5210584	-1.1370198	0.246875	0.92235154	1.0	601	tags=9%, list=4%, signal=10%	
GOBP_NEGATIVE_REGULATION_OF_EPITHELIAL_CELL_DIFFERENTIATION	GOBP_NEGATIVE_REGULATION_OF_EPITHELIAL_CELL_DIFFERENTIATION		34	-0.55293167	-1.1365674	0.27439025	0.92091835	1.0	1712	tags=26%, list=11%, signal=30%	
GOBP_OLIGOSACCHARIDE_METABOLIC_PROCESS	GOBP_OLIGOSACCHARIDE_METABOLIC_PROCESS		49	-0.5347474	-1.1362573	0.254717	0.9191492	1.0	474	tags=8%, list=3%, signal=8%	
KEGG_MEDICUS_VARIANT_FZD7_OVEREXPRESSION_TO_WNT_SIGNALING_PATHWAY	KEGG_MEDICUS_VARIANT_FZD7_OVEREXPRESSION_TO_WNT_SIGNALING_PATHWAY		34	-0.5574484	-1.135291	0.2742857	0.9191265	1.0	1006	tags=9%, list=6%, signal=9%	
GOBP_RESPONSE_TO_HYPEROXIA	GOBP_RESPONSE_TO_HYPEROXIA		18	-0.5974291	-1.1336833	0.30790192	0.92069316	1.0	739	tags=28%, list=5%, signal=29%	
GOBP_DENDRITE_SELF_AVOIDANCE	GOBP_DENDRITE_SELF_AVOIDANCE		15	-0.61936504	-1.1318012	0.34120736	0.9228977	1.0	2002	tags=33%, list=12%, signal=38%	
GOBP_MUSCLE_SYSTEM_PROCESS	GOBP_MUSCLE_SYSTEM_PROCESS		443	-0.581331	-1.131223	0.3114754	0.92183554	1.0	697	tags=14%, list=4%, signal=14%	
GOBP_METANEPHRIC_NEPHRON_DEVELOPMENT	GOBP_METANEPHRIC_NEPHRON_DEVELOPMENT		31	-0.5660855	-1.1301945	0.30409357	0.9218699	1.0	345	tags=16%, list=2%, signal=16%	
GOBP_NEGATIVE_REGULATION_OF_CARTILAGE_DEVELOPMENT	GOBP_NEGATIVE_REGULATION_OF_CARTILAGE_DEVELOPMENT		27	-0.5676091	-1.1300668	0.28688523	0.9197247	1.0	991	tags=19%, list=6%, signal=20%	
KEGG_GLYCOSAMINOGLYCAN_BIOSYNTHESIS_KERATAN_SULFATE	KEGG_GLYCOSAMINOGLYCAN_BIOSYNTHESIS_KERATAN_SULFATE		15	-0.6064262	-1.1296114	0.3152174	0.9183463	1.0	3311	tags=53%, list=20%, signal=67%	
GOBP_POSITIVE_REGULATION_OF_GLIAL_CELL_DIFFERENTIATION	GOBP_POSITIVE_REGULATION_OF_GLIAL_CELL_DIFFERENTIATION		38	-0.5397418	-1.1269405	0.27246377	0.92225206	1.0	1052	tags=24%, list=6%, signal=25%	
GOBP_NEGATIVE_REGULATION_OF_RECEPTOR_INTERNALIZATION	GOBP_NEGATIVE_REGULATION_OF_RECEPTOR_INTERNALIZATION		15	-0.58774406	-1.1263497	0.32132965	0.921298	1.0	1306	tags=33%, list=8%, signal=36%	
GOBP_ENDOSOME_TO_PLASMA_MEMBRANE_PROTEIN_TRANSPORT	GOBP_ENDOSOME_TO_PLASMA_MEMBRANE_PROTEIN_TRANSPORT		19	-0.58144784	-1.1260079	0.31142858	0.91968375	1.0	1499	tags=42%, list=9%, signal=46%	
GOBP_GABAERGIC_NEURON_DIFFERENTIATION	GOBP_GABAERGIC_NEURON_DIFFERENTIATION		17	-0.59976596	-1.1245933	0.3381503	0.9208926	1.0	1076	tags=18%, list=7%, signal=19%	
GOBP_REGULATION_OF_MORPHOGENESIS_OF_A_BRANCHING_STRUCTURE	GOBP_REGULATION_OF_MORPHOGENESIS_OF_A_BRANCHING_STRUCTURE		48	-0.5680515	-1.1243315	0.27129337	0.91917247	1.0	1157	tags=17%, list=7%, signal=18%	
GOBP_SKELETAL_MUSCLE_TISSUE_REGENERATION	GOBP_SKELETAL_MUSCLE_TISSUE_REGENERATION		33	-0.54499996	-1.1239818	0.30421686	0.91765034	1.0	656	tags=15%, list=4%, signal=16%	
GEMMA_GSE140287_HIPPOCAMPAL_GENE_EXPRESSION_IN_BRED_HIGH_RESPONDER_(BHR)_VS._BRED_LOW_RESPONDER_(BLR)_RATS:_RNA-SEQ_DATA_FROM_GENERATION_F43_PHENOTYPE_BRED.HIGH.RESPONDER.BHR._DOWN	GEMMA_GSE140287_HIPPOCAMPAL_GENE_EXPRESSION_IN_BRED_HIGH_RESPONDER_(BHR)_VS._BRED_LOW_RESPONDER_(BLR)_RATS:_RNA-SEQ_DATA_FROM_GENERATION_F43_PHENOTYPE_BRED.HIGH.RESPONDER.BHR._DOWN		29	-0.55760396	-1.1234571	0.2899729	0.91667485	1.0	504	tags=10%, list=3%, signal=11%	
GOBP_LUNG_CELL_DIFFERENTIATION	GOBP_LUNG_CELL_DIFFERENTIATION		23	-0.557607	-1.1227934	0.3097826	0.9158677	1.0	1029	tags=17%, list=6%, signal=19%	
GOBP_CELLULAR_RESPONSE_TO_GAMMA_RADIATION	GOBP_CELLULAR_RESPONSE_TO_GAMMA_RADIATION		27	-0.55765754	-1.1219826	0.29787233	0.91564447	1.0	1241	tags=19%, list=8%, signal=20%	
GOBP_SENSORY_ORGAN_MORPHOGENESIS	GOBP_SENSORY_ORGAN_MORPHOGENESIS		247	-0.5352367	-1.1216571	0.21678321	0.9140728	1.0	1492	tags=15%, list=9%, signal=17%	
GOBP_METANEPHRIC_NEPHRON_EPITHELIUM_DEVELOPMENT	GOBP_METANEPHRIC_NEPHRON_EPITHELIUM_DEVELOPMENT		19	-0.5685202	-1.1206007	0.29649594	0.9144974	1.0	1562	tags=32%, list=10%, signal=35%	
GOBP_AUTONOMIC_NERVOUS_SYSTEM_DEVELOPMENT	GOBP_AUTONOMIC_NERVOUS_SYSTEM_DEVELOPMENT		38	-0.52699757	-1.120489	0.27696794	0.9123875	1.0	268	tags=11%, list=2%, signal=11%	
HALLMARK_UV_RESPONSE_DN	HALLMARK_UV_RESPONSE_DN		143	-0.5038014	-1.1200818	0.20198676	0.91103786	1.0	657	tags=10%, list=4%, signal=11%	
GOBP_SKIN_EPIDERMIS_DEVELOPMENT	GOBP_SKIN_EPIDERMIS_DEVELOPMENT		108	-0.51447546	-1.1184511	0.2414966	0.912845	1.0	212	tags=5%, list=1%, signal=5%	
DESCARTES_FETAL_CEREBRUM_INHIBITORY_NEURONS	DESCARTES_FETAL_CEREBRUM_INHIBITORY_NEURONS		27	-0.5449633	-1.1181052	0.32132965	0.9113956	1.0	1535	tags=15%, list=9%, signal=16%	
OLIGODENDROCYTE_ALL_DOYLE_CELL_2008	OLIGODENDROCYTE_ALL_DOYLE_CELL_2008		19	-0.5894795	-1.117945	0.35277778	0.90945107	1.0	1925	tags=16%, list=12%, signal=18%	
GOBP_INTRINSIC_APOPTOTIC_SIGNALING_PATHWAY_IN_RESPONSE_TO_OXIDATIVE_STRESS	GOBP_INTRINSIC_APOPTOTIC_SIGNALING_PATHWAY_IN_RESPONSE_TO_OXIDATIVE_STRESS		56	-0.5389285	-1.1163708	0.2646154	0.9110232	1.0	1236	tags=29%, list=8%, signal=31%	
GOBP_LUNG_MORPHOGENESIS	GOBP_LUNG_MORPHOGENESIS		53	-0.534149	-1.1158229	0.28994083	0.91000915	1.0	212	tags=6%, list=1%, signal=6%	
GOBP_AROMATIC_AMINO_ACID_FAMILY_CATABOLIC_PROCESS	GOBP_AROMATIC_AMINO_ACID_FAMILY_CATABOLIC_PROCESS		17	-0.57852936	-1.1152089	0.31920904	0.90914434	1.0	402	tags=6%, list=2%, signal=6%	
KEGG_HISTIDINE_METABOLISM	KEGG_HISTIDINE_METABOLISM		26	-0.5704506	-1.1151657	0.3160763	0.9069534	1.0	1092	tags=19%, list=7%, signal=21%	
GOBP_MOTOR_BEHAVIOR	GOBP_MOTOR_BEHAVIOR		28	-0.5684887	-1.1147217	0.31578946	0.9057889	1.0	21	tags=4%, list=0%, signal=4%	
GOBP_METANEPHROS_MORPHOGENESIS	GOBP_METANEPHROS_MORPHOGENESIS		23	-0.5732923	-1.1146396	0.302799	0.9036716	1.0	1244	tags=22%, list=8%, signal=24%	
GOBP_GASTRULATION	GOBP_GASTRULATION		154	-0.52366847	-1.1139458	0.24125874	0.90321046	1.0	576	tags=14%, list=4%, signal=14%	
GOBP_REGULATION_OF_SKELETAL_MUSCLE_TISSUE_DEVELOPMENT	GOBP_REGULATION_OF_SKELETAL_MUSCLE_TISSUE_DEVELOPMENT		18	-0.58935934	-1.113912	0.35142857	0.9010528	1.0	1052	tags=22%, list=6%, signal=24%	
GOBP_REGULATION_OF_NEUROBLAST_PROLIFERATION	GOBP_REGULATION_OF_NEUROBLAST_PROLIFERATION		30	-0.5615851	-1.1131299	0.3196481	0.9008011	1.0	533	tags=13%, list=3%, signal=14%	
GOBP_NEGATIVE_REGULATION_OF_TRANSLATIONAL_INITIATION	GOBP_NEGATIVE_REGULATION_OF_TRANSLATIONAL_INITIATION		25	-0.56612754	-1.1124723	0.31932774	0.90012115	1.0	18	tags=4%, list=0%, signal=4%	
GOBP_ATRIAL_CARDIAC_MUSCLE_TISSUE_DEVELOPMENT	GOBP_ATRIAL_CARDIAC_MUSCLE_TISSUE_DEVELOPMENT		18	-0.5645777	-1.110907	0.31770834	0.90174603	1.0	1158	tags=17%, list=7%, signal=18%	
HAY_BONE_MARROW_CD34_POS_PRE_PC	HAY_BONE_MARROW_CD34_POS_PRE_PC		96	-0.5109032	-1.1106911	0.23794213	0.9000177	1.0	1805	tags=26%, list=11%, signal=29%	
GOBP_CARDIAC_MUSCLE_TISSUE_MORPHOGENESIS	GOBP_CARDIAC_MUSCLE_TISSUE_MORPHOGENESIS		49	-0.52210593	-1.1104809	0.29411766	0.89836174	1.0	1545	tags=20%, list=10%, signal=22%	
GOBP_REGULATION_OF_MYELINATION	GOBP_REGULATION_OF_MYELINATION		44	-0.5285775	-1.110099	0.27507162	0.8970155	1.0	631	tags=25%, list=4%, signal=26%	
OLIGODENDROCYTE_ALL_CAHOY_JNEURO_2008	OLIGODENDROCYTE_ALL_CAHOY_JNEURO_2008		37	-0.5350933	-1.1100476	0.29032257	0.89492875	1.0	826	tags=24%, list=5%, signal=26%	
GOBP_ENDOCARDIAL_CUSHION_DEVELOPMENT	GOBP_ENDOCARDIAL_CUSHION_DEVELOPMENT		50	-0.51903456	-1.1100123	0.29595014	0.89283013	1.0	1411	tags=28%, list=9%, signal=31%	
GOBP_CHONDROCYTE_DIFFERENTIATION	GOBP_CHONDROCYTE_DIFFERENTIATION		113	-0.5375547	-1.1088681	0.26517573	0.8934315	1.0	234	tags=9%, list=1%, signal=9%	
GOBP_ATP_TRANSPORT	GOBP_ATP_TRANSPORT		18	-0.57491165	-1.1084067	0.33333334	0.8924575	1.0	1367	tags=28%, list=8%, signal=30%	
GOBP_REGULATION_OF_GLIOGENESIS	GOBP_REGULATION_OF_GLIOGENESIS		86	-0.5188506	-1.1081859	0.2640264	0.8908328	1.0	676	tags=15%, list=4%, signal=16%	
KEGG_MEDICUS_REFERENCE_PROMOTION_OF_MICROTUBULE_GROWTH	KEGG_MEDICUS_REFERENCE_PROMOTION_OF_MICROTUBULE_GROWTH		17	-0.5899335	-1.1079968	0.32303372	0.88907963	1.0	514	tags=24%, list=3%, signal=24%	
GOBP_REGULATION_OF_PROTEIN_SUMOYLATION	GOBP_REGULATION_OF_PROTEIN_SUMOYLATION		20	-0.55892605	-1.1053356	0.32736573	0.89320445	1.0	982	tags=20%, list=6%, signal=21%	
GOBP_POSITIVE_REGULATION_OF_HIPPO_SIGNALING	GOBP_POSITIVE_REGULATION_OF_HIPPO_SIGNALING		15	-0.6068538	-1.1027902	0.35068494	0.8974378	1.0	640	tags=20%, list=4%, signal=21%	
GOBP_INTERLEUKIN_5_PRODUCTION	GOBP_INTERLEUKIN_5_PRODUCTION		17	-0.5778942	-1.1026516	0.32692307	0.89564234	1.0	1213	tags=24%, list=7%, signal=25%	
GOBP_MACROPHAGE_ACTIVATION_INVOLVED_IN_IMMUNE_RESPONSE	GOBP_MACROPHAGE_ACTIVATION_INVOLVED_IN_IMMUNE_RESPONSE		22	-0.55150795	-1.1026168	0.3231198	0.8935655	1.0	1274	tags=27%, list=8%, signal=30%	
GOBP_EPITHELIAL_TO_MESENCHYMAL_TRANSITION_INVOLVED_IN_ENDOCARDIAL_CUSHION_FORMATION	GOBP_EPITHELIAL_TO_MESENCHYMAL_TRANSITION_INVOLVED_IN_ENDOCARDIAL_CUSHION_FORMATION		17	-0.5650656	-1.1012253	0.3201133	0.8947187	1.0	1411	tags=47%, list=9%, signal=51%	
GOBP_HEAD_MORPHOGENESIS	GOBP_HEAD_MORPHOGENESIS		37	-0.5284772	-1.1010491	0.30120483	0.89298165	1.0	242	tags=5%, list=1%, signal=5%	
GOBP_RIBONUCLEOPROTEIN_COMPLEX_BIOGENESIS	GOBP_RIBONUCLEOPROTEIN_COMPLEX_BIOGENESIS		476	-0.6096995	-1.1001304	0.38223937	0.89313084	1.0	786	tags=10%, list=5%, signal=10%	
ENDOTHELIAL_ALL_DANEMAN_PLOS_2010	ENDOTHELIAL_ALL_DANEMAN_PLOS_2010		32	-0.5365111	-1.0996674	0.29155314	0.8921011	1.0	1787	tags=28%, list=11%, signal=32%	
GOBP_NEGATIVE_REGULATION_OF_MONONUCLEAR_CELL_MIGRATION	GOBP_NEGATIVE_REGULATION_OF_MONONUCLEAR_CELL_MIGRATION		29	-0.5490854	-1.0979017	0.3160763	0.89433277	1.0	559	tags=17%, list=3%, signal=18%	
GOBP_RESPONSE_TO_HEPATOCYTE_GROWTH_FACTOR	GOBP_RESPONSE_TO_HEPATOCYTE_GROWTH_FACTOR		16	-0.5942178	-1.097779	0.34974092	0.8925146	1.0	52	tags=6%, list=0%, signal=6%	
GOBP_ACID_SECRETION	GOBP_ACID_SECRETION		29	-0.55771244	-1.0971061	0.3144654	0.89189255	1.0	827	tags=7%, list=5%, signal=7%	
GOBP_RESPIRATORY_SYSTEM_DEVELOPMENT	GOBP_RESPIRATORY_SYSTEM_DEVELOPMENT		205	-0.5290322	-1.0951678	0.2551724	0.8946628	1.0	1203	tags=14%, list=7%, signal=15%	
GOBP_RENAL_FILTRATION	GOBP_RENAL_FILTRATION		28	-0.544149	-1.0936118	0.30029154	0.8963293	1.0	1294	tags=29%, list=8%, signal=31%	
GOBP_CONNECTIVE_TISSUE_DEVELOPMENT	GOBP_CONNECTIVE_TISSUE_DEVELOPMENT		275	-0.5372652	-1.0918727	0.25384617	0.8985328	1.0	1068	tags=16%, list=7%, signal=16%	
DURANTE_ADULT_OLFACTORY_NEUROEPITHELIUM_RESPIRATORY_COLUMNAR_CELLS	DURANTE_ADULT_OLFACTORY_NEUROEPITHELIUM_RESPIRATORY_COLUMNAR_CELLS		20	-0.58293664	-1.0915644	0.35579515	0.8971752	1.0	1131	tags=25%, list=7%, signal=27%	
GOBP_TRANSLATIONAL_INITIATION	GOBP_TRANSLATIONAL_INITIATION		118	-0.511615	-1.0902652	0.25867507	0.89843386	1.0	1139	tags=19%, list=7%, signal=21%	
DURANTE_ADULT_OLFACTORY_NEUROEPITHELIUM_RESPIRATORY_HORIZONTAL_BASAL_CELLS	DURANTE_ADULT_OLFACTORY_NEUROEPITHELIUM_RESPIRATORY_HORIZONTAL_BASAL_CELLS		20	-0.5583287	-1.0898085	0.3483146	0.8974653	1.0	1131	tags=30%, list=7%, signal=32%	
KEGG_BASAL_CELL_CARCINOMA	KEGG_BASAL_CELL_CARCINOMA		52	-0.48835382	-1.0889523	0.29787233	0.89733714	1.0	1006	tags=8%, list=6%, signal=8%	
GOBP_EMBRYONIC_EYE_MORPHOGENESIS	GOBP_EMBRYONIC_EYE_MORPHOGENESIS		32	-0.5350407	-1.0885268	0.31085044	0.89621055	1.0	293	tags=9%, list=2%, signal=10%	
GOBP_NEGATIVE_REGULATION_OF_TOLL_LIKE_RECEPTOR_SIGNALING_PATHWAY	GOBP_NEGATIVE_REGULATION_OF_TOLL_LIKE_RECEPTOR_SIGNALING_PATHWAY		18	-0.5717889	-1.088147	0.34770888	0.895105	1.0	60	tags=6%, list=0%, signal=6%	
KEGG_MEDICUS_PATHOGEN_KSHV_VGPCR_TO_GNB_G_ERK_SIGNALING_PATHWAY	KEGG_MEDICUS_PATHOGEN_KSHV_VGPCR_TO_GNB_G_ERK_SIGNALING_PATHWAY		27	-0.5449223	-1.0881121	0.35278514	0.893129	1.0	1861	tags=48%, list=11%, signal=54%	
GOBP_MATING_BEHAVIOR	GOBP_MATING_BEHAVIOR		27	-0.5325533	-1.0878234	0.31355932	0.8917838	1.0	1076	tags=26%, list=7%, signal=28%	
GOBP_PYRIMIDINE_NUCLEOSIDE_TRIPHOSPHATE_METABOLIC_PROCESS	GOBP_PYRIMIDINE_NUCLEOSIDE_TRIPHOSPHATE_METABOLIC_PROCESS		21	-0.5671208	-1.087702	0.3638889	0.89002156	1.0	3389	tags=62%, list=21%, signal=78%	
GOBP_TRANSCRIPTION_ELONGATION_BY_RNA_POLYMERASE_I	GOBP_TRANSCRIPTION_ELONGATION_BY_RNA_POLYMERASE_I		15	-0.58593	-1.0875002	0.38333333	0.8884742	1.0	4327	tags=47%, list=27%, signal=64%	
DESCARTES_MAIN_FETAL_INHIBITORY_NEURONS	DESCARTES_MAIN_FETAL_INHIBITORY_NEURONS		27	-0.5449633	-1.087186	0.32670453	0.8872076	1.0	1535	tags=15%, list=9%, signal=16%	
GOBP_METANEPHRIC_EPITHELIUM_DEVELOPMENT	GOBP_METANEPHRIC_EPITHELIUM_DEVELOPMENT		21	-0.56498593	-1.0870957	0.37058824	0.885371	1.0	1562	tags=29%, list=10%, signal=32%	
GOBP_STRIATED_MUSCLE_ADAPTATION	GOBP_STRIATED_MUSCLE_ADAPTATION		38	-0.5464915	-1.0866975	0.3170029	0.88424844	1.0	398	tags=5%, list=2%, signal=5%	
GOBP_RRNA_METABOLIC_PROCESS	GOBP_RRNA_METABOLIC_PROCESS		274	-0.57903224	-1.0858757	0.30402932	0.8840813	1.0	324	tags=7%, list=2%, signal=7%	
GOBP_REGULATION_OF_MACROPHAGE_DIFFERENTIATION	GOBP_REGULATION_OF_MACROPHAGE_DIFFERENTIATION		22	-0.54856795	-1.0856164	0.3442623	0.8826492	1.0	213	tags=9%, list=1%, signal=9%	
LEIN_LOCALIZED_TO_PROXIMAL_DENDRITES	LEIN_LOCALIZED_TO_PROXIMAL_DENDRITES		33	-0.54381615	-1.0856143	0.31213874	0.8806511	1.0	662	tags=21%, list=4%, signal=22%	
GOBP_MESENCHYME_MORPHOGENESIS	GOBP_MESENCHYME_MORPHOGENESIS		57	-0.5064067	-1.0856123	0.28476822	0.87866205	1.0	1411	tags=30%, list=9%, signal=33%	
GEMMA_GSE81672_KETAMINE_AND_IMIPRAMINE_REVERSE_TRANSCRIPTIONAL_SIGNATURES_OF_SUSCEPTIBILITY_AND_INDUCE_RESILIENCE-SPECIFIC_GENE_EXPRESSION_PROFILES_HC_TREATMENT_KETAMINE_UP	GEMMA_GSE81672_KETAMINE_AND_IMIPRAMINE_REVERSE_TRANSCRIPTIONAL_SIGNATURES_OF_SUSCEPTIBILITY_AND_INDUCE_RESILIENCE-SPECIFIC_GENE_EXPRESSION_PROFILES_HC_TREATMENT_KETAMINE_UP		35	-0.5303017	-1.0854096	0.32	0.8771135	1.0	1361	tags=17%, list=8%, signal=19%	
GOBP_VENTRICULAR_CARDIAC_MUSCLE_TISSUE_MORPHOGENESIS	GOBP_VENTRICULAR_CARDIAC_MUSCLE_TISSUE_MORPHOGENESIS		41	-0.53374624	-1.0849296	0.30833334	0.8762451	1.0	1411	tags=22%, list=9%, signal=24%	
GOBP_PROTEIN_TRANSPORT_ALONG_MICROTUBULE	GOBP_PROTEIN_TRANSPORT_ALONG_MICROTUBULE		20	-0.5679773	-1.0841396	0.3378016	0.8761293	1.0	700	tags=25%, list=4%, signal=26%	
GOBP_FEMALE_GAMETE_GENERATION	GOBP_FEMALE_GAMETE_GENERATION		126	-0.5016935	-1.0827096	0.27702704	0.87755936	1.0	437	tags=6%, list=3%, signal=6%	
GOBP_POSITIVE_REGULATION_OF_EXECUTION_PHASE_OF_APOPTOSIS	GOBP_POSITIVE_REGULATION_OF_EXECUTION_PHASE_OF_APOPTOSIS		17	-0.5604733	-1.0813013	0.37564766	0.8788918	1.0	615	tags=12%, list=4%, signal=12%	
OLIGODENDROCYTE_NEWLY-FORMED_ZHANG_JNEURO_2014	OLIGODENDROCYTE_NEWLY-FORMED_ZHANG_JNEURO_2014		28	-0.5339869	-1.0807787	0.3387978	0.87812656	1.0	1447	tags=39%, list=9%, signal=43%	
GOBP_PALLIUM_DEVELOPMENT	GOBP_PALLIUM_DEVELOPMENT		187	-0.49873063	-1.0798861	0.26333332	0.8782689	1.0	811	tags=9%, list=5%, signal=9%	
GOBP_NEGATIVE_REGULATION_OF_LEUKOCYTE_MIGRATION	GOBP_NEGATIVE_REGULATION_OF_LEUKOCYTE_MIGRATION		45	-0.52503574	-1.0795594	0.33142856	0.8770602	1.0	813	tags=18%, list=5%, signal=19%	
CHESLER_BRAIN_HIGHEST_GENETIC_VARIANCE	CHESLER_BRAIN_HIGHEST_GENETIC_VARIANCE		32	-0.539326	-1.0795522	0.34745762	0.87513584	1.0	466	tags=9%, list=3%, signal=10%	
HAY_BONE_MARROW_EARLY_ERYTHROBLAST	HAY_BONE_MARROW_EARLY_ERYTHROBLAST		78	-0.5016643	-1.0794667	0.29113925	0.8733659	1.0	1638	tags=21%, list=10%, signal=23%	
GOBP_LIVER_REGENERATION	GOBP_LIVER_REGENERATION		25	-0.54136467	-1.0781963	0.3421829	0.8744139	1.0	201	tags=8%, list=1%, signal=8%	
GOBP_ENDOCARDIAL_CUSHION_FORMATION	GOBP_ENDOCARDIAL_CUSHION_FORMATION		29	-0.5282959	-1.0756065	0.319403	0.8786954	1.0	1052	tags=28%, list=6%, signal=29%	
GOBP_PROTEIN_O_LINKED_GLYCOSYLATION_VIA_XYLOSE	GOBP_PROTEIN_O_LINKED_GLYCOSYLATION_VIA_XYLOSE		58	-0.49700963	-1.0752759	0.29900333	0.8775608	1.0	2302	tags=22%, list=14%, signal=26%	
GOBP_FACE_DEVELOPMENT	GOBP_FACE_DEVELOPMENT		50	-0.5265176	-1.0743637	0.32934132	0.87774503	1.0	1158	tags=18%, list=7%, signal=19%	
GOBP_PSEUDOURIDINE_SYNTHESIS	GOBP_PSEUDOURIDINE_SYNTHESIS		18	-0.55512506	-1.0741073	0.3838631	0.8763712	1.0	3931	tags=39%, list=24%, signal=51%	
GOBP_ENSHEATHMENT_OF_NEURONS	GOBP_ENSHEATHMENT_OF_NEURONS		149	-0.53185505	-1.0720243	0.28467155	0.87924314	1.0	661	tags=17%, list=4%, signal=18%	
GOBP_REGULATION_OF_POSITIVE_CHEMOTAXIS	GOBP_REGULATION_OF_POSITIVE_CHEMOTAXIS		24	-0.55414957	-1.0712644	0.375	0.87913555	1.0	497	tags=13%, list=3%, signal=13%	
DROPVIZ_STR_OLIGODENDROCYTES_TFR_CLUSTER-MARKERS.CSV	DROPVIZ_STR_OLIGODENDROCYTES_TFR_CLUSTER-MARKERS.CSV		125	-0.4990986	-1.0708232	0.25827813	0.87824136	1.0	825	tags=22%, list=5%, signal=23%	
GOBP_NEPHRON_MORPHOGENESIS	GOBP_NEPHRON_MORPHOGENESIS		64	-0.4956153	-1.0701776	0.29411766	0.8778705	1.0	1244	tags=14%, list=8%, signal=15%	
GOBP_DEVELOPMENTAL_INDUCTION	GOBP_DEVELOPMENTAL_INDUCTION		28	-0.5356387	-1.0699198	0.338843	0.8766455	1.0	479	tags=14%, list=3%, signal=15%	
GOBP_NEGATIVE_REGULATION_OF_CAMP_PKA_SIGNAL_TRANSDUCTION	GOBP_NEGATIVE_REGULATION_OF_CAMP_PKA_SIGNAL_TRANSDUCTION		27	-0.5303118	-1.0696189	0.35	0.8754767	1.0	2129	tags=30%, list=13%, signal=34%	
GOBP_REGULATION_OF_MUSCLE_HYPERTROPHY	GOBP_REGULATION_OF_MUSCLE_HYPERTROPHY		56	-0.50911087	-1.0691047	0.30379745	0.87477934	1.0	675	tags=11%, list=4%, signal=11%	
GOBP_HOST_MEDIATED_ACTIVATION_OF_VIRAL_PROCESS	GOBP_HOST_MEDIATED_ACTIVATION_OF_VIRAL_PROCESS		36	-0.54290384	-1.0689842	0.3505747	0.87317157	1.0	778	tags=19%, list=5%, signal=20%	
GOBP_NEGATIVE_REGULATION_OF_ORGANELLE_ASSEMBLY	GOBP_NEGATIVE_REGULATION_OF_ORGANELLE_ASSEMBLY		49	-0.507711	-1.0687516	0.32899022	0.8718309	1.0	1562	tags=16%, list=10%, signal=18%	
GOBP_RESPONSE_TO_INCREASED_OXYGEN_LEVELS	GOBP_RESPONSE_TO_INCREASED_OXYGEN_LEVELS		25	-0.55248606	-1.0686452	0.3796034	0.8702003	1.0	739	tags=24%, list=5%, signal=25%	
GOBP_CARDIAC_RIGHT_VENTRICLE_MORPHOGENESIS	GOBP_CARDIAC_RIGHT_VENTRICLE_MORPHOGENESIS		15	-0.57728183	-1.0676119	0.37931034	0.87083775	1.0	1411	tags=27%, list=9%, signal=29%	
GOBP_VASCULAR_ENDOTHELIAL_GROWTH_FACTOR_SIGNALING_PATHWAY	GOBP_VASCULAR_ENDOTHELIAL_GROWTH_FACTOR_SIGNALING_PATHWAY		47	-0.51775277	-1.0671074	0.36	0.87017965	1.0	1165	tags=23%, list=7%, signal=25%	
GOBP_REGULATION_OF_EXTRINSIC_APOPTOTIC_SIGNALING_PATHWAY_IN_ABSENCE_OF_LIGAND	GOBP_REGULATION_OF_EXTRINSIC_APOPTOTIC_SIGNALING_PATHWAY_IN_ABSENCE_OF_LIGAND		41	-0.5101771	-1.0670763	0.34920636	0.8684013	1.0	480	tags=17%, list=3%, signal=18%	
GOBP_GLOMERULAR_MESANGIUM_DEVELOPMENT	GOBP_GLOMERULAR_MESANGIUM_DEVELOPMENT		15	-0.57130957	-1.0668448	0.40359896	0.86709446	1.0	991	tags=33%, list=6%, signal=35%	
GOBP_RESPONSE_TO_MUSCLE_ACTIVITY	GOBP_RESPONSE_TO_MUSCLE_ACTIVITY		27	-0.53839976	-1.0660208	0.34375	0.86722887	1.0	656	tags=15%, list=4%, signal=15%	
GOBP_POTASSIUM_ION_EXPORT_ACROSS_PLASMA_MEMBRANE	GOBP_POTASSIUM_ION_EXPORT_ACROSS_PLASMA_MEMBRANE		19	-0.5499495	-1.0654377	0.38359788	0.8667711	1.0	75	tags=5%, list=0%, signal=5%	
GOBP_REGULATION_OF_FIBROBLAST_GROWTH_FACTOR_RECEPTOR_SIGNALING_PATHWAY	GOBP_REGULATION_OF_FIBROBLAST_GROWTH_FACTOR_RECEPTOR_SIGNALING_PATHWAY		31	-0.535839	-1.0642308	0.3481894	0.8676892	1.0	1333	tags=26%, list=8%, signal=28%	
GOBP_POSITIVE_REGULATION_OF_TELOMERE_MAINTENANCE	GOBP_POSITIVE_REGULATION_OF_TELOMERE_MAINTENANCE		72	-0.5111932	-1.0640215	0.28525642	0.86635613	1.0	661	tags=13%, list=4%, signal=13%	
MANNO_MIDBRAIN_NEUROTYPES_BASAL	MANNO_MIDBRAIN_NEUROTYPES_BASAL		56	-0.5078831	-1.0636119	0.28099173	0.8655121	1.0	443	tags=43%, list=3%, signal=44%	
GOBP_REGULATION_OF_RESPONSE_TO_NUTRIENT_LEVELS	GOBP_REGULATION_OF_RESPONSE_TO_NUTRIENT_LEVELS		24	-0.5259896	-1.0631839	0.34710744	0.8647037	1.0	1519	tags=13%, list=9%, signal=14%	
KEGG_MEDICUS_REFERENCE_WNT_SIGNALING_PATHWAY	KEGG_MEDICUS_REFERENCE_WNT_SIGNALING_PATHWAY		43	-0.511205	-1.0631542	0.31470588	0.8629863	1.0	1006	tags=7%, list=6%, signal=7%	
GOBP_REGULATION_OF_TRANSLATIONAL_INITIATION	GOBP_REGULATION_OF_TRANSLATIONAL_INITIATION		85	-0.49213186	-1.0622625	0.32038835	0.8633344	1.0	1139	tags=20%, list=7%, signal=21%	
GOBP_DORSAL_VENTRAL_PATTERN_FORMATION	GOBP_DORSAL_VENTRAL_PATTERN_FORMATION		66	-0.5025326	-1.0620704	0.30745342	0.8619507	1.0	991	tags=8%, list=6%, signal=8%	
GOBP_BODY_MORPHOGENESIS	GOBP_BODY_MORPHOGENESIS		46	-0.51836294	-1.062022	0.32664755	0.860307	1.0	602	tags=9%, list=4%, signal=9%	
GOBP_REGULATION_OF_GLIAL_CELL_DIFFERENTIATION	GOBP_REGULATION_OF_GLIAL_CELL_DIFFERENTIATION		67	-0.49948463	-1.0619873	0.31595093	0.8586124	1.0	1052	tags=15%, list=6%, signal=16%	
KEGG_MEDICUS_VARIANT_MUTATION_CAUSED_ABERRANT_ABETA_TO_ANTEROGRADE_AXONAL_TRANSPORT	KEGG_MEDICUS_VARIANT_MUTATION_CAUSED_ABERRANT_ABETA_TO_ANTEROGRADE_AXONAL_TRANSPORT		19	-0.55646956	-1.0612742	0.39244187	0.8584374	1.0	514	tags=21%, list=3%, signal=22%	
GOBP_GASTRULATION_WITH_MOUTH_FORMING_SECOND	GOBP_GASTRULATION_WITH_MOUTH_FORMING_SECOND		22	-0.53119373	-1.0612179	0.37014925	0.85680264	1.0	62	tags=5%, list=0%, signal=5%	
GOBP_MESONEPHRIC_TUBULE_MORPHOGENESIS	GOBP_MESONEPHRIC_TUBULE_MORPHOGENESIS		55	-0.5107678	-1.0610862	0.32817337	0.85530275	1.0	1244	tags=16%, list=8%, signal=18%	
GOBP_POSITIVE_REGULATION_OF_MORPHOGENESIS_OF_AN_EPITHELIUM	GOBP_POSITIVE_REGULATION_OF_MORPHOGENESIS_OF_AN_EPITHELIUM		32	-0.5202308	-1.0607717	0.35	0.8542757	1.0	1052	tags=19%, list=6%, signal=20%	
GOBP_LATE_ENDOSOME_TO_VACUOLE_TRANSPORT	GOBP_LATE_ENDOSOME_TO_VACUOLE_TRANSPORT		35	-0.5131884	-1.0604012	0.3425926	0.85334677	1.0	1833	tags=31%, list=11%, signal=35%	
KEGG_PRION_DISEASES	KEGG_PRION_DISEASES		31	-0.52665824	-1.0601543	0.34604105	0.8521813	1.0	661	tags=23%, list=4%, signal=23%	
DESCARTES_FETAL_EYE_VASCULAR_ENDOTHELIAL_CELLS	DESCARTES_FETAL_EYE_VASCULAR_ENDOTHELIAL_CELLS		74	-0.49859336	-1.0600891	0.30379745	0.8505955	1.0	1868	tags=27%, list=11%, signal=30%	
GOBP_RESPONSE_TO_SALT_STRESS	GOBP_RESPONSE_TO_SALT_STRESS		18	-0.54334927	-1.0598702	0.38268158	0.84935194	1.0	1240	tags=22%, list=8%, signal=24%	
GOBP_REGULATION_OF_BRANCHING_INVOLVED_IN_URETERIC_BUD_MORPHOGENESIS	GOBP_REGULATION_OF_BRANCHING_INVOLVED_IN_URETERIC_BUD_MORPHOGENESIS		16	-0.5645785	-1.0596919	0.3727034	0.8480241	1.0	1052	tags=25%, list=6%, signal=27%	
GOBP_OOCYTE_MATURATION	GOBP_OOCYTE_MATURATION		25	-0.55085623	-1.0596837	0.40677965	0.8463194	1.0	1158	tags=12%, list=7%, signal=13%	
KEGG_MEDICUS_REFERENCE_COPI_VESICLE_FORMATION	KEGG_MEDICUS_REFERENCE_COPI_VESICLE_FORMATION		21	-0.53733665	-1.0574138	0.35164836	0.8496944	1.0	1353	tags=33%, list=8%, signal=36%	
GOBP_SIGNAL_TRANSDUCTION_IN_ABSENCE_OF_LIGAND	GOBP_SIGNAL_TRANSDUCTION_IN_ABSENCE_OF_LIGAND		65	-0.49368456	-1.0566813	0.3181818	0.84970605	1.0	757	tags=15%, list=5%, signal=16%	
GOBP_NEGATIVE_REGULATION_OF_CELL_SUBSTRATE_ADHESION	GOBP_NEGATIVE_REGULATION_OF_CELL_SUBSTRATE_ADHESION		58	-0.48740748	-1.0563105	0.31123918	0.8487989	1.0	804	tags=17%, list=5%, signal=18%	
GOBP_EMBRYONIC_FORELIMB_MORPHOGENESIS	GOBP_EMBRYONIC_FORELIMB_MORPHOGENESIS		27	-0.5277508	-1.0560395	0.388102	0.84770966	1.0	62	tags=4%, list=0%, signal=4%	
GOBP_CHONDROCYTE_DEVELOPMENT	GOBP_CHONDROCYTE_DEVELOPMENT		34	-0.5052711	-1.0559865	0.33628318	0.84612286	1.0	201	tags=12%, list=1%, signal=12%	
GOBP_REGULATION_OF_ODONTOGENESIS	GOBP_REGULATION_OF_ODONTOGENESIS		15	-0.55557215	-1.055246	0.4112676	0.8461019	1.0	1052	tags=27%, list=6%, signal=28%	
GOBP_MODULATION_BY_SYMBIONT_OF_ENTRY_INTO_HOST	GOBP_MODULATION_BY_SYMBIONT_OF_ENTRY_INTO_HOST		20	-0.55394137	-1.0545684	0.38790932	0.84594643	1.0	1154	tags=30%, list=7%, signal=32%	
GOBP_POSITIVE_REGULATION_OF_PROTEIN_EXPORT_FROM_NUCLEUS	GOBP_POSITIVE_REGULATION_OF_PROTEIN_EXPORT_FROM_NUCLEUS		19	-0.5468758	-1.0510563	0.40944883	0.8522111	1.0	277	tags=11%, list=2%, signal=11%	
GOBP_PARAXIAL_MESODERM_DEVELOPMENT	GOBP_PARAXIAL_MESODERM_DEVELOPMENT		19	-0.5479451	-1.0509413	0.3715847	0.8507534	1.0	1562	tags=21%, list=10%, signal=23%	
GOBP_ESTABLISHMENT_OF_PROTEIN_LOCALIZATION_TO_MITOCHONDRIAL_MEMBRANE	GOBP_ESTABLISHMENT_OF_PROTEIN_LOCALIZATION_TO_MITOCHONDRIAL_MEMBRANE		31	-0.5065128	-1.0504942	0.33333334	0.85007286	1.0	3273	tags=48%, list=20%, signal=60%	
KEGG_MEDICUS_VARIANT_LRP6_OVEREXPRESSION_TO_WNT_SIGNALING_PATHWAY	KEGG_MEDICUS_VARIANT_LRP6_OVEREXPRESSION_TO_WNT_SIGNALING_PATHWAY		42	-0.51518697	-1.0504276	0.33933935	0.84852004	1.0	1006	tags=7%, list=6%, signal=8%	
GOBP_REGULATION_OF_TELOMERE_MAINTENANCE_VIA_TELOMERASE	GOBP_REGULATION_OF_TELOMERE_MAINTENANCE_VIA_TELOMERASE		43	-0.5017812	-1.0473548	0.3374613	0.8537953	1.0	660	tags=16%, list=4%, signal=17%	
GOBP_MORPHOGENESIS_OF_AN_ENDOTHELIUM	GOBP_MORPHOGENESIS_OF_AN_ENDOTHELIUM		17	-0.53914505	-1.0471921	0.38860103	0.8525209	1.0	840	tags=24%, list=5%, signal=25%	
GOBP_NEGATIVE_REGULATION_OF_NUCLEOCYTOPLASMIC_TRANSPORT	GOBP_NEGATIVE_REGULATION_OF_NUCLEOCYTOPLASMIC_TRANSPORT		28	-0.50873744	-1.0468395	0.3888889	0.8516374	1.0	950	tags=18%, list=6%, signal=19%	
GOBP_MODIFICATION_OF_SYNAPTIC_STRUCTURE	GOBP_MODIFICATION_OF_SYNAPTIC_STRUCTURE		39	-0.49507725	-1.0461099	0.3604651	0.8515528	1.0	1611	tags=31%, list=10%, signal=34%	
GOBP_PYRIMIDINE_NUCLEOSIDE_TRIPHOSPHATE_BIOSYNTHETIC_PROCESS	GOBP_PYRIMIDINE_NUCLEOSIDE_TRIPHOSPHATE_BIOSYNTHETIC_PROCESS		16	-0.55513453	-1.0454084	0.40419948	0.85145426	1.0	2794	tags=50%, list=17%, signal=60%	
HALLMARK_WNT_BETA_CATENIN_SIGNALING	HALLMARK_WNT_BETA_CATENIN_SIGNALING		41	-0.49856013	-1.0446697	0.35103244	0.8515118	1.0	1807	tags=22%, list=11%, signal=25%	
GOBP_RESPONSE_TO_GROWTH_HORMONE	GOBP_RESPONSE_TO_GROWTH_HORMONE		33	-0.51039034	-1.043775	0.38439307	0.8518107	1.0	437	tags=6%, list=3%, signal=6%	
GOBP_NEGATIVE_REGULATION_OF_SMOOTH_MUSCLE_CELL_MIGRATION	GOBP_NEGATIVE_REGULATION_OF_SMOOTH_MUSCLE_CELL_MIGRATION		21	-0.53387946	-1.0427811	0.42513368	0.85243696	1.0	991	tags=33%, list=6%, signal=35%	
KIM_ALL_DISORDERS_DURATION_CORR_DN	KIM_ALL_DISORDERS_DURATION_CORR_DN		132	-0.48793876	-1.0424708	0.28522336	0.8514891	1.0	1074	tags=20%, list=7%, signal=21%	
GOBP_SPECIFICATION_OF_ANIMAL_ORGAN_IDENTITY	GOBP_SPECIFICATION_OF_ANIMAL_ORGAN_IDENTITY		29	-0.5234438	-1.0406299	0.36752138	0.85399026	1.0	234	tags=7%, list=1%, signal=7%	
RAMPON_ENRICHED_LEARNING_ENVIRONMENT_LATE_UP	RAMPON_ENRICHED_LEARNING_ENVIRONMENT_LATE_UP		20	-0.544488	-1.0405278	0.40677965	0.85258424	1.0	1740	tags=40%, list=11%, signal=45%	
GOBP_POSITIVE_REGULATION_OF_GLYCOPROTEIN_METABOLIC_PROCESS	GOBP_POSITIVE_REGULATION_OF_GLYCOPROTEIN_METABOLIC_PROCESS		19	-0.53220785	-1.0398934	0.39093485	0.85225046	1.0	216	tags=11%, list=1%, signal=11%	
KEGG_GLUTATHIONE_METABOLISM	KEGG_GLUTATHIONE_METABOLISM		39	-0.5181223	-1.038726	0.34210527	0.8533054	1.0	1816	tags=36%, list=11%, signal=40%	
GOBP_DIGESTIVE_SYSTEM_DEVELOPMENT	GOBP_DIGESTIVE_SYSTEM_DEVELOPMENT		122	-0.49380022	-1.0386873	0.2977941	0.8517437	1.0	689	tags=6%, list=4%, signal=6%	
GOBP_RENAL_SYSTEM_VASCULATURE_DEVELOPMENT	GOBP_RENAL_SYSTEM_VASCULATURE_DEVELOPMENT		29	-0.51669586	-1.0379286	0.36887607	0.85185164	1.0	1244	tags=41%, list=8%, signal=45%	
GOBP_RESPONSE_TO_TRANSFORMING_GROWTH_FACTOR_BETA	GOBP_RESPONSE_TO_TRANSFORMING_GROWTH_FACTOR_BETA		256	-0.5089507	-1.0372758	0.2635135	0.85161376	1.0	1168	tags=21%, list=7%, signal=22%	
GOBP_CELLULAR_COMPONENT_ASSEMBLY_INVOLVED_IN_MORPHOGENESIS	GOBP_CELLULAR_COMPONENT_ASSEMBLY_INVOLVED_IN_MORPHOGENESIS		114	-0.47303158	-1.0366061	0.2658228	0.85149693	1.0	623	tags=9%, list=4%, signal=9%	
GOBP_EAR_DEVELOPMENT	GOBP_EAR_DEVELOPMENT		203	-0.48302013	-1.0361371	0.2591241	0.8509592	1.0	1624	tags=13%, list=10%, signal=15%	
JOHANSSON_GLIOMAGENESIS_BY_PDGFB_UP	JOHANSSON_GLIOMAGENESIS_BY_PDGFB_UP		56	-0.4910211	-1.0358677	0.35759494	0.84993094	1.0	521	tags=29%, list=3%, signal=29%	
GOBP_PROTEIN_PALMITOYLATION	GOBP_PROTEIN_PALMITOYLATION		21	-0.5352385	-1.0358112	0.41798943	0.84843314	1.0	537	tags=10%, list=3%, signal=10%	
GOBP_REGULATION_OF_ENDOTHELIAL_CELL_CHEMOTAXIS	GOBP_REGULATION_OF_ENDOTHELIAL_CELL_CHEMOTAXIS		18	-0.5494905	-1.03455	0.42702702	0.8496836	1.0	949	tags=33%, list=6%, signal=35%	
GOBP_OLIGODENDROCYTE_DIFFERENTIATION	GOBP_OLIGODENDROCYTE_DIFFERENTIATION		100	-0.49415892	-1.0345064	0.32871974	0.8481599	1.0	676	tags=17%, list=4%, signal=18%	
KEGG_MEDICUS_REFERENCE_CXCR4_GNB_G_RAC_SIGNALING_PATHWAY	KEGG_MEDICUS_REFERENCE_CXCR4_GNB_G_RAC_SIGNALING_PATHWAY		23	-0.53550816	-1.0337682	0.3901099	0.8482455	1.0	777	tags=30%, list=5%, signal=32%	
GOBP_AMINE_BIOSYNTHETIC_PROCESS	GOBP_AMINE_BIOSYNTHETIC_PROCESS		33	-0.52250165	-1.0332279	0.3809524	0.84783775	1.0	1847	tags=30%, list=11%, signal=34%	
GOBP_METANEPHROS_DEVELOPMENT	GOBP_METANEPHROS_DEVELOPMENT		73	-0.4785296	-1.0330285	0.3364486	0.8467255	1.0	1689	tags=21%, list=10%, signal=23%	
GOBP_DETECTION_OF_VISIBLE_LIGHT	GOBP_DETECTION_OF_VISIBLE_LIGHT		18	-0.54256237	-1.0326161	0.42541435	0.8460289	1.0	290	tags=6%, list=2%, signal=6%	
JOHNSON_2016_COEXPRESSION_HIPPOCAMPUS_HUMAN_M22	JOHNSON_2016_COEXPRESSION_HIPPOCAMPUS_HUMAN_M22		47	-0.4829263	-1.0323317	0.33053222	0.84509784	1.0	229	tags=19%, list=1%, signal=19%	
GOBP_CELL_CELL_ADHESION_MEDIATED_BY_CADHERIN	GOBP_CELL_CELL_ADHESION_MEDIATED_BY_CADHERIN		56	-0.45809674	-1.0288535	0.3735294	0.85129315	1.0	1761	tags=23%, list=11%, signal=26%	
GOBP_POSITIVE_REGULATION_OF_SMALL_GTPASE_MEDIATED_SIGNAL_TRANSDUCTION	GOBP_POSITIVE_REGULATION_OF_SMALL_GTPASE_MEDIATED_SIGNAL_TRANSDUCTION		80	-0.47186187	-1.0287685	0.32542372	0.84988594	1.0	747	tags=15%, list=5%, signal=16%	
GOBP_GLYCOLIPID_CATABOLIC_PROCESS	GOBP_GLYCOLIPID_CATABOLIC_PROCESS		20	-0.54953223	-1.0286897	0.4180791	0.848486	1.0	1120	tags=35%, list=7%, signal=38%	
GOBP_RESPONSE_TO_PURINE_CONTAINING_COMPOUND	GOBP_RESPONSE_TO_PURINE_CONTAINING_COMPOUND		127	-0.49123254	-1.0280744	0.34954408	0.84826416	1.0	752	tags=10%, list=5%, signal=11%	
GEMMA_GSE149195_SEQUENCING_TO_DETERMINE_THE_EFFECT_OF_NEURONAL_IL-1B_RECEPTOR_KNOCKOUT_ON_THE_STRESS_EFFECT_OF_PAIRED_FIGHTING_SOCIAL_DEFEAT_IN_MICE_TREATMENT_STRESS_UP	GEMMA_GSE149195_SEQUENCING_TO_DETERMINE_THE_EFFECT_OF_NEURONAL_IL-1B_RECEPTOR_KNOCKOUT_ON_THE_STRESS_EFFECT_OF_PAIRED_FIGHTING_SOCIAL_DEFEAT_IN_MICE_TREATMENT_STRESS_UP		21	-0.53261685	-1.0275193	0.3908046	0.84790534	1.0	295	tags=19%, list=2%, signal=19%	
KEGG_MEDICUS_REFERENCE_CCR_CXCR_GNB_G_PI3K_RAC_SIGNALING_PATHWAY	KEGG_MEDICUS_REFERENCE_CCR_CXCR_GNB_G_PI3K_RAC_SIGNALING_PATHWAY		26	-0.5189997	-1.0275016	0.4222874	0.8463762	1.0	777	tags=27%, list=5%, signal=28%	
GOBP_MACROPHAGE_CHEMOTAXIS	GOBP_MACROPHAGE_CHEMOTAXIS		39	-0.49882433	-1.0261279	0.3903904	0.8478921	1.0	990	tags=23%, list=6%, signal=25%	
GOBP_POSITIVE_REGULATION_OF_GLYCOPROTEIN_BIOSYNTHETIC_PROCESS	GOBP_POSITIVE_REGULATION_OF_GLYCOPROTEIN_BIOSYNTHETIC_PROCESS		17	-0.54601604	-1.0260625	0.42204303	0.84646237	1.0	216	tags=12%, list=1%, signal=12%	
GOBP_GANGLIOSIDE_METABOLIC_PROCESS	GOBP_GANGLIOSIDE_METABOLIC_PROCESS		28	-0.5140691	-1.0260131	0.3908046	0.8450099	1.0	71	tags=7%, list=0%, signal=7%	
GOBP_OPTIC_NERVE_DEVELOPMENT	GOBP_OPTIC_NERVE_DEVELOPMENT		15	-0.5354886	-1.0259949	0.44192636	0.84349597	1.0	580	tags=13%, list=4%, signal=14%	
GOBP_PROTEOGLYCAN_BIOSYNTHETIC_PROCESS	GOBP_PROTEOGLYCAN_BIOSYNTHETIC_PROCESS		79	-0.5000423	-1.0259438	0.33892617	0.8420519	1.0	1721	tags=18%, list=11%, signal=20%	
GOBP_POSITIVE_REGULATION_OF_SMOOTH_MUSCLE_CELL_PROLIFERATION	GOBP_POSITIVE_REGULATION_OF_SMOOTH_MUSCLE_CELL_PROLIFERATION		72	-0.49384865	-1.0231326	0.34920636	0.846832	1.0	1359	tags=25%, list=8%, signal=27%	
GOBP_LIMBIC_SYSTEM_DEVELOPMENT	GOBP_LIMBIC_SYSTEM_DEVELOPMENT		116	-0.47132123	-1.0226331	0.2993421	0.84638524	1.0	426	tags=10%, list=3%, signal=11%	
GOBP_GANGLIOSIDE_BIOSYNTHETIC_PROCESS	GOBP_GANGLIOSIDE_BIOSYNTHETIC_PROCESS		16	-0.5435661	-1.0218794	0.3901099	0.84645236	1.0	71	tags=6%, list=0%, signal=6%	
GOBP_REGULATION_OF_NEUROTRANSMITTER_RECEPTOR_ACTIVITY	GOBP_REGULATION_OF_NEUROTRANSMITTER_RECEPTOR_ACTIVITY		36	-0.49588224	-1.0171473	0.38323355	0.855489	1.0	1784	tags=36%, list=11%, signal=40%	
GOBP_SPERM_EGG_RECOGNITION	GOBP_SPERM_EGG_RECOGNITION		28	-0.5078704	-1.0168998	0.421875	0.85451734	1.0	1891	tags=32%, list=12%, signal=36%	
GOBP_NEGATIVE_REGULATION_OF_POTASSIUM_ION_TRANSMEMBRANE_TRANSPORT	GOBP_NEGATIVE_REGULATION_OF_POTASSIUM_ION_TRANSMEMBRANE_TRANSPORT		17	-0.5256279	-1.0147401	0.4359673	0.8578982	1.0	739	tags=12%, list=5%, signal=12%	
GOBP_EMBRYONIC_SKELETAL_SYSTEM_MORPHOGENESIS	GOBP_EMBRYONIC_SKELETAL_SYSTEM_MORPHOGENESIS		65	-0.4823275	-1.0136412	0.36144578	0.8588204	1.0	991	tags=12%, list=6%, signal=13%	
GOBP_NEGATIVE_REGULATION_OF_VASCULAR_ASSOCIATED_SMOOTH_MUSCLE_CELL_PROLIFERATION	GOBP_NEGATIVE_REGULATION_OF_VASCULAR_ASSOCIATED_SMOOTH_MUSCLE_CELL_PROLIFERATION		19	-0.52661276	-1.0133051	0.39130434	0.85803443	1.0	991	tags=37%, list=6%, signal=39%	
GOBP_NEURON_FATE_COMMITMENT	GOBP_NEURON_FATE_COMMITMENT		46	-0.4821946	-1.0111434	0.3943662	0.8614319	1.0	1825	tags=24%, list=11%, signal=27%	
GOBP_KIDNEY_MORPHOGENESIS	GOBP_KIDNEY_MORPHOGENESIS		81	-0.46330118	-1.007988	0.358804	0.8670365	1.0	1244	tags=15%, list=8%, signal=16%	
GOBP_ODONTOGENESIS_OF_DENTIN_CONTAINING_TOOTH	GOBP_ODONTOGENESIS_OF_DENTIN_CONTAINING_TOOTH		69	-0.4701818	-1.0078323	0.37241378	0.86583567	1.0	1052	tags=16%, list=6%, signal=17%	
GOBP_THYMUS_DEVELOPMENT	GOBP_THYMUS_DEVELOPMENT		43	-0.4943673	-1.0074562	0.37942123	0.8651163	1.0	661	tags=9%, list=4%, signal=10%	
BYSTRYKH_HEMATOPOIESIS_STEM_CELL_AND_BRAIN_QTL_CIS	BYSTRYKH_HEMATOPOIESIS_STEM_CELL_AND_BRAIN_QTL_CIS		60	-0.4855921	-1.0073721	0.38757396	0.8637534	1.0	968	tags=22%, list=6%, signal=23%	
GOBP_LEUKOCYTE_MIGRATION_INVOLVED_IN_INFLAMMATORY_RESPONSE	GOBP_LEUKOCYTE_MIGRATION_INVOLVED_IN_INFLAMMATORY_RESPONSE		18	-0.5428758	-1.0065775	0.45671642	0.863976	1.0	452	tags=17%, list=3%, signal=17%	
MEISSNER_BRAIN_ICP_WITH_H3K4ME3	MEISSNER_BRAIN_ICP_WITH_H3K4ME3		26	-0.49439827	-1.0052147	0.3898305	0.86551774	1.0	360	tags=8%, list=2%, signal=8%	
GOBP_OSTEOBLAST_DIFFERENTIATION	GOBP_OSTEOBLAST_DIFFERENTIATION		222	-0.5032999	-1.0045733	0.32592592	0.8654246	1.0	1192	tags=17%, list=7%, signal=18%	
GOBP_NEGATIVE_REGULATION_OF_SMOOTH_MUSCLE_CELL_PROLIFERATION	GOBP_NEGATIVE_REGULATION_OF_SMOOTH_MUSCLE_CELL_PROLIFERATION		44	-0.48750517	-1.0045122	0.392	0.8639914	1.0	991	tags=23%, list=6%, signal=24%	
GOBP_REGULATION_OF_KIDNEY_DEVELOPMENT	GOBP_REGULATION_OF_KIDNEY_DEVELOPMENT		25	-0.49196437	-1.0040021	0.4441341	0.8635923	1.0	1052	tags=16%, list=6%, signal=17%	
GOBP_OSSIFICATION	GOBP_OSSIFICATION		389	-0.5309258	-1.0038266	0.36042404	0.8624573	1.0	1052	tags=14%, list=6%, signal=14%	
HALLMARK_MYOGENESIS	HALLMARK_MYOGENESIS		175	-0.4648516	-1.0034196	0.33703703	0.8618191	1.0	819	tags=13%, list=5%, signal=14%	
KEGG_METABOLISM_OF_XENOBIOTICS_BY_CYTOCHROME_P450	KEGG_METABOLISM_OF_XENOBIOTICS_BY_CYTOCHROME_P450		28	-0.4924369	-1.0031137	0.4293478	0.8609387	1.0	1703	tags=18%, list=10%, signal=20%	
GOBP_NEGATIVE_REGULATION_OF_AMINE_TRANSPORT	GOBP_NEGATIVE_REGULATION_OF_AMINE_TRANSPORT		21	-0.5103335	-1.0027229	0.4006024	0.8602727	1.0	1190	tags=19%, list=7%, signal=21%	
GOBP_POSITIVE_REGULATION_OF_FOCAL_ADHESION_ASSEMBLY	GOBP_POSITIVE_REGULATION_OF_FOCAL_ADHESION_ASSEMBLY		24	-0.51289546	-1.0014899	0.4293948	0.86147094	1.0	747	tags=33%, list=5%, signal=35%	
GOBP_MESENCHYMAL_CELL_MIGRATION	GOBP_MESENCHYMAL_CELL_MIGRATION		57	-0.47004223	-0.99973166	0.3761468	0.8638513	1.0	991	tags=19%, list=6%, signal=20%	
FAN_EMBRYONIC_CTX_OPC	FAN_EMBRYONIC_CTX_OPC		50	-0.49497816	-0.99965817	0.37223974	0.8624968	1.0	1447	tags=34%, list=9%, signal=37%	
GOBP_REGULATION_OF_UBIQUITIN_PROTEIN_TRANSFERASE_ACTIVITY	GOBP_REGULATION_OF_UBIQUITIN_PROTEIN_TRANSFERASE_ACTIVITY		17	-0.50665635	-0.9989172	0.44594595	0.86268586	1.0	54	tags=6%, list=0%, signal=6%	
GOBP_NEGATIVE_REGULATION_OF_PLASMA_MEMBRANE_BOUNDED_CELL_PROJECTION_ASSEMBLY	GOBP_NEGATIVE_REGULATION_OF_PLASMA_MEMBRANE_BOUNDED_CELL_PROJECTION_ASSEMBLY		41	-0.4892766	-0.9982985	0.39481267	0.86258435	1.0	1562	tags=24%, list=10%, signal=27%	
GOBP_POSITIVE_REGULATION_OF_COAGULATION	GOBP_POSITIVE_REGULATION_OF_COAGULATION		25	-0.5195061	-0.99826974	0.45380434	0.8611226	1.0	1294	tags=36%, list=8%, signal=39%	
GOBP_OLIGODENDROCYTE_DEVELOPMENT	GOBP_OLIGODENDROCYTE_DEVELOPMENT		46	-0.45394936	-0.997924	0.4307229	0.86033386	1.0	667	tags=17%, list=4%, signal=18%	
GOBP_CELL_PROLIFERATION_INVOLVED_IN_HEART_MORPHOGENESIS	GOBP_CELL_PROLIFERATION_INVOLVED_IN_HEART_MORPHOGENESIS		15	-0.53495544	-0.99771625	0.45118734	0.8593032	1.0	198	tags=20%, list=1%, signal=20%	
GOBP_MIDDLE_EAR_MORPHOGENESIS	GOBP_MIDDLE_EAR_MORPHOGENESIS		18	-0.5123193	-0.99759644	0.4397759	0.8580753	1.0	1867	tags=28%, list=11%, signal=31%	
GOBP_INTEGRIN_MEDIATED_SIGNALING_PATHWAY	GOBP_INTEGRIN_MEDIATED_SIGNALING_PATHWAY		113	-0.48593777	-0.9960787	0.3458904	0.85997665	1.0	647	tags=22%, list=4%, signal=23%	
GOBP_LATE_ENDOSOME_TO_VACUOLE_TRANSPORT_VIA_MULTIVESICULAR_BODY_SORTING_PATHWAY	GOBP_LATE_ENDOSOME_TO_VACUOLE_TRANSPORT_VIA_MULTIVESICULAR_BODY_SORTING_PATHWAY		26	-0.5013378	-0.9952361	0.4389535	0.8603313	1.0	1833	tags=31%, list=11%, signal=35%	
GOBP_HOST_MEDIATED_PERTURBATION_OF_VIRAL_PROCESS	GOBP_HOST_MEDIATED_PERTURBATION_OF_VIRAL_PROCESS		69	-0.4807119	-0.9943869	0.40666667	0.86078763	1.0	1006	tags=16%, list=6%, signal=17%	
GOBP_RESPONSE_TO_ESTRADIOL	GOBP_RESPONSE_TO_ESTRADIOL		93	-0.47322682	-0.99387413	0.35962147	0.86036605	1.0	253	tags=10%, list=2%, signal=10%	
GOBP_PHOSPHATIDYLCHOLINE_BIOSYNTHETIC_PROCESS	GOBP_PHOSPHATIDYLCHOLINE_BIOSYNTHETIC_PROCESS		24	-0.51591456	-0.99317175	0.45054945	0.8605481	1.0	1126	tags=13%, list=7%, signal=13%	
GOBP_POSITIVE_REGULATION_OF_EMBRYONIC_DEVELOPMENT	GOBP_POSITIVE_REGULATION_OF_EMBRYONIC_DEVELOPMENT		16	-0.5221258	-0.9916888	0.46518105	0.8624124	1.0	341	tags=13%, list=2%, signal=13%	
GOBP_LYMPH_VESSEL_DEVELOPMENT	GOBP_LYMPH_VESSEL_DEVELOPMENT		28	-0.5038684	-0.9909242	0.43539324	0.8626964	1.0	3540	tags=43%, list=22%, signal=55%	
GOBP_BONE_DEVELOPMENT	GOBP_BONE_DEVELOPMENT		205	-0.49364102	-0.990759	0.29389313	0.861576	1.0	991	tags=13%, list=6%, signal=13%	
GEMMA_GSE81501_HIPPOCAMPAL_GENE_EXPRESSION_SIGNATURE_IN_AUTISTIC_BTBR_MICE_STRAIN_BTBR.MOUSE_UP	GEMMA_GSE81501_HIPPOCAMPAL_GENE_EXPRESSION_SIGNATURE_IN_AUTISTIC_BTBR_MICE_STRAIN_BTBR.MOUSE_UP		121	-0.46151608	-0.9903848	0.33564013	0.8609759	1.0	670	tags=7%, list=4%, signal=8%	
GOBP_MODIFICATION_OF_POSTSYNAPTIC_STRUCTURE	GOBP_MODIFICATION_OF_POSTSYNAPTIC_STRUCTURE		32	-0.48874485	-0.98680186	0.46089387	0.8678152	1.0	1611	tags=31%, list=10%, signal=35%	
GOBP_UTERUS_DEVELOPMENT	GOBP_UTERUS_DEVELOPMENT		22	-0.50419885	-0.98651266	0.45961002	0.8669776	1.0	212	tags=9%, list=1%, signal=9%	
GOBP_REGULATION_OF_CYTOPLASMIC_TRANSLATION	GOBP_REGULATION_OF_CYTOPLASMIC_TRANSLATION		36	-0.48453966	-0.9863955	0.39779004	0.8657121	1.0	900	tags=19%, list=6%, signal=21%	
PARK_2011_COEXPRESSION_HIPPOCAMPUS_MOUSE_GREENYELLOW	PARK_2011_COEXPRESSION_HIPPOCAMPUS_MOUSE_GREENYELLOW		289	-0.47772053	-0.98627174	0.2904412	0.8645328	1.0	728	tags=10%, list=4%, signal=10%	
GOBP_REGULATION_OF_PHOSPHOLIPID_BIOSYNTHETIC_PROCESS	GOBP_REGULATION_OF_PHOSPHOLIPID_BIOSYNTHETIC_PROCESS		17	-0.50438285	-0.9856953	0.47922438	0.8642689	1.0	2634	tags=41%, list=16%, signal=49%	
GOBP_CILIUM_OR_FLAGELLUM_DEPENDENT_CELL_MOTILITY	GOBP_CILIUM_OR_FLAGELLUM_DEPENDENT_CELL_MOTILITY		185	-0.47324255	-0.98568743	0.34628975	0.86281884	1.0	1065	tags=5%, list=7%, signal=6%	
GOBP_CELLULAR_RESPONSE_TO_UV	GOBP_CELLULAR_RESPONSE_TO_UV		82	-0.45885074	-0.9853145	0.4025157	0.8621764	1.0	1125	tags=12%, list=7%, signal=13%	
GOBP_GLOMERULUS_DEVELOPMENT	GOBP_GLOMERULUS_DEVELOPMENT		64	-0.4638868	-0.9850773	0.398773	0.8612333	1.0	1158	tags=31%, list=7%, signal=34%	
KEGG_BIOSYNTHESIS_OF_UNSATURATED_FATTY_ACIDS	KEGG_BIOSYNTHESIS_OF_UNSATURATED_FATTY_ACIDS		21	-0.5033865	-0.9841814	0.47714287	0.86176187	1.0	1822	tags=29%, list=11%, signal=32%	
GOBP_VENTRICULAR_CARDIAC_MUSCLE_TISSUE_DEVELOPMENT	GOBP_VENTRICULAR_CARDIAC_MUSCLE_TISSUE_DEVELOPMENT		54	-0.47425067	-0.98403174	0.40285715	0.86064243	1.0	1411	tags=22%, list=9%, signal=24%	
GOBP_MULTICELLULAR_ORGANISMAL_MOVEMENT	GOBP_MULTICELLULAR_ORGANISMAL_MOVEMENT		59	-0.45724028	-0.982061	0.40532544	0.863659	1.0	948	tags=15%, list=6%, signal=16%	
GOBP_CELL_FATE_DETERMINATION	GOBP_CELL_FATE_DETERMINATION		34	-0.4784538	-0.98153895	0.43227667	0.8633585	1.0	991	tags=12%, list=6%, signal=13%	
GOBP_SMOOTH_MUSCLE_CELL_MIGRATION	GOBP_SMOOTH_MUSCLE_CELL_MIGRATION		63	-0.44436806	-0.9813248	0.38080496	0.8623623	1.0	991	tags=19%, list=6%, signal=20%	
KEGG_MEDICUS_REFERENCE_GENE_SILENCING_BY_METHYLATION_OF_H3K27_AND_UBIQUITINATION_OF_H2AK119	KEGG_MEDICUS_REFERENCE_GENE_SILENCING_BY_METHYLATION_OF_H3K27_AND_UBIQUITINATION_OF_H2AK119		36	-0.4885337	-0.9812297	0.45277777	0.86117566	1.0	960	tags=14%, list=6%, signal=15%	
GOBP_POSITIVE_REGULATION_OF_MESENCHYMAL_CELL_PROLIFERATION	GOBP_POSITIVE_REGULATION_OF_MESENCHYMAL_CELL_PROLIFERATION		25	-0.4996871	-0.9808405	0.4305949	0.8605913	1.0	963	tags=16%, list=6%, signal=17%	
GOBP_PROTEIN_RNA_COMPLEX_ORGANIZATION	GOBP_PROTEIN_RNA_COMPLEX_ORGANIZATION		230	-0.4793994	-0.9806345	0.31560284	0.8595869	1.0	609	tags=9%, list=4%, signal=9%	
GOBP_TRACHEA_DEVELOPMENT	GOBP_TRACHEA_DEVELOPMENT		18	-0.50626	-0.9793983	0.47338936	0.86085284	1.0	1097	tags=33%, list=7%, signal=36%	
GOBP_EMBRYONIC_ORGAN_MORPHOGENESIS	GOBP_EMBRYONIC_ORGAN_MORPHOGENESIS		238	-0.4817616	-0.97911096	0.29965156	0.86003554	1.0	991	tags=9%, list=6%, signal=10%	
GOBP_DETECTION_OF_MECHANICAL_STIMULUS_INVOLVED_IN_SENSORY_PERCEPTION	GOBP_DETECTION_OF_MECHANICAL_STIMULUS_INVOLVED_IN_SENSORY_PERCEPTION		31	-0.48880625	-0.9786928	0.45783132	0.8595588	1.0	202	tags=10%, list=1%, signal=10%	
GOBP_PROTEIN_HETEROOLIGOMERIZATION	GOBP_PROTEIN_HETEROOLIGOMERIZATION		28	-0.48969197	-0.97798586	0.4755043	0.8597815	1.0	26	tags=4%, list=0%, signal=4%	
GOBP_HYPOTHALAMUS_DEVELOPMENT	GOBP_HYPOTHALAMUS_DEVELOPMENT		20	-0.49662	-0.9775549	0.45738637	0.8592645	1.0	426	tags=15%, list=3%, signal=15%	
KEGG_P53_SIGNALING_PATHWAY	KEGG_P53_SIGNALING_PATHWAY		62	-0.4643547	-0.9773152	0.37096775	0.85834706	1.0	1484	tags=19%, list=9%, signal=21%	
GOBP_PROTEIN_LOCALIZATION_TO_CILIARY_TRANSITION_ZONE	GOBP_PROTEIN_LOCALIZATION_TO_CILIARY_TRANSITION_ZONE		19	-0.49683055	-0.97694397	0.46961325	0.8577316	1.0	4768	tags=37%, list=29%, signal=52%	
GOBP_AORTA_MORPHOGENESIS	GOBP_AORTA_MORPHOGENESIS		33	-0.49642804	-0.9763831	0.4702381	0.85755235	1.0	345	tags=9%, list=2%, signal=9%	
GOBP_REGULATION_OF_VIRAL_ENTRY_INTO_HOST_CELL	GOBP_REGULATION_OF_VIRAL_ENTRY_INTO_HOST_CELL		15	-0.5089301	-0.97634655	0.44270834	0.8562308	1.0	1154	tags=27%, list=7%, signal=29%	
GOBP_EMBRYONIC_PLACENTA_MORPHOGENESIS	GOBP_EMBRYONIC_PLACENTA_MORPHOGENESIS		23	-0.4955717	-0.9756349	0.45799458	0.8563406	1.0	1228	tags=26%, list=8%, signal=28%	
GOBP_EPITHELIAL_TO_MESENCHYMAL_TRANSITION	GOBP_EPITHELIAL_TO_MESENCHYMAL_TRANSITION		153	-0.45185384	-0.9738897	0.3539519	0.85891515	1.0	1052	tags=14%, list=6%, signal=15%	
GOBP_REGULATION_OF_TELOMERE_MAINTENANCE_VIA_TELOMERE_LENGTHENING	GOBP_REGULATION_OF_TELOMERE_MAINTENANCE_VIA_TELOMERE_LENGTHENING		51	-0.47002208	-0.9736845	0.4202454	0.8580029	1.0	660	tags=14%, list=4%, signal=14%	
GOBP_NEGATIVE_REGULATION_OF_DNA_REPAIR	GOBP_NEGATIVE_REGULATION_OF_DNA_REPAIR		38	-0.49251512	-0.9728016	0.44475922	0.8586281	1.0	58	tags=3%, list=0%, signal=3%	
GOBP_EARLY_ENDOSOME_TO_GOLGI_TRANSPORT	GOBP_EARLY_ENDOSOME_TO_GOLGI_TRANSPORT		17	-0.5199421	-0.97256136	0.48253968	0.8577064	1.0	2626	tags=41%, list=16%, signal=49%	
GOBP_NEGATIVE_REGULATION_OF_EXTRINSIC_APOPTOTIC_SIGNALING_PATHWAY	GOBP_NEGATIVE_REGULATION_OF_EXTRINSIC_APOPTOTIC_SIGNALING_PATHWAY		90	-0.44513044	-0.97124857	0.4	0.8593202	1.0	733	tags=19%, list=5%, signal=20%	
GOBP_TRANSFORMING_GROWTH_FACTOR_BETA_RECEPTOR_SIGNALING_PATHWAY	GOBP_TRANSFORMING_GROWTH_FACTOR_BETA_RECEPTOR_SIGNALING_PATHWAY		203	-0.48519957	-0.96981174	0.36200717	0.8611442	1.0	1411	tags=25%, list=9%, signal=27%	
DESCARTES_MAIN_FETAL_ENS_GLIA	DESCARTES_MAIN_FETAL_ENS_GLIA		93	-0.45137608	-0.96874756	0.38485804	0.86209184	1.0	952	tags=14%, list=6%, signal=15%	
GOBP_REGULATION_OF_EXECUTION_PHASE_OF_APOPTOSIS	GOBP_REGULATION_OF_EXECUTION_PHASE_OF_APOPTOSIS		21	-0.49702066	-0.9680533	0.48066297	0.8622261	1.0	615	tags=10%, list=4%, signal=10%	
DROPVIZ_HC_CHOROIDPLEXUS_TTR_CLUSTER-MARKERS.CSV	DROPVIZ_HC_CHOROIDPLEXUS_TTR_CLUSTER-MARKERS.CSV		76	-0.4457466	-0.9665256	0.38853502	0.8642611	1.0	539	tags=12%, list=3%, signal=12%	
GOBP_DETECTION_OF_ABIOTIC_STIMULUS	GOBP_DETECTION_OF_ABIOTIC_STIMULUS		110	-0.43590736	-0.96646994	0.3807947	0.8629768	1.0	990	tags=9%, list=6%, signal=10%	
GOBP_REGULATION_OF_ENDOTHELIAL_CELL_DIFFERENTIATION	GOBP_REGULATION_OF_ENDOTHELIAL_CELL_DIFFERENTIATION		32	-0.47036272	-0.9661598	0.45251396	0.86229956	1.0	1846	tags=34%, list=11%, signal=39%	
BIRT_HAGENAUER_2020_BREDHIGHRESPONDERSTONOVELTY_UPREGULATED_HC	BIRT_HAGENAUER_2020_BREDHIGHRESPONDERSTONOVELTY_UPREGULATED_HC		79	-0.45001367	-0.9648894	0.4276094	0.8637783	1.0	353	tags=6%, list=2%, signal=6%	
GOBP_REGULATION_OF_VASCULOGENESIS	GOBP_REGULATION_OF_VASCULOGENESIS		17	-0.5091927	-0.96484685	0.4893617	0.8624746	1.0	497	tags=18%, list=3%, signal=18%	
GOBP_POSITIVE_REGULATION_OF_ENDOTHELIAL_CELL_MIGRATION	GOBP_POSITIVE_REGULATION_OF_ENDOTHELIAL_CELL_MIGRATION		106	-0.4472365	-0.96475947	0.35474005	0.8612927	1.0	1196	tags=17%, list=7%, signal=18%	
GOBP_NEGATIVE_REGULATION_OF_ORGANIC_ACID_TRANSPORT	GOBP_NEGATIVE_REGULATION_OF_ORGANIC_ACID_TRANSPORT		19	-0.5066883	-0.96375346	0.5149864	0.86223346	1.0	949	tags=21%, list=6%, signal=22%	
GOBP_POSITIVE_REGULATION_OF_NEUROBLAST_PROLIFERATION	GOBP_POSITIVE_REGULATION_OF_NEUROBLAST_PROLIFERATION		23	-0.4933467	-0.9636708	0.47058824	0.8610404	1.0	533	tags=13%, list=3%, signal=13%	
RHEIN_ALL_GLUCOCORTICOID_THERAPY_DN	RHEIN_ALL_GLUCOCORTICOID_THERAPY_DN		329	-0.50044775	-0.9626689	0.33590734	0.86188585	1.0	1709	tags=26%, list=11%, signal=28%	
GOBP_ANAPHASE_PROMOTING_COMPLEX_DEPENDENT_CATABOLIC_PROCESS	GOBP_ANAPHASE_PROMOTING_COMPLEX_DEPENDENT_CATABOLIC_PROCESS		23	-0.4824	-0.9621037	0.4957507	0.8617047	1.0	3099	tags=48%, list=19%, signal=59%	
PARK_2011_COEXPRESSION_HIPPOCAMPUS_MOUSE_SKYBLUE	PARK_2011_COEXPRESSION_HIPPOCAMPUS_MOUSE_SKYBLUE		49	-0.4626791	-0.96083975	0.45697328	0.8631244	1.0	1216	tags=33%, list=7%, signal=35%	
GOBP_COCHLEA_MORPHOGENESIS	GOBP_COCHLEA_MORPHOGENESIS		23	-0.49823326	-0.9598325	0.4875	0.86391455	1.0	897	tags=17%, list=6%, signal=18%	
GOBP_DETECTION_OF_CHEMICAL_STIMULUS	GOBP_DETECTION_OF_CHEMICAL_STIMULUS		54	-0.47042066	-0.95955706	0.4369231	0.8631541	1.0	602	tags=11%, list=4%, signal=11%	
GOBP_POSITIVE_REGULATION_OF_VIRAL_LIFE_CYCLE	GOBP_POSITIVE_REGULATION_OF_VIRAL_LIFE_CYCLE		18	-0.495968	-0.9594092	0.48618785	0.86212385	1.0	1352	tags=33%, list=8%, signal=36%	
GOBP_REGULATION_OF_LIPOPROTEIN_PARTICLE_CLEARANCE	GOBP_REGULATION_OF_LIPOPROTEIN_PARTICLE_CLEARANCE		17	-0.49846256	-0.9576607	0.48767123	0.8647522	1.0	1319	tags=29%, list=8%, signal=32%	
GOBP_RESPONSE_TO_VITAMIN	GOBP_RESPONSE_TO_VITAMIN		76	-0.45610902	-0.9574344	0.40131578	0.8638629	1.0	277	tags=9%, list=2%, signal=9%	
GOBP_RESPONSE_TO_ISOQUINOLINE_ALKALOID	GOBP_RESPONSE_TO_ISOQUINOLINE_ALKALOID		18	-0.509418	-0.9553303	0.50564975	0.86724734	1.0	335	tags=11%, list=2%, signal=11%	
ZHONG_PFC_C4_PTGDS_POS_OPC	ZHONG_PFC_C4_PTGDS_POS_OPC		135	-0.45085794	-0.9543087	0.3759124	0.86820734	1.0	1207	tags=27%, list=7%, signal=29%	
GOBP_ACUTE_PHASE_RESPONSE	GOBP_ACUTE_PHASE_RESPONSE		29	-0.47036496	-0.95272696	0.47340426	0.8704154	1.0	81	tags=7%, list=0%, signal=7%	
GOBP_REGULATION_OF_FATTY_ACID_BETA_OXIDATION	GOBP_REGULATION_OF_FATTY_ACID_BETA_OXIDATION		16	-0.50175977	-0.95263225	0.5315315	0.8692656	1.0	3341	tags=25%, list=21%, signal=31%	
GOBP_NEPHRON_DEVELOPMENT	GOBP_NEPHRON_DEVELOPMENT		138	-0.4621579	-0.9516592	0.40677965	0.87005895	1.0	1244	tags=21%, list=8%, signal=23%	
DESCARTES_FETAL_EYE_RETINAL_PIGMENT_CELLS	DESCARTES_FETAL_EYE_RETINAL_PIGMENT_CELLS		55	-0.44536245	-0.9478692	0.47109827	0.8774796	1.0	1438	tags=16%, list=9%, signal=18%	
DROPVIZ_HC_NEURON_CAJALRETZIUS_LHX1_CLUSTER-MARKERS.CSV	DROPVIZ_HC_NEURON_CAJALRETZIUS_LHX1_CLUSTER-MARKERS.CSV		40	-0.46034175	-0.94725764	0.49401197	0.87747604	1.0	208	tags=5%, list=1%, signal=5%	
GOBP_REGULATION_OF_OSTEOBLAST_DIFFERENTIATION	GOBP_REGULATION_OF_OSTEOBLAST_DIFFERENTIATION		126	-0.4540101	-0.9464267	0.3986711	0.87802273	1.0	1701	tags=17%, list=10%, signal=19%	
GOBP_NEGATIVE_REGULATION_OF_STEM_CELL_POPULATION_MAINTENANCE	GOBP_NEGATIVE_REGULATION_OF_STEM_CELL_POPULATION_MAINTENANCE		22	-0.4856732	-0.9455343	0.5057143	0.878639	1.0	1894	tags=36%, list=12%, signal=41%	
MARTORIATI_MDM4_TARGETS_NEUROEPITHELIUM_DN	MARTORIATI_MDM4_TARGETS_NEUROEPITHELIUM_DN		139	-0.4384036	-0.9453837	0.4064516	0.87762976	1.0	867	tags=14%, list=5%, signal=14%	
GOBP_ENDOCARDIAL_CUSHION_MORPHOGENESIS	GOBP_ENDOCARDIAL_CUSHION_MORPHOGENESIS		41	-0.44993326	-0.944895	0.48307693	0.8773743	1.0	1411	tags=29%, list=9%, signal=32%	
GOBP_RETICULOPHAGY	GOBP_RETICULOPHAGY		25	-0.48055944	-0.9448529	0.4469914	0.8761065	1.0	3181	tags=36%, list=20%, signal=45%	
GOBP_CELLULAR_RESPONSE_TO_LIGHT_STIMULUS	GOBP_CELLULAR_RESPONSE_TO_LIGHT_STIMULUS		101	-0.43249124	-0.9430874	0.42261904	0.87876064	1.0	1125	tags=12%, list=7%, signal=13%	
GOBP_ANTIFUNGAL_INNATE_IMMUNE_RESPONSE	GOBP_ANTIFUNGAL_INNATE_IMMUNE_RESPONSE		15	-0.49360755	-0.9429405	0.5328084	0.87773097	1.0	689	tags=20%, list=4%, signal=21%	
GOBP_MOTILE_CILIUM_ASSEMBLY	GOBP_MOTILE_CILIUM_ASSEMBLY		75	-0.43240002	-0.94266915	0.44117647	0.8769891	1.0	1266	tags=7%, list=8%, signal=7%	
CHEN_NEUROBLASTOMA_COPY_NUMBER_GAINS	CHEN_NEUROBLASTOMA_COPY_NUMBER_GAINS		46	-0.4597175	-0.9419189	0.44347826	0.8772983	1.0	1874	tags=20%, list=12%, signal=22%	
GOBP_NEGATIVE_REGULATION_OF_EXTRINSIC_APOPTOTIC_SIGNALING_PATHWAY_VIA_DEATH_DOMAIN_RECEPTORS	GOBP_NEGATIVE_REGULATION_OF_EXTRINSIC_APOPTOTIC_SIGNALING_PATHWAY_VIA_DEATH_DOMAIN_RECEPTORS		29	-0.44951206	-0.9415169	0.47058824	0.8768335	1.0	733	tags=17%, list=5%, signal=18%	
GOBP_MULTIVESICULAR_BODY_ORGANIZATION	GOBP_MULTIVESICULAR_BODY_ORGANIZATION		32	-0.4688957	-0.94137985	0.51376146	0.8757809	1.0	1833	tags=34%, list=11%, signal=39%	
GOBP_MACROMOLECULE_DEACYLATION	GOBP_MACROMOLECULE_DEACYLATION		45	-0.4499352	-0.9409035	0.49271137	0.875477	1.0	678	tags=11%, list=4%, signal=12%	
GOBP_RESPONSE_TO_REACTIVE_OXYGEN_SPECIES	GOBP_RESPONSE_TO_REACTIVE_OXYGEN_SPECIES		167	-0.43577337	-0.9400657	0.36754966	0.87605745	1.0	733	tags=15%, list=5%, signal=16%	
GOBP_RESPONSE_TO_PH	GOBP_RESPONSE_TO_PH		35	-0.45626494	-0.93994254	0.4731861	0.8750038	1.0	188	tags=9%, list=1%, signal=9%	
GOBP_MALE_MEIOSIS_I	GOBP_MALE_MEIOSIS_I		20	-0.48864308	-0.93936837	0.5505618	0.87498283	1.0	1927	tags=20%, list=12%, signal=23%	
GOBP_REGULATION_OF_NEURAL_PRECURSOR_CELL_PROLIFERATION	GOBP_REGULATION_OF_NEURAL_PRECURSOR_CELL_PROLIFERATION		82	-0.44364902	-0.9392271	0.44827586	0.87395215	1.0	576	tags=11%, list=4%, signal=11%	
GOBP_POSITIVE_REGULATION_OF_DNA_BINDING	GOBP_POSITIVE_REGULATION_OF_DNA_BINDING		19	-0.48634434	-0.93854743	0.5040872	0.8741153	1.0	368	tags=11%, list=2%, signal=11%	
GOBP_AROMATIC_AMINO_ACID_METABOLIC_PROCESS	GOBP_AROMATIC_AMINO_ACID_METABOLIC_PROCESS		35	-0.4560612	-0.93608356	0.47619048	0.8782316	1.0	733	tags=6%, list=5%, signal=6%	
GOBP_MESENCHYMAL_CELL_DIFFERENTIATION	GOBP_MESENCHYMAL_CELL_DIFFERENTIATION		226	-0.44541335	-0.93519104	0.36200717	0.8788666	1.0	1052	tags=15%, list=6%, signal=16%	
GOBP_REPRODUCTIVE_BEHAVIOR	GOBP_REPRODUCTIVE_BEHAVIOR		37	-0.4659678	-0.9345554	0.5043478	0.8789837	1.0	1105	tags=22%, list=7%, signal=23%	
GOBP_CERAMIDE_CATABOLIC_PROCESS	GOBP_CERAMIDE_CATABOLIC_PROCESS		18	-0.49244976	-0.934515	0.520436	0.87773585	1.0	1120	tags=22%, list=7%, signal=24%	
GOBP_RESPONSE_TO_ESTROGEN	GOBP_RESPONSE_TO_ESTROGEN		52	-0.4583213	-0.9344722	0.4234234	0.8764758	1.0	1021	tags=17%, list=6%, signal=18%	
GOBP_MESENCHYME_DEVELOPMENT	GOBP_MESENCHYME_DEVELOPMENT		275	-0.4535202	-0.9336934	0.33779263	0.87691283	1.0	1257	tags=17%, list=8%, signal=18%	
GOBP_TERMINATION_OF_RNA_POLYMERASE_I_TRANSCRIPTION	GOBP_TERMINATION_OF_RNA_POLYMERASE_I_TRANSCRIPTION		15	-0.50774425	-0.9328463	0.5217391	0.8774888	1.0	324	tags=7%, list=2%, signal=7%	
PARK_2011_COEXPRESSION_HIPPOCAMPUS_MOUSE_GREY60	PARK_2011_COEXPRESSION_HIPPOCAMPUS_MOUSE_GREY60		116	-0.42610097	-0.9317644	0.4041096	0.87855375	1.0	1494	tags=17%, list=9%, signal=19%	
GEMMA_GSE113796_MRNA-SEQ_OF_MOUSE_METTL3_CKO_AND_FTO_CKO_HIPPOCAMPUS_AFTER_FEAR_CONDITIONING_GENOTYPE_METTL3.MOUSE.METHYLTRANSFERASE.LIKE.3_HOMOZYGOUS.NEGATIVE_UP	GEMMA_GSE113796_MRNA-SEQ_OF_MOUSE_METTL3_CKO_AND_FTO_CKO_HIPPOCAMPUS_AFTER_FEAR_CONDITIONING_GENOTYPE_METTL3.MOUSE.METHYLTRANSFERASE.LIKE.3_HOMOZYGOUS.NEGATIVE_UP		39	-0.4508588	-0.9310347	0.46994534	0.8789095	1.0	2188	tags=33%, list=13%, signal=38%	
GOBP_POSITIVE_REGULATION_OF_AUTOPHAGOSOME_ASSEMBLY	GOBP_POSITIVE_REGULATION_OF_AUTOPHAGOSOME_ASSEMBLY		21	-0.47727355	-0.93041456	0.52737755	0.87901604	1.0	1665	tags=24%, list=10%, signal=26%	
GOBP_APPENDAGE_MORPHOGENESIS	GOBP_APPENDAGE_MORPHOGENESIS		136	-0.445497	-0.92968994	0.38198757	0.8792814	1.0	1006	tags=9%, list=6%, signal=9%	
GOBP_APPENDAGE_DEVELOPMENT	GOBP_APPENDAGE_DEVELOPMENT		171	-0.44355026	-0.929429	0.3859649	0.8785149	1.0	386	tags=6%, list=2%, signal=6%	
GOBP_SMOOTH_MUSCLE_CELL_PROLIFERATION	GOBP_SMOOTH_MUSCLE_CELL_PROLIFERATION		122	-0.42380553	-0.92919517	0.43050846	0.8776993	1.0	1286	tags=23%, list=8%, signal=25%	
GEMMA_GSE81501_HIPPOCAMPAL_GENE_EXPRESSION_SIGNATURE_IN_AUTISTIC_BTBR_MICE_STRAIN_BTBR.MOUSE_DOWN	GEMMA_GSE81501_HIPPOCAMPAL_GENE_EXPRESSION_SIGNATURE_IN_AUTISTIC_BTBR_MICE_STRAIN_BTBR.MOUSE_DOWN		215	-0.4386308	-0.9288919	0.39763778	0.87710893	1.0	952	tags=9%, list=6%, signal=9%	
GOBP_REGULATION_OF_MITOCHONDRIAL_MEMBRANE_POTENTIAL	GOBP_REGULATION_OF_MITOCHONDRIAL_MEMBRANE_POTENTIAL		66	-0.43497872	-0.92861944	0.47619048	0.8764258	1.0	801	tags=17%, list=5%, signal=17%	
GOBP_POSITIVE_REGULATION_OF_GLIOGENESIS	GOBP_POSITIVE_REGULATION_OF_GLIOGENESIS		56	-0.44417682	-0.9279921	0.48867315	0.8766069	1.0	1052	tags=20%, list=6%, signal=21%	
GOBP_ANGIOGENESIS_INVOLVED_IN_WOUND_HEALING	GOBP_ANGIOGENESIS_INVOLVED_IN_WOUND_HEALING		28	-0.44977537	-0.92756796	0.4875346	0.8762277	1.0	766	tags=21%, list=5%, signal=22%	
GOBP_REGULATION_OF_DNA_BIOSYNTHETIC_PROCESS	GOBP_REGULATION_OF_DNA_BIOSYNTHETIC_PROCESS		82	-0.4384784	-0.9270129	0.42732558	0.8762545	1.0	766	tags=11%, list=5%, signal=11%	
YAO_HOXA10_TARGETS_VIA_PROGESTERONE_DN	YAO_HOXA10_TARGETS_VIA_PROGESTERONE_DN		15	-0.49503013	-0.9255326	0.5536723	0.87835413	1.0	499	tags=20%, list=3%, signal=21%	
GOBP_HAIR_CELL_DIFFERENTIATION	GOBP_HAIR_CELL_DIFFERENTIATION		48	-0.43846458	-0.92464304	0.49211356	0.8790234	1.0	747	tags=6%, list=5%, signal=7%	
FAN_EMBRYONIC_CTX_BIG_GROUPS_BRAIN_ENDOTHELIAL	FAN_EMBRYONIC_CTX_BIG_GROUPS_BRAIN_ENDOTHELIAL		327	-0.49727035	-0.92442316	0.3618677	0.8782374	1.0	1181	tags=30%, list=7%, signal=31%	
GOBP_CHOLESTEROL_STORAGE	GOBP_CHOLESTEROL_STORAGE		19	-0.47442666	-0.9235452	0.53424656	0.8789305	1.0	111	tags=11%, list=1%, signal=11%	
GOBP_NEGATIVE_REGULATION_OF_TRANSLATION	GOBP_NEGATIVE_REGULATION_OF_TRANSLATION		121	-0.43739104	-0.92323935	0.42767295	0.87831724	1.0	458	tags=6%, list=3%, signal=6%	
GOBP_MEMBRANE_BIOGENESIS	GOBP_MEMBRANE_BIOGENESIS		63	-0.42609718	-0.923086	0.49685535	0.877342	1.0	1293	tags=24%, list=8%, signal=26%	
FAN_EMBRYONIC_CTX_BRAIN_ENDOTHELIAL_1	FAN_EMBRYONIC_CTX_BRAIN_ENDOTHELIAL_1		390	-0.47899732	-0.92217964	0.37109375	0.8781651	1.0	1168	tags=26%, list=7%, signal=28%	
GOBP_SKELETAL_SYSTEM_DEVELOPMENT	GOBP_SKELETAL_SYSTEM_DEVELOPMENT		468	-0.5346908	-0.9219799	0.45925927	0.87732583	1.0	994	tags=13%, list=6%, signal=13%	
HU_FETAL_RETINA_FIBROBLAST	HU_FETAL_RETINA_FIBROBLAST		345	-0.4853008	-0.92145395	0.35793358	0.8771923	1.0	963	tags=23%, list=6%, signal=24%	
GOBP_EMBRYONIC_CAMERA_TYPE_EYE_DEVELOPMENT	GOBP_EMBRYONIC_CAMERA_TYPE_EYE_DEVELOPMENT		35	-0.4502537	-0.92059237	0.48447204	0.87783915	1.0	293	tags=9%, list=2%, signal=9%	
GOBP_NEGATIVE_REGULATION_OF_MYELOID_CELL_DIFFERENTIATION	GOBP_NEGATIVE_REGULATION_OF_MYELOID_CELL_DIFFERENTIATION		73	-0.42153186	-0.92038506	0.49	0.8769981	1.0	213	tags=5%, list=1%, signal=6%	
GOBP_NUCLEOLUS_ORGANIZATION	GOBP_NUCLEOLUS_ORGANIZATION		18	-0.4874501	-0.92032427	0.55431753	0.8758377	1.0	275	tags=11%, list=2%, signal=11%	
GOBP_NEGATIVE_REGULATION_OF_PROTEIN_LOCALIZATION_TO_NUCLEUS	GOBP_NEGATIVE_REGULATION_OF_PROTEIN_LOCALIZATION_TO_NUCLEUS		37	-0.43490922	-0.9194665	0.50292397	0.87651336	1.0	1289	tags=22%, list=8%, signal=23%	
GOBP_EYE_MORPHOGENESIS	GOBP_EYE_MORPHOGENESIS		150	-0.42075697	-0.91918916	0.44673538	0.87583685	1.0	1318	tags=14%, list=8%, signal=15%	
GOBP_RESPONSE_TO_UV	GOBP_RESPONSE_TO_UV		140	-0.44910508	-0.9184429	0.43003413	0.8761903	1.0	1263	tags=13%, list=8%, signal=14%	
GOBP_POSITIVE_REGULATION_OF_REPRODUCTIVE_PROCESS	GOBP_POSITIVE_REGULATION_OF_REPRODUCTIVE_PROCESS		59	-0.43999603	-0.9179481	0.4522293	0.8760157	1.0	1121	tags=8%, list=7%, signal=9%	
GOBP_REGULATION_OF_PROTEIN_IMPORT_INTO_NUCLEUS	GOBP_REGULATION_OF_PROTEIN_IMPORT_INTO_NUCLEUS		58	-0.43159217	-0.917202	0.49196142	0.8764324	1.0	1052	tags=14%, list=6%, signal=15%	
GOBP_MULTI_MULTICELLULAR_ORGANISM_PROCESS	GOBP_MULTI_MULTICELLULAR_ORGANISM_PROCESS		169	-0.44430435	-0.9159149	0.41639343	0.8780642	1.0	792	tags=12%, list=5%, signal=13%	
GOBP_EMBRYONIC_DIGIT_MORPHOGENESIS	GOBP_EMBRYONIC_DIGIT_MORPHOGENESIS		55	-0.4206334	-0.9155936	0.47619048	0.8775682	1.0	1481	tags=16%, list=9%, signal=18%	
GOBP_NEGATIVE_REGULATION_OF_POST_TRANSLATIONAL_PROTEIN_MODIFICATION	GOBP_NEGATIVE_REGULATION_OF_POST_TRANSLATIONAL_PROTEIN_MODIFICATION		83	-0.4255279	-0.91481894	0.47352025	0.87801063	1.0	969	tags=12%, list=6%, signal=13%	
GOBP_CYCLIC_NUCLEOTIDE_METABOLIC_PROCESS	GOBP_CYCLIC_NUCLEOTIDE_METABOLIC_PROCESS		41	-0.43541074	-0.9147534	0.5243902	0.8768825	1.0	664	tags=7%, list=4%, signal=8%	
KEGG_FOCAL_ADHESION	KEGG_FOCAL_ADHESION		188	-0.44262728	-0.91449195	0.43312103	0.8761862	1.0	507	tags=15%, list=3%, signal=16%	
DROPVIZ_HC_NEUROGENESIS_SOX4_CLUSTER-MARKERS.CSV	DROPVIZ_HC_NEUROGENESIS_SOX4_CLUSTER-MARKERS.CSV		44	-0.43433565	-0.9142365	0.50769234	0.87549305	1.0	2412	tags=30%, list=15%, signal=35%	
GOBP_CATECHOL_CONTAINING_COMPOUND_BIOSYNTHETIC_PROCESS	GOBP_CATECHOL_CONTAINING_COMPOUND_BIOSYNTHETIC_PROCESS		18	-0.4709031	-0.91392004	0.53125	0.8749827	1.0	1411	tags=22%, list=9%, signal=24%	
GOBP_POSITIVE_REGULATION_OF_CELL_DIVISION	GOBP_POSITIVE_REGULATION_OF_CELL_DIVISION		77	-0.43187064	-0.91267204	0.44186047	0.87656593	1.0	838	tags=9%, list=5%, signal=10%	
OLIGODENDROCYTE_ALL_ZEISEL_SCIENCE_2015	OLIGODENDROCYTE_ALL_ZEISEL_SCIENCE_2015		351	-0.46770164	-0.9120807	0.3602941	0.87668204	1.0	1502	tags=23%, list=9%, signal=24%	
GOBP_NEGATIVE_REGULATION_OF_ACTIN_FILAMENT_BUNDLE_ASSEMBLY	GOBP_NEGATIVE_REGULATION_OF_ACTIN_FILAMENT_BUNDLE_ASSEMBLY		30	-0.45802966	-0.91196704	0.5352941	0.8756984	1.0	920	tags=20%, list=6%, signal=21%	
GOBP_BRANCHING_MORPHOGENESIS_OF_AN_EPITHELIAL_TUBE	GOBP_BRANCHING_MORPHOGENESIS_OF_AN_EPITHELIAL_TUBE		140	-0.41849762	-0.9116295	0.46785715	0.87522453	1.0	1244	tags=13%, list=8%, signal=14%	
GOBP_NEGATIVE_REGULATION_OF_BLOOD_PRESSURE	GOBP_NEGATIVE_REGULATION_OF_BLOOD_PRESSURE		37	-0.43950525	-0.9109213	0.526738	0.8755933	1.0	1196	tags=16%, list=7%, signal=17%	
GOBP_AXON_ENSHEATHMENT_IN_CENTRAL_NERVOUS_SYSTEM	GOBP_AXON_ENSHEATHMENT_IN_CENTRAL_NERVOUS_SYSTEM		24	-0.45686212	-0.91091883	0.54829544	0.87435347	1.0	581	tags=21%, list=4%, signal=22%	
GOBP_COLLAGEN_METABOLIC_PROCESS	GOBP_COLLAGEN_METABOLIC_PROCESS		92	-0.42537177	-0.9106785	0.44333333	0.87365746	1.0	1052	tags=26%, list=6%, signal=28%	
CHEBOTAEV_GR_TARGETS_DN	CHEBOTAEV_GR_TARGETS_DN		105	-0.42073864	-0.91047955	0.48916408	0.8728606	1.0	769	tags=12%, list=5%, signal=13%	
GOBP_PYRIMIDINE_NUCLEOSIDE_MONOPHOSPHATE_BIOSYNTHETIC_PROCESS	GOBP_PYRIMIDINE_NUCLEOSIDE_MONOPHOSPHATE_BIOSYNTHETIC_PROCESS		15	-0.4929992	-0.9100295	0.5409836	0.87261194	1.0	2824	tags=53%, list=17%, signal=64%	
GOBP_MUSCLE_CELL_DIFFERENTIATION	GOBP_MUSCLE_CELL_DIFFERENTIATION		404	-0.48981097	-0.9095006	0.3877551	0.8725514	1.0	680	tags=15%, list=4%, signal=15%	
DESCARTES_MAIN_FETAL_SCHWANN_CELLS	DESCARTES_MAIN_FETAL_SCHWANN_CELLS		180	-0.4258299	-0.90934986	0.38235295	0.87166595	1.0	877	tags=12%, list=5%, signal=13%	
GOBP_HEART_FORMATION	GOBP_HEART_FORMATION		27	-0.44076923	-0.90927553	0.55873924	0.8706093	1.0	62	tags=4%, list=0%, signal=4%	
KEGG_DRUG_METABOLISM_CYTOCHROME_P450	KEGG_DRUG_METABOLISM_CYTOCHROME_P450		32	-0.44747642	-0.9090018	0.5415385	0.87004286	1.0	1703	tags=16%, list=10%, signal=17%	
GOBP_RESPONSE_TO_FIBROBLAST_GROWTH_FACTOR	GOBP_RESPONSE_TO_FIBROBLAST_GROWTH_FACTOR		99	-0.43854555	-0.9086514	0.47634068	0.86955196	1.0	297	tags=6%, list=2%, signal=6%	
GOBP_RNA_TEMPLATED_DNA_BIOSYNTHETIC_PROCESS	GOBP_RNA_TEMPLATED_DNA_BIOSYNTHETIC_PROCESS		58	-0.42856562	-0.90795034	0.45171338	0.86988086	1.0	660	tags=12%, list=4%, signal=13%	
STARK_PREFRONTAL_CORTEX_22Q11_DELETION_DN	STARK_PREFRONTAL_CORTEX_22Q11_DELETION_DN		463	-0.48002738	-0.90646553	0.39711192	0.87195367	1.0	2257	tags=32%, list=14%, signal=37%	
GOBP_REGULATION_OF_LAMELLIPODIUM_ASSEMBLY	GOBP_REGULATION_OF_LAMELLIPODIUM_ASSEMBLY		37	-0.43784764	-0.9063794	0.5663717	0.8709202	1.0	747	tags=19%, list=5%, signal=20%	
GOBP_RESPONSE_TO_AMPHETAMINE	GOBP_RESPONSE_TO_AMPHETAMINE		30	-0.4442273	-0.9060267	0.53066665	0.8704444	1.0	1318	tags=33%, list=8%, signal=36%	
GOBP_REGULATION_OF_CALCIUM_ION_IMPORT	GOBP_REGULATION_OF_CALCIUM_ION_IMPORT		35	-0.4463296	-0.90493697	0.54285717	0.8716533	1.0	345	tags=9%, list=2%, signal=9%	
GOBP_ENDOTHELIAL_CELL_CHEMOTAXIS	GOBP_ENDOTHELIAL_CELL_CHEMOTAXIS		27	-0.4530287	-0.90408015	0.54415953	0.8723731	1.0	949	tags=22%, list=6%, signal=24%	
GOBP_PROTEIN_LOCALIZATION_TO_CILIUM	GOBP_PROTEIN_LOCALIZATION_TO_CILIUM		78	-0.42253083	-0.902819	0.5117845	0.87399936	1.0	1398	tags=12%, list=9%, signal=13%	
GOBP_MYOBLAST_PROLIFERATION	GOBP_MYOBLAST_PROLIFERATION		17	-0.47487953	-0.9027781	0.5670886	0.87288433	1.0	195	tags=6%, list=1%, signal=6%	
GOBP_DIGESTIVE_TRACT_MORPHOGENESIS	GOBP_DIGESTIVE_TRACT_MORPHOGENESIS		38	-0.42969322	-0.90239364	0.54038996	0.8725818	1.0	549	tags=8%, list=3%, signal=8%	
GOBP_CARDIAC_EPITHELIAL_TO_MESENCHYMAL_TRANSITION	GOBP_CARDIAC_EPITHELIAL_TO_MESENCHYMAL_TRANSITION		36	-0.43129793	-0.9023229	0.5457317	0.8715537	1.0	1411	tags=31%, list=9%, signal=33%	
GOBP_RNA_SPLICING_VIA_ENDONUCLEOLYTIC_CLEAVAGE_AND_LIGATION	GOBP_RNA_SPLICING_VIA_ENDONUCLEOLYTIC_CLEAVAGE_AND_LIGATION		15	-0.46786606	-0.90117294	0.55654764	0.8728573	1.0	3065	tags=47%, list=19%, signal=57%	
GEMMA_GSE73798_MOLECULAR_PROFILE_OF_KETAMINE_IN_COMPARISON_TO_MEMANTINE_AND_PHENCYCLIDYNE_AND_OTHER_PSYCHOTROPIC_DRUGS_[MOUSE_HIPPOCAMPUS]_TIMEPOINT_2.HOURS_DOWN	GEMMA_GSE73798_MOLECULAR_PROFILE_OF_KETAMINE_IN_COMPARISON_TO_MEMANTINE_AND_PHENCYCLIDYNE_AND_OTHER_PSYCHOTROPIC_DRUGS_[MOUSE_HIPPOCAMPUS]_TIMEPOINT_2.HOURS_DOWN		20	-0.46857068	-0.9001338	0.5613577	0.8741089	1.0	2580	tags=35%, list=16%, signal=42%	
MURAL_VASCULAR_DANEMAN_PLOS_2010	MURAL_VASCULAR_DANEMAN_PLOS_2010		35	-0.4400664	-0.90010345	0.5555556	0.8729768	1.0	1158	tags=31%, list=7%, signal=34%	
GOBP_NEGATIVE_REGULATION_OF_TRANSMEMBRANE_TRANSPORT	GOBP_NEGATIVE_REGULATION_OF_TRANSMEMBRANE_TRANSPORT		88	-0.43424726	-0.8999116	0.5090361	0.8721695	1.0	1094	tags=22%, list=7%, signal=23%	
GOBP_PLASMINOGEN_ACTIVATION	GOBP_PLASMINOGEN_ACTIVATION		23	-0.4420384	-0.89919794	0.5341246	0.87255085	1.0	949	tags=30%, list=6%, signal=32%	
DIAZMORAN_2013_NIHHIGHANXIETYRATS_UPREGULATED_HC	DIAZMORAN_2013_NIHHIGHANXIETYRATS_UPREGULATED_HC		62	-0.4323413	-0.8977955	0.48433048	0.87444514	1.0	214	tags=5%, list=1%, signal=5%	
GOBP_NEPHRON_EPITHELIUM_DEVELOPMENT	GOBP_NEPHRON_EPITHELIUM_DEVELOPMENT		101	-0.42280224	-0.89717156	0.49828178	0.87467915	1.0	1244	tags=19%, list=8%, signal=20%	
GOBERT_CORE_OLIGODENDROCYTE_DIFFERENTIATION	GOBERT_CORE_OLIGODENDROCYTE_DIFFERENTIATION		39	-0.4372559	-0.89689237	0.52380955	0.8741216	1.0	736	tags=15%, list=5%, signal=16%	
MEISSNER_BRAIN_HCP_WITH_H3K27ME3	MEISSNER_BRAIN_HCP_WITH_H3K27ME3		122	-0.40880993	-0.89619887	0.47508305	0.8745201	1.0	1272	tags=10%, list=8%, signal=11%	
GOBP_POSITIVE_REGULATION_OF_CELL_SUBSTRATE_JUNCTION_ORGANIZATION	GOBP_POSITIVE_REGULATION_OF_CELL_SUBSTRATE_JUNCTION_ORGANIZATION		29	-0.44929305	-0.89525443	0.5380282	0.8753991	1.0	747	tags=28%, list=5%, signal=29%	
GOBP_REGULATION_OF_PLASMINOGEN_ACTIVATION	GOBP_REGULATION_OF_PLASMINOGEN_ACTIVATION		16	-0.48185918	-0.8944033	0.54972374	0.87607414	1.0	949	tags=44%, list=6%, signal=46%	
GOBP_RESPONSE_TO_ANGIOTENSIN	GOBP_RESPONSE_TO_ANGIOTENSIN		39	-0.44473138	-0.8942895	0.5331492	0.8751221	1.0	13	tags=3%, list=0%, signal=3%	
GOBP_GENOMIC_IMPRINTING	GOBP_GENOMIC_IMPRINTING		18	-0.46128023	-0.893275	0.56806284	0.8761448	1.0	64	tags=6%, list=0%, signal=6%	
GOBP_POSITIVE_REGULATION_OF_MITOCHONDRIAL_FISSION	GOBP_POSITIVE_REGULATION_OF_MITOCHONDRIAL_FISSION		22	-0.46449488	-0.89318734	0.55	0.87514216	1.0	780	tags=27%, list=5%, signal=29%	
GOBP_TRNA_5_END_PROCESSING	GOBP_TRNA_5_END_PROCESSING		16	-0.46590796	-0.891547	0.58870965	0.8775279	1.0	5558	tags=56%, list=34%, signal=85%	
GOBP_LIPID_OXIDATION	GOBP_LIPID_OXIDATION		103	-0.4257396	-0.8887973	0.47058824	0.8824161	1.0	1059	tags=10%, list=7%, signal=10%	
GOBP_NEGATIVE_REGULATION_OF_HYDROLASE_ACTIVITY	GOBP_NEGATIVE_REGULATION_OF_HYDROLASE_ACTIVITY		29	-0.45376506	-0.88850915	0.5735736	0.88187873	1.0	714	tags=31%, list=4%, signal=32%	
GOBP_HOMEOSTASIS_OF_NUMBER_OF_CELLS_WITHIN_A_TISSUE	GOBP_HOMEOSTASIS_OF_NUMBER_OF_CELLS_WITHIN_A_TISSUE		35	-0.43919393	-0.8882084	0.5685131	0.88133043	1.0	21	tags=3%, list=0%, signal=3%	
UEDA_CENTRAL_CLOCK	UEDA_CENTRAL_CLOCK		82	-0.42402196	-0.8872504	0.47838616	0.88227504	1.0	480	tags=10%, list=3%, signal=10%	
KEGG_MEDICUS_PATHOGEN_HIV_GP120_TO_CXCR4_GNB_G_RAC_SIGNALING_PATHWAY	KEGG_MEDICUS_PATHOGEN_HIV_GP120_TO_CXCR4_GNB_G_RAC_SIGNALING_PATHWAY		23	-0.44267386	-0.8868113	0.6043956	0.88206786	1.0	777	tags=30%, list=5%, signal=32%	
GOBP_DOPAMINERGIC_NEURON_DIFFERENTIATION	GOBP_DOPAMINERGIC_NEURON_DIFFERENTIATION		28	-0.43609983	-0.8865945	0.5654762	0.88137823	1.0	1214	tags=11%, list=7%, signal=12%	
GOBP_REGULATION_OF_POSTSYNAPTIC_DENSITY_ORGANIZATION	GOBP_REGULATION_OF_POSTSYNAPTIC_DENSITY_ORGANIZATION		21	-0.45283553	-0.8863512	0.5754986	0.8807106	1.0	1306	tags=24%, list=8%, signal=26%	
GOBP_PHOSPHATIDIC_ACID_METABOLIC_PROCESS	GOBP_PHOSPHATIDIC_ACID_METABOLIC_PROCESS		35	-0.43034476	-0.8859213	0.5532544	0.8804839	1.0	1732	tags=17%, list=11%, signal=19%	
GOBP_AORTA_DEVELOPMENT	GOBP_AORTA_DEVELOPMENT		63	-0.41269267	-0.88570195	0.5419355	0.87978584	1.0	1411	tags=21%, list=9%, signal=23%	
GOBP_REGULATION_OF_MUSCLE_ADAPTATION	GOBP_REGULATION_OF_MUSCLE_ADAPTATION		73	-0.42701972	-0.8856239	0.519403	0.8787853	1.0	675	tags=10%, list=4%, signal=10%	
GOBP_PLATELET_DENSE_GRANULE_ORGANIZATION	GOBP_PLATELET_DENSE_GRANULE_ORGANIZATION		23	-0.45669818	-0.8830743	0.5884058	0.8833106	1.0	2236	tags=26%, list=14%, signal=30%	
GOBP_MESONEPHROS_DEVELOPMENT	GOBP_MESONEPHROS_DEVELOPMENT		87	-0.42625275	-0.88130873	0.49085367	0.8859221	1.0	1511	tags=16%, list=9%, signal=18%	
GOBP_GRANULOCYTE_DIFFERENTIATION	GOBP_GRANULOCYTE_DIFFERENTIATION		38	-0.4213388	-0.881003	0.5785124	0.8854292	1.0	1006	tags=13%, list=6%, signal=14%	
GOBP_RESPONSE_TO_ACIDIC_PH	GOBP_RESPONSE_TO_ACIDIC_PH		23	-0.4441502	-0.8808611	0.5821727	0.8845628	1.0	188	tags=9%, list=1%, signal=9%	
GOBP_POSITIVE_REGULATION_OF_OSTEOBLAST_DIFFERENTIATION	GOBP_POSITIVE_REGULATION_OF_OSTEOBLAST_DIFFERENTIATION		66	-0.41705582	-0.88045627	0.5121212	0.88427025	1.0	1701	tags=23%, list=10%, signal=25%	
GOBP_UBIQUITIN_DEPENDENT_PROTEIN_CATABOLIC_PROCESS_VIA_THE_C_END_DEGRON_RULE_PATHWAY	GOBP_UBIQUITIN_DEPENDENT_PROTEIN_CATABOLIC_PROCESS_VIA_THE_C_END_DEGRON_RULE_PATHWAY		15	-0.48066768	-0.87945575	0.577957	0.88537186	1.0	3667	tags=47%, list=23%, signal=60%	
GOBP_TELOMERE_MAINTENANCE_VIA_TELOMERE_LENGTHENING	GOBP_TELOMERE_MAINTENANCE_VIA_TELOMERE_LENGTHENING		67	-0.4080573	-0.8785014	0.5079872	0.88637626	1.0	1001	tags=13%, list=6%, signal=14%	
GOBP_REGULATION_OF_AUTOPHAGOSOME_ASSEMBLY	GOBP_REGULATION_OF_AUTOPHAGOSOME_ASSEMBLY		46	-0.4168953	-0.87831795	0.5592705	0.8856298	1.0	1665	tags=26%, list=10%, signal=29%	
GOBP_LIPOSACCHARIDE_METABOLIC_PROCESS	GOBP_LIPOSACCHARIDE_METABOLIC_PROCESS		111	-0.40738997	-0.87815255	0.5	0.88482404	1.0	1120	tags=11%, list=7%, signal=12%	
GOBP_MUSCLE_CELL_MIGRATION	GOBP_MUSCLE_CELL_MIGRATION		77	-0.40804932	-0.87796766	0.60596025	0.88402516	1.0	991	tags=16%, list=6%, signal=17%	
GOBP_POSITIVE_REGULATION_OF_PHOSPHATIDYLINOSITOL_3_KINASE_PROTEIN_KINASE_B_SIGNAL_TRANSDUCTION	GOBP_POSITIVE_REGULATION_OF_PHOSPHATIDYLINOSITOL_3_KINASE_PROTEIN_KINASE_B_SIGNAL_TRANSDUCTION		192	-0.42821217	-0.8768297	0.423676	0.8853629	1.0	990	tags=16%, list=6%, signal=16%	
GOBP_PHARYNGEAL_SYSTEM_DEVELOPMENT	GOBP_PHARYNGEAL_SYSTEM_DEVELOPMENT		27	-0.4414281	-0.8764689	0.61432505	0.88498664	1.0	2231	tags=22%, list=14%, signal=26%	
GOBP_TELOMERE_MAINTENANCE_IN_RESPONSE_TO_DNA_DAMAGE	GOBP_TELOMERE_MAINTENANCE_IN_RESPONSE_TO_DNA_DAMAGE		32	-0.4385243	-0.87626964	0.58928573	0.8842708	1.0	3226	tags=34%, list=20%, signal=43%	
GOBP_MUSCLE_HYPERTROPHY	GOBP_MUSCLE_HYPERTROPHY		80	-0.40499768	-0.87611306	0.54242426	0.88344353	1.0	676	tags=9%, list=4%, signal=9%	
GOBP_NEUROBLAST_PROLIFERATION	GOBP_NEUROBLAST_PROLIFERATION		58	-0.4161562	-0.87479305	0.561194	0.8852815	1.0	533	tags=9%, list=3%, signal=9%	
GOBP_HEMATOPOIETIC_STEM_CELL_PROLIFERATION	GOBP_HEMATOPOIETIC_STEM_CELL_PROLIFERATION		25	-0.43469146	-0.8747066	0.56609195	0.8843051	1.0	166	tags=8%, list=1%, signal=8%	
GEMMA_GSE131972_EARLY_LIFE_STRESS_RESTRICTS_TRANSLATIONAL_REACTIVITY_IN_CA3_NEURONS_ASSOCIATED_WITH_ALTERED_STRESS_RESPONSE_IN_ADULTHOOD_TREATMENT_1_TREATMENT_2_FORCED.SWIM.TEST_UP	GEMMA_GSE131972_EARLY_LIFE_STRESS_RESTRICTS_TRANSLATIONAL_REACTIVITY_IN_CA3_NEURONS_ASSOCIATED_WITH_ALTERED_STRESS_RESPONSE_IN_ADULTHOOD_TREATMENT_1_TREATMENT_2_FORCED.SWIM.TEST_UP		43	-0.42139766	-0.87469137	0.5847953	0.8831784	1.0	917	tags=7%, list=6%, signal=7%	
GOBP_NEGATIVE_REGULATION_OF_SIGNAL_TRANSDUCTION_IN_ABSENCE_OF_LIGAND	GOBP_NEGATIVE_REGULATION_OF_SIGNAL_TRANSDUCTION_IN_ABSENCE_OF_LIGAND		31	-0.41726464	-0.8741699	0.57894737	0.8832084	1.0	480	tags=16%, list=3%, signal=17%	
GOBP_REGULATION_OF_NEURON_MIGRATION	GOBP_REGULATION_OF_NEURON_MIGRATION		46	-0.42843974	-0.87406474	0.56	0.8822547	1.0	428	tags=7%, list=3%, signal=7%	
HU_FETAL_RETINA_BLOOD	HU_FETAL_RETINA_BLOOD		225	-0.42118314	-0.87373364	0.46488294	0.8818523	1.0	1057	tags=17%, list=7%, signal=18%	
GOBP_ASTROCYTE_DEVELOPMENT	GOBP_ASTROCYTE_DEVELOPMENT		37	-0.43022677	-0.8733043	0.55331415	0.8816394	1.0	99	tags=8%, list=1%, signal=8%	
GOBP_PYRIMIDINE_NUCLEOSIDE_MONOPHOSPHATE_METABOLIC_PROCESS	GOBP_PYRIMIDINE_NUCLEOSIDE_MONOPHOSPHATE_METABOLIC_PROCESS		21	-0.45586848	-0.873007	0.61944443	0.8811455	1.0	2966	tags=43%, list=18%, signal=52%	
GOBP_POSITIVE_REGULATION_OF_NUCLEOCYTOPLASMIC_TRANSPORT	GOBP_POSITIVE_REGULATION_OF_NUCLEOCYTOPLASMIC_TRANSPORT		59	-0.41322097	-0.8728078	0.5887574	0.8804318	1.0	317	tags=8%, list=2%, signal=9%	
GOBP_CRANIAL_SKELETAL_SYSTEM_DEVELOPMENT	GOBP_CRANIAL_SKELETAL_SYSTEM_DEVELOPMENT		65	-0.40666914	-0.8725876	0.55657494	0.879775	1.0	1480	tags=17%, list=9%, signal=19%	
NEURON_ALL_ZHANG_JNEURO_2014	NEURON_ALL_ZHANG_JNEURO_2014		30	-0.4339026	-0.8724929	0.58	0.87886274	1.0	1870	tags=20%, list=11%, signal=23%	
GOBP_REGULATION_OF_EMBRYONIC_DEVELOPMENT	GOBP_REGULATION_OF_EMBRYONIC_DEVELOPMENT		85	-0.4055958	-0.87221766	0.5443787	0.8783584	1.0	676	tags=8%, list=4%, signal=9%	
GOBP_REGULATION_OF_BMP_SIGNALING_PATHWAY	GOBP_REGULATION_OF_BMP_SIGNALING_PATHWAY		99	-0.41921097	-0.87038046	0.5168919	0.8813939	1.0	1252	tags=15%, list=8%, signal=16%	
GOBP_LYSOSOMAL_MEMBRANE_ORGANIZATION	GOBP_LYSOSOMAL_MEMBRANE_ORGANIZATION		20	-0.45048577	-0.86837566	0.5823864	0.8847351	1.0	1710	tags=25%, list=11%, signal=28%	
GOBP_GLYCOPROTEIN_CATABOLIC_PROCESS	GOBP_GLYCOPROTEIN_CATABOLIC_PROCESS		40	-0.43866253	-0.8681485	0.5780347	0.88405937	1.0	1157	tags=28%, list=7%, signal=30%	
GOBP_LENS_MORPHOGENESIS_IN_CAMERA_TYPE_EYE	GOBP_LENS_MORPHOGENESIS_IN_CAMERA_TYPE_EYE		22	-0.4483865	-0.8668243	0.59103644	0.8858815	1.0	1125	tags=14%, list=7%, signal=15%	
GOBP_NEURAL_CREST_CELL_DIFFERENTIATION	GOBP_NEURAL_CREST_CELL_DIFFERENTIATION		91	-0.4017532	-0.86574906	0.5786164	0.88707954	1.0	826	tags=14%, list=5%, signal=15%	
GOBP_POST_ANAL_TAIL_MORPHOGENESIS	GOBP_POST_ANAL_TAIL_MORPHOGENESIS		19	-0.4535435	-0.8653703	0.58707863	0.88677603	1.0	1370	tags=16%, list=8%, signal=17%	
GOBP_REGULATION_OF_GLYCOGEN_BIOSYNTHETIC_PROCESS	GOBP_REGULATION_OF_GLYCOGEN_BIOSYNTHETIC_PROCESS		23	-0.44782478	-0.8642706	0.59408605	0.88809603	1.0	946	tags=22%, list=6%, signal=23%	
GOBP_INSULIN_METABOLIC_PROCESS	GOBP_INSULIN_METABOLIC_PROCESS		16	-0.4481202	-0.86412495	0.59042555	0.8872993	1.0	59	tags=6%, list=0%, signal=6%	
GOBP_PROTEIN_DEACYLATION	GOBP_PROTEIN_DEACYLATION		36	-0.4376106	-0.86233145	0.6062992	0.89023	1.0	678	tags=11%, list=4%, signal=12%	
GOBP_GLYCOSAMINOGLYCAN_CATABOLIC_PROCESS	GOBP_GLYCOSAMINOGLYCAN_CATABOLIC_PROCESS		17	-0.45752996	-0.8620788	0.57336956	0.8896857	1.0	1120	tags=24%, list=7%, signal=25%	
GOBP_CELLULAR_COMPONENT_DISASSEMBLY_INVOLVED_IN_EXECUTION_PHASE_OF_APOPTOSIS	GOBP_CELLULAR_COMPONENT_DISASSEMBLY_INVOLVED_IN_EXECUTION_PHASE_OF_APOPTOSIS		29	-0.42822465	-0.86169523	0.5844504	0.88945574	1.0	1276	tags=14%, list=8%, signal=15%	
GEMMA_GSE131972_EARLY_LIFE_STRESS_RESTRICTS_TRANSLATIONAL_REACTIVITY_IN_CA3_NEURONS_ASSOCIATED_WITH_ALTERED_STRESS_RESPONSE_IN_ADULTHOOD_TREATMENT_1_TREATMENT_2_EARLY.LIFE.STRESS_UP	GEMMA_GSE131972_EARLY_LIFE_STRESS_RESTRICTS_TRANSLATIONAL_REACTIVITY_IN_CA3_NEURONS_ASSOCIATED_WITH_ALTERED_STRESS_RESPONSE_IN_ADULTHOOD_TREATMENT_1_TREATMENT_2_EARLY.LIFE.STRESS_UP		43	-0.42139766	-0.861536	0.5972222	0.8887051	1.0	917	tags=7%, list=6%, signal=7%	
DESCARTES_FETAL_EYE_GANGLION_CELLS	DESCARTES_FETAL_EYE_GANGLION_CELLS		27	-0.43006408	-0.8612994	0.61206895	0.88810444	1.0	687	tags=7%, list=4%, signal=8%	
GOBP_POSITIVE_REGULATION_OF_SMOOTH_MUSCLE_CONTRACTION	GOBP_POSITIVE_REGULATION_OF_SMOOTH_MUSCLE_CONTRACTION		24	-0.4309375	-0.86106277	0.5883978	0.887504	1.0	2297	tags=21%, list=14%, signal=24%	
GOBP_BIOLOGICAL_PROCESS_INVOLVED_IN_INTERACTION_WITH_SYMBIONT	GOBP_BIOLOGICAL_PROCESS_INVOLVED_IN_INTERACTION_WITH_SYMBIONT		19	-0.45614704	-0.8597323	0.6246499	0.8893209	1.0	195	tags=11%, list=1%, signal=11%	
GOBP_REGULATION_OF_MORPHOGENESIS_OF_AN_EPITHELIUM	GOBP_REGULATION_OF_MORPHOGENESIS_OF_AN_EPITHELIUM		60	-0.41003352	-0.85957193	0.53333336	0.88853675	1.0	1157	tags=15%, list=7%, signal=16%	
GOBP_GLIOGENESIS	GOBP_GLIOGENESIS		306	-0.4340046	-0.85932004	0.4055944	0.8880113	1.0	757	tags=14%, list=5%, signal=14%	
GOBP_REGENERATION	GOBP_REGENERATION		155	-0.39191788	-0.8587823	0.5018182	0.88806343	1.0	667	tags=12%, list=4%, signal=13%	
GOBP_NEGATIVE_REGULATION_OF_CELLULAR_RESPONSE_TO_GROWTH_FACTOR_STIMULUS	GOBP_NEGATIVE_REGULATION_OF_CELLULAR_RESPONSE_TO_GROWTH_FACTOR_STIMULUS		96	-0.40496594	-0.8587109	0.53079176	0.8871065	1.0	1333	tags=19%, list=8%, signal=20%	
GOBP_REGULATION_OF_GLYCOGEN_METABOLIC_PROCESS	GOBP_REGULATION_OF_GLYCOGEN_METABOLIC_PROCESS		31	-0.42835158	-0.8574955	0.5882353	0.88869363	1.0	946	tags=16%, list=6%, signal=17%	
GOBP_ORGAN_OR_TISSUE_SPECIFIC_IMMUNE_RESPONSE	GOBP_ORGAN_OR_TISSUE_SPECIFIC_IMMUNE_RESPONSE		19	-0.44622195	-0.85716337	0.5930851	0.8883757	1.0	736	tags=11%, list=5%, signal=11%	
GOBP_POSITIVE_REGULATION_OF_LAMELLIPODIUM_ASSEMBLY	GOBP_POSITIVE_REGULATION_OF_LAMELLIPODIUM_ASSEMBLY		28	-0.42524144	-0.856983	0.61413044	0.8876913	1.0	747	tags=18%, list=5%, signal=19%	
GOBP_SYMPATHETIC_NERVOUS_SYSTEM_DEVELOPMENT	GOBP_SYMPATHETIC_NERVOUS_SYSTEM_DEVELOPMENT		18	-0.45792985	-0.85696316	0.5953608	0.8866162	1.0	1764	tags=28%, list=11%, signal=31%	
GOBP_POSITIVE_REGULATION_OF_GLYCOGEN_METABOLIC_PROCESS	GOBP_POSITIVE_REGULATION_OF_GLYCOGEN_METABOLIC_PROCESS		18	-0.44294837	-0.85633194	0.6322751	0.88692063	1.0	437	tags=11%, list=3%, signal=11%	
GOBP_RENAL_SYSTEM_DEVELOPMENT	GOBP_RENAL_SYSTEM_DEVELOPMENT		291	-0.44556636	-0.85618997	0.40942028	0.88615566	1.0	1181	tags=14%, list=7%, signal=15%	
KEGG_MEDICUS_REFERENCE_COHESIN_DISSOCIATION_IN_ANAPHASE	KEGG_MEDICUS_REFERENCE_COHESIN_DISSOCIATION_IN_ANAPHASE		15	-0.47080693	-0.85604024	0.6239554	0.88538307	1.0	3099	tags=47%, list=19%, signal=58%	
DESCARTES_MAIN_FETAL_GANGLION_CELLS	DESCARTES_MAIN_FETAL_GANGLION_CELLS		27	-0.43006408	-0.85423017	0.6062992	0.88827735	1.0	687	tags=7%, list=4%, signal=8%	
GOBP_POSITIVE_REGULATION_OF_NUCLEAR_DIVISION	GOBP_POSITIVE_REGULATION_OF_NUCLEAR_DIVISION		51	-0.4006416	-0.8536057	0.6066066	0.88858634	1.0	345	tags=6%, list=2%, signal=6%	
GOBP_BEHAVIORAL_RESPONSE_TO_PAIN	GOBP_BEHAVIORAL_RESPONSE_TO_PAIN		20	-0.4509708	-0.8529333	0.61157024	0.8889394	1.0	949	tags=15%, list=6%, signal=16%	
GOBP_RHO_PROTEIN_SIGNAL_TRANSDUCTION	GOBP_RHO_PROTEIN_SIGNAL_TRANSDUCTION		137	-0.39529344	-0.852271	0.5145631	0.88926286	1.0	986	tags=16%, list=6%, signal=17%	
GOBP_VASCULAR_ENDOTHELIAL_GROWTH_FACTOR_RECEPTOR_SIGNALING_PATHWAY	GOBP_VASCULAR_ENDOTHELIAL_GROWTH_FACTOR_RECEPTOR_SIGNALING_PATHWAY		58	-0.39737824	-0.85068995	0.60923076	0.8917166	1.0	1165	tags=19%, list=7%, signal=20%	
GOBP_REGULATION_OF_GLYCOPROTEIN_METABOLIC_PROCESS	GOBP_REGULATION_OF_GLYCOPROTEIN_METABOLIC_PROCESS		38	-0.41085562	-0.8506377	0.615625	0.89072424	1.0	216	tags=8%, list=1%, signal=8%	
GOBP_ENDOTHELIAL_CELL_PROLIFERATION	GOBP_ENDOTHELIAL_CELL_PROLIFERATION		137	-0.40649924	-0.8505363	0.47940075	0.8898267	1.0	1165	tags=20%, list=7%, signal=21%	
GOBP_ERBB2_SIGNALING_PATHWAY	GOBP_ERBB2_SIGNALING_PATHWAY		20	-0.44267243	-0.85052127	0.63559324	0.8887608	1.0	1838	tags=30%, list=11%, signal=34%	
GOBP_VITAMIN_TRANSPORT	GOBP_VITAMIN_TRANSPORT		39	-0.41804564	-0.8497822	0.6123595	0.8892727	1.0	1573	tags=18%, list=10%, signal=20%	
KEGG_MEDICUS_REFERENCE_WNT_SIGNALING_MODULATION_WNT_INHIBITOR	KEGG_MEDICUS_REFERENCE_WNT_SIGNALING_MODULATION_WNT_INHIBITOR		23	-0.43054268	-0.8489879	0.62215906	0.8898944	1.0	994	tags=9%, list=6%, signal=9%	
GOBP_CELLULAR_RESPONSE_TO_HYDROGEN_PEROXIDE	GOBP_CELLULAR_RESPONSE_TO_HYDROGEN_PEROXIDE		60	-0.40456444	-0.8489278	0.6257862	0.88891786	1.0	733	tags=15%, list=5%, signal=16%	
GOBP_NEGATIVE_REGULATION_OF_STRIATED_MUSCLE_CELL_DIFFERENTIATION	GOBP_NEGATIVE_REGULATION_OF_STRIATED_MUSCLE_CELL_DIFFERENTIATION		38	-0.3996176	-0.84890467	0.6318681	0.8878611	1.0	680	tags=11%, list=4%, signal=11%	
GOBP_CELLULAR_RESPONSE_TO_VASCULAR_ENDOTHELIAL_GROWTH_FACTOR_STIMULUS	GOBP_CELLULAR_RESPONSE_TO_VASCULAR_ENDOTHELIAL_GROWTH_FACTOR_STIMULUS		67	-0.4057879	-0.8475728	0.5816024	0.8897854	1.0	1165	tags=21%, list=7%, signal=22%	
GOBP_FIBROBLAST_GROWTH_FACTOR_RECEPTOR_SIGNALING_PATHWAY	GOBP_FIBROBLAST_GROWTH_FACTOR_RECEPTOR_SIGNALING_PATHWAY		71	-0.40434662	-0.84659684	0.579288	0.89083886	1.0	949	tags=11%, list=6%, signal=12%	
GOBP_CAMERA_TYPE_EYE_MORPHOGENESIS	GOBP_CAMERA_TYPE_EYE_MORPHOGENESIS		122	-0.38775262	-0.8451778	0.556314	0.8929739	1.0	1318	tags=14%, list=8%, signal=15%	
GOBP_GLUTAMINE_FAMILY_AMINO_ACID_BIOSYNTHETIC_PROCESS	GOBP_GLUTAMINE_FAMILY_AMINO_ACID_BIOSYNTHETIC_PROCESS		17	-0.4468788	-0.8444297	0.6178161	0.8935251	1.0	419	tags=12%, list=3%, signal=12%	
LEIN_MIDBRAIN_MARKERS	LEIN_MIDBRAIN_MARKERS		72	-0.39476123	-0.84435743	0.6230032	0.8926013	1.0	763	tags=8%, list=5%, signal=9%	
KEGG_MEDICUS_REFERENCE_SPINDLE_ASSEMBLY_CHECKPOINT_SIGNALING	KEGG_MEDICUS_REFERENCE_SPINDLE_ASSEMBLY_CHECKPOINT_SIGNALING		19	-0.43978593	-0.84401315	0.6387283	0.8922698	1.0	3099	tags=37%, list=19%, signal=45%	
GOBP_WOUND_HEALING_SPREADING_OF_EPIDERMAL_CELLS	GOBP_WOUND_HEALING_SPREADING_OF_EPIDERMAL_CELLS		23	-0.43101335	-0.84401184	0.61917806	0.89118135	1.0	740	tags=26%, list=5%, signal=27%	
GOBP_PANCREAS_DEVELOPMENT	GOBP_PANCREAS_DEVELOPMENT		64	-0.39688867	-0.8430611	0.5884058	0.8921948	1.0	1491	tags=13%, list=9%, signal=14%	
KEGG_MEDICUS_REFERENCE_REGULATION_OF_GF_RTK_RAS_ERK_SIGNALING_UBIQUITINATION_OF_RTK_BY_CBL	KEGG_MEDICUS_REFERENCE_REGULATION_OF_GF_RTK_RAS_ERK_SIGNALING_UBIQUITINATION_OF_RTK_BY_CBL		25	-0.4228558	-0.8404807	0.62133336	0.8968299	1.0	1165	tags=28%, list=7%, signal=30%	
GOBP_POSITIVE_REGULATION_OF_EPITHELIAL_CELL_DIFFERENTIATION	GOBP_POSITIVE_REGULATION_OF_EPITHELIAL_CELL_DIFFERENTIATION		44	-0.40147236	-0.8400566	0.59530795	0.8966517	1.0	1006	tags=16%, list=6%, signal=17%	
GOBP_REGULATION_OF_PROTEIN_TYROSINE_KINASE_ACTIVITY	GOBP_REGULATION_OF_PROTEIN_TYROSINE_KINASE_ACTIVITY		20	-0.42832565	-0.8398737	0.63736266	0.8959519	1.0	1549	tags=25%, list=10%, signal=28%	
GOBP_REGULATION_OF_TRANSLATION	GOBP_REGULATION_OF_TRANSLATION		334	-0.4148465	-0.839848	0.41516244	0.89493465	1.0	1009	tags=12%, list=6%, signal=12%	
GOBP_POSITIVE_REGULATION_OF_AMINO_ACID_TRANSPORT	GOBP_POSITIVE_REGULATION_OF_AMINO_ACID_TRANSPORT		19	-0.43104297	-0.83981574	0.6396648	0.8939216	1.0	297	tags=11%, list=2%, signal=11%	
GOBP_MALE_MEIOTIC_NUCLEAR_DIVISION	GOBP_MALE_MEIOTIC_NUCLEAR_DIVISION		40	-0.40814197	-0.8392392	0.64534885	0.8940968	1.0	1927	tags=13%, list=12%, signal=14%	
GOBP_REGULATION_OF_SISTER_CHROMATID_COHESION	GOBP_REGULATION_OF_SISTER_CHROMATID_COHESION		18	-0.4264051	-0.8391309	0.6469003	0.89326406	1.0	62	tags=6%, list=0%, signal=6%	
GOBP_TELENCEPHALON_DEVELOPMENT	GOBP_TELENCEPHALON_DEVELOPMENT		270	-0.41777095	-0.8386736	0.44485295	0.8931876	1.0	475	tags=7%, list=3%, signal=8%	
GOBP_MODIFICATION_OF_POSTSYNAPTIC_ACTIN_CYTOSKELETON	GOBP_MODIFICATION_OF_POSTSYNAPTIC_ACTIN_CYTOSKELETON		19	-0.43329978	-0.83866924	0.66219836	0.8921151	1.0	410	tags=11%, list=3%, signal=11%	
GOBP_REGULATION_OF_HIPPO_SIGNALING	GOBP_REGULATION_OF_HIPPO_SIGNALING		44	-0.40585217	-0.838307	0.637883	0.8918405	1.0	987	tags=16%, list=6%, signal=17%	
GOBP_REGULATION_OF_SIGNALING_RECEPTOR_ACTIVITY	GOBP_REGULATION_OF_SIGNALING_RECEPTOR_ACTIVITY		55	-0.39834097	-0.8377607	0.63754046	0.8919634	1.0	1784	tags=31%, list=11%, signal=35%	
GOBP_NEGATIVE_REGULATION_OF_CYTOKINE_PRODUCTION_INVOLVED_IN_INFLAMMATORY_RESPONSE	GOBP_NEGATIVE_REGULATION_OF_CYTOKINE_PRODUCTION_INVOLVED_IN_INFLAMMATORY_RESPONSE		29	-0.41795608	-0.83768827	0.6103152	0.89105004	1.0	142	tags=7%, list=1%, signal=7%	
GOBP_FORELIMB_MORPHOGENESIS	GOBP_FORELIMB_MORPHOGENESIS		33	-0.42362338	-0.8370039	0.6273292	0.8914843	1.0	62	tags=3%, list=0%, signal=3%	
GOBP_MUSCLE_CELL_PROLIFERATION	GOBP_MUSCLE_CELL_PROLIFERATION		177	-0.40679637	-0.83695835	0.4911032	0.89051026	1.0	1054	tags=16%, list=6%, signal=17%	
GOBP_OVULATION_CYCLE	GOBP_OVULATION_CYCLE		55	-0.40125734	-0.83636034	0.57593125	0.89075416	1.0	1453	tags=16%, list=9%, signal=18%	
GOBP_NEURON_MIGRATION	GOBP_NEURON_MIGRATION		174	-0.39892796	-0.8362967	0.5314685	0.8898332	1.0	277	tags=6%, list=2%, signal=6%	
GOBP_REGULATION_OF_RECEPTOR_CLUSTERING	GOBP_REGULATION_OF_RECEPTOR_CLUSTERING		20	-0.43162137	-0.83593327	0.6348774	0.88955545	1.0	941	tags=25%, list=6%, signal=27%	
KIM_BIPOLAR_DISORDER_OLIGODENDROCYTE_DENSITY_CORR_DN	KIM_BIPOLAR_DISORDER_OLIGODENDROCYTE_DENSITY_CORR_DN		52	-0.39747986	-0.8355596	0.6204819	0.88935125	1.0	1084	tags=10%, list=7%, signal=10%	
GOBP_MUSCLE_ADAPTATION	GOBP_MUSCLE_ADAPTATION		97	-0.3951383	-0.835491	0.5417957	0.8884591	1.0	675	tags=9%, list=4%, signal=10%	
GOBP_PYRIMIDINE_RIBONUCLEOTIDE_BIOSYNTHETIC_PROCESS	GOBP_PYRIMIDINE_RIBONUCLEOTIDE_BIOSYNTHETIC_PROCESS		21	-0.42600414	-0.83547926	0.6666667	0.88744134	1.0	2261	tags=29%, list=14%, signal=33%	
GOBP_PROTEIN_O_LINKED_GLYCOSYLATION	GOBP_PROTEIN_O_LINKED_GLYCOSYLATION		143	-0.3974709	-0.83484733	0.51263535	0.88777304	1.0	2302	tags=21%, list=14%, signal=24%	
GOBP_GLIAL_CELL_DIFFERENTIATION	GOBP_GLIAL_CELL_DIFFERENTIATION		238	-0.39224157	-0.83472246	0.50714284	0.8869999	1.0	757	tags=13%, list=5%, signal=13%	
GOBP_POSITIVE_REGULATION_OF_BEHAVIOR	GOBP_POSITIVE_REGULATION_OF_BEHAVIOR		20	-0.42618942	-0.83465683	0.62849164	0.8860827	1.0	1117	tags=20%, list=7%, signal=21%	
GOBP_CELLULAR_PROCESS_INVOLVED_IN_REPRODUCTION_IN_MULTICELLULAR_ORGANISM	GOBP_CELLULAR_PROCESS_INVOLVED_IN_REPRODUCTION_IN_MULTICELLULAR_ORGANISM		289	-0.4290484	-0.83358735	0.43928573	0.887377	1.0	1266	tags=8%, list=8%, signal=9%	
KEGG_MEDICUS_REFERENCE_DISASSEMBLY_OF_MCC	KEGG_MEDICUS_REFERENCE_DISASSEMBLY_OF_MCC		16	-0.43774	-0.833434	0.6526611	0.8866392	1.0	1821	tags=19%, list=11%, signal=21%	
KEGG_THYROID_CANCER	KEGG_THYROID_CANCER		28	-0.41424775	-0.8309856	0.64387465	0.8910452	1.0	1097	tags=18%, list=7%, signal=19%	
GOBP_NEGATIVE_REGULATION_OF_INTRACELLULAR_TRANSPORT	GOBP_NEGATIVE_REGULATION_OF_INTRACELLULAR_TRANSPORT		51	-0.39902738	-0.8309422	0.6257485	0.890103	1.0	1338	tags=22%, list=8%, signal=23%	
JOHNSON_2016_COEXPRESSION_HIPPOCAMPUS_HUMAN_M15	JOHNSON_2016_COEXPRESSION_HIPPOCAMPUS_HUMAN_M15		21	-0.42342436	-0.83069015	0.6526611	0.88963306	1.0	2890	tags=33%, list=18%, signal=40%	
GOBP_POSITIVE_REGULATION_OF_STRESS_FIBER_ASSEMBLY	GOBP_POSITIVE_REGULATION_OF_STRESS_FIBER_ASSEMBLY		52	-0.4015925	-0.8305212	0.6069364	0.88896686	1.0	1314	tags=27%, list=8%, signal=29%	
GOBP_LIVER_MORPHOGENESIS	GOBP_LIVER_MORPHOGENESIS		21	-0.4393266	-0.83040786	0.62463343	0.8881625	1.0	201	tags=10%, list=1%, signal=10%	
GOBP_REGULATION_OF_CELL_CELL_ADHESION_MEDIATED_BY_CADHERIN	GOBP_REGULATION_OF_CELL_CELL_ADHESION_MEDIATED_BY_CADHERIN		19	-0.42413515	-0.83031404	0.6131805	0.88733304	1.0	2362	tags=42%, list=15%, signal=49%	
GOBP_VENTRAL_SPINAL_CORD_DEVELOPMENT	GOBP_VENTRAL_SPINAL_CORD_DEVELOPMENT		32	-0.40271315	-0.8302292	0.6706587	0.88648015	1.0	945	tags=16%, list=6%, signal=17%	
GOBP_NEGATIVE_REGULATION_OF_INTERFERON_BETA_PRODUCTION	GOBP_NEGATIVE_REGULATION_OF_INTERFERON_BETA_PRODUCTION		16	-0.44171923	-0.8301517	0.6618911	0.8856069	1.0	142	tags=6%, list=1%, signal=6%	
GOBP_OVULATION_CYCLE_PROCESS	GOBP_OVULATION_CYCLE_PROCESS		38	-0.40675843	-0.8300035	0.6458333	0.884916	1.0	1712	tags=24%, list=11%, signal=26%	
GOBP_REGULATION_OF_ESTABLISHMENT_OR_MAINTENANCE_OF_CELL_POLARITY	GOBP_REGULATION_OF_ESTABLISHMENT_OR_MAINTENANCE_OF_CELL_POLARITY		28	-0.4204156	-0.8290871	0.6355685	0.88587767	1.0	430	tags=14%, list=3%, signal=15%	
GOBP_PYRIMIDINE_RIBONUCLEOTIDE_METABOLIC_PROCESS	GOBP_PYRIMIDINE_RIBONUCLEOTIDE_METABOLIC_PROCESS		28	-0.40188703	-0.82643485	0.66875	0.8905877	1.0	3459	tags=39%, list=21%, signal=50%	
KEGG_GAP_JUNCTION	KEGG_GAP_JUNCTION		81	-0.39483985	-0.8257796	0.5928144	0.8909547	1.0	1097	tags=16%, list=7%, signal=17%	
GOBP_POSITIVE_REGULATION_OF_PROTEIN_DEPOLYMERIZATION	GOBP_POSITIVE_REGULATION_OF_PROTEIN_DEPOLYMERIZATION		20	-0.42227182	-0.8252713	0.67507005	0.8910287	1.0	1921	tags=45%, list=12%, signal=51%	
GOBP_CELL_MATRIX_ADHESION	GOBP_CELL_MATRIX_ADHESION		224	-0.41169438	-0.8250612	0.4820144	0.8904561	1.0	1219	tags=22%, list=7%, signal=23%	
GOBP_DETECTION_OF_STIMULUS_INVOLVED_IN_SENSORY_PERCEPTION	GOBP_DETECTION_OF_STIMULUS_INVOLVED_IN_SENSORY_PERCEPTION		82	-0.39136764	-0.824701	0.5583596	0.8902454	1.0	737	tags=6%, list=5%, signal=6%	
GOBP_HIPPO_SIGNALING	GOBP_HIPPO_SIGNALING		60	-0.39306504	-0.82468235	0.62068963	0.88924545	1.0	1701	tags=23%, list=10%, signal=26%	
HALLMARK_BILE_ACID_METABOLISM	HALLMARK_BILE_ACID_METABOLISM		91	-0.37643027	-0.8240323	0.62903225	0.889645	1.0	961	tags=11%, list=6%, signal=12%	
GOBP_N_GLYCAN_PROCESSING	GOBP_N_GLYCAN_PROCESSING		26	-0.4086106	-0.8238863	0.64577657	0.88894665	1.0	2178	tags=31%, list=13%, signal=35%	
GOBP_MICROTUBULE_ORGANIZING_CENTER_ORGANIZATION	GOBP_MICROTUBULE_ORGANIZING_CENTER_ORGANIZATION		149	-0.38480058	-0.8225968	0.57471263	0.8908654	1.0	1293	tags=10%, list=8%, signal=11%	
GOBP_REGULATION_OF_ASTROCYTE_DIFFERENTIATION	GOBP_REGULATION_OF_ASTROCYTE_DIFFERENTIATION		28	-0.40851587	-0.82252073	0.65889215	0.8899867	1.0	581	tags=11%, list=4%, signal=11%	
GEMMA_GSE31063_EXTINCTION_LEARNING_TIMEPOINT_EXTINCTION.TRIAL.LOW.FREEZING.BEHAVIOR_UP	GEMMA_GSE31063_EXTINCTION_LEARNING_TIMEPOINT_EXTINCTION.TRIAL.LOW.FREEZING.BEHAVIOR_UP		28	-0.4191994	-0.8222782	0.6422287	0.8895118	1.0	1748	tags=14%, list=11%, signal=16%	
GOBP_SECRETORY_GRANULE_ORGANIZATION	GOBP_SECRETORY_GRANULE_ORGANIZATION		60	-0.38662142	-0.82202876	0.6415094	0.88905126	1.0	995	tags=8%, list=6%, signal=9%	
GOBP_AMINE_CATABOLIC_PROCESS	GOBP_AMINE_CATABOLIC_PROCESS		15	-0.4483624	-0.8213743	0.7015707	0.8894789	1.0	953	tags=20%, list=6%, signal=21%	
GEMMA_GSE60303_GENOME-WIDE_ANALYSIS_OF_STRESS-EXPOSURE-ASSOCIATED_AND_EXPOSURE-RELATED_INDIVIDUAL_DIFFERENCES_ASSOCIATED_HIPPOCAMPUS_GENE_EXPRESSION_IN_MALES_AND_FEMALES._PHENOTYPE_MINIMAL.RESPONSE.TO.PREDATOR.SCENT.STRESS_DOWN	GEMMA_GSE60303_GENOME-WIDE_ANALYSIS_OF_STRESS-EXPOSURE-ASSOCIATED_AND_EXPOSURE-RELATED_INDIVIDUAL_DIFFERENCES_ASSOCIATED_HIPPOCAMPUS_GENE_EXPRESSION_IN_MALES_AND_FEMALES._PHENOTYPE_MINIMAL.RESPONSE.TO.PREDATOR.SCENT.STRESS_DOWN		32	-0.4155336	-0.8190624	0.63372093	0.89358425	1.0	1551	tags=28%, list=10%, signal=31%	
GOBP_NOSE_DEVELOPMENT	GOBP_NOSE_DEVELOPMENT		15	-0.42997846	-0.8189383	0.6751412	0.89282054	1.0	293	tags=7%, list=2%, signal=7%	
GOBP_REGULATION_OF_CELLULAR_RESPONSE_TO_TRANSFORMING_GROWTH_FACTOR_BETA_STIMULUS	GOBP_REGULATION_OF_CELLULAR_RESPONSE_TO_TRANSFORMING_GROWTH_FACTOR_BETA_STIMULUS		139	-0.38438717	-0.8187563	0.60064936	0.89219904	1.0	1055	tags=18%, list=6%, signal=19%	
GOBP_NEGATIVE_REGULATION_OF_ENDOTHELIAL_CELL_APOPTOTIC_PROCESS	GOBP_NEGATIVE_REGULATION_OF_ENDOTHELIAL_CELL_APOPTOTIC_PROCESS		28	-0.41073677	-0.8180608	0.69491524	0.8926711	1.0	1447	tags=25%, list=9%, signal=27%	
GOBP_MORPHOGENESIS_OF_A_BRANCHING_STRUCTURE	GOBP_MORPHOGENESIS_OF_A_BRANCHING_STRUCTURE		179	-0.39045697	-0.8179651	0.5361842	0.89185274	1.0	1244	tags=14%, list=8%, signal=15%	
GOBP_NEGATIVE_REGULATION_OF_PROTEIN_UBIQUITINATION	GOBP_NEGATIVE_REGULATION_OF_PROTEIN_UBIQUITINATION		69	-0.39121598	-0.8175802	0.61639345	0.89165276	1.0	969	tags=13%, list=6%, signal=14%	
KEGG_PATHWAYS_IN_CANCER	KEGG_PATHWAYS_IN_CANCER		302	-0.41022107	-0.81707805	0.48109967	0.8916866	1.0	1097	tags=12%, list=7%, signal=13%	
GOBP_NEGATIVE_REGULATION_OF_TRANSFORMING_GROWTH_FACTOR_BETA_RECEPTOR_SIGNALING_PATHWAY	GOBP_NEGATIVE_REGULATION_OF_TRANSFORMING_GROWTH_FACTOR_BETA_RECEPTOR_SIGNALING_PATHWAY		92	-0.38188687	-0.81698185	0.5525424	0.8908761	1.0	1370	tags=22%, list=8%, signal=24%	
GOBP_REGULATION_OF_PLATELET_AGGREGATION	GOBP_REGULATION_OF_PLATELET_AGGREGATION		27	-0.40473795	-0.816782	0.6419753	0.8903014	1.0	1027	tags=22%, list=6%, signal=24%	
GOBP_HEMATOPOIETIC_STEM_CELL_HOMEOSTASIS	GOBP_HEMATOPOIETIC_STEM_CELL_HOMEOSTASIS		25	-0.4140091	-0.81420344	0.6491713	0.8948413	1.0	1136	tags=20%, list=7%, signal=21%	
KEGG_MEDICUS_VARIANT_MUTATION_ACTIVATED_SMO_TO_HEDGEHOG_SIGNALING_PATHWAY	KEGG_MEDICUS_VARIANT_MUTATION_ACTIVATED_SMO_TO_HEDGEHOG_SIGNALING_PATHWAY		26	-0.40948993	-0.81420237	0.6946779	0.8938244	1.0	994	tags=8%, list=6%, signal=8%	
GOBP_NEGATIVE_REGULATION_OF_UBIQUITIN_DEPENDENT_PROTEIN_CATABOLIC_PROCESS	GOBP_NEGATIVE_REGULATION_OF_UBIQUITIN_DEPENDENT_PROTEIN_CATABOLIC_PROCESS		58	-0.39591873	-0.8141422	0.63414633	0.89294505	1.0	838	tags=14%, list=5%, signal=14%	
KEGG_MEDICUS_PATHOGEN_HCMV_US28_TO_GNB_G_PI3K_NFKB_SIGNALING_PATHWAY	KEGG_MEDICUS_PATHOGEN_HCMV_US28_TO_GNB_G_PI3K_NFKB_SIGNALING_PATHWAY		27	-0.39765453	-0.81264275	0.6566265	0.8951259	1.0	899	tags=26%, list=6%, signal=27%	
GOBP_CELLULAR_RESPONSE_TO_IONIZING_RADIATION	GOBP_CELLULAR_RESPONSE_TO_IONIZING_RADIATION		69	-0.39422184	-0.81260866	0.6160714	0.8941816	1.0	1287	tags=13%, list=8%, signal=14%	
GOBP_POSITIVE_REGULATION_OF_LAMELLIPODIUM_ORGANIZATION	GOBP_POSITIVE_REGULATION_OF_LAMELLIPODIUM_ORGANIZATION		36	-0.39263898	-0.81224126	0.6743516	0.8939667	1.0	747	tags=14%, list=5%, signal=15%	
GOBP_GLYCOSPHINGOLIPID_METABOLIC_PROCESS	GOBP_GLYCOSPHINGOLIPID_METABOLIC_PROCESS		68	-0.38380647	-0.8122212	0.6366366	0.89298904	1.0	1120	tags=10%, list=7%, signal=11%	
GOBP_POSITIVE_REGULATION_OF_LONG_TERM_SYNAPTIC_POTENTIATION	GOBP_POSITIVE_REGULATION_OF_LONG_TERM_SYNAPTIC_POTENTIATION		22	-0.40978792	-0.8120052	0.67671233	0.892445	1.0	691	tags=18%, list=4%, signal=19%	
GOBP_POSITIVE_REGULATION_OF_SMAD_PROTEIN_SIGNAL_TRANSDUCTION	GOBP_POSITIVE_REGULATION_OF_SMAD_PROTEIN_SIGNAL_TRANSDUCTION		36	-0.38795558	-0.81181335	0.68154764	0.8918575	1.0	1491	tags=25%, list=9%, signal=27%	
GOBP_ACTIVATION_OF_PROTEIN_KINASE_ACTIVITY	GOBP_ACTIVATION_OF_PROTEIN_KINASE_ACTIVITY		44	-0.38758516	-0.8111691	0.6710963	0.89223874	1.0	277	tags=7%, list=2%, signal=7%	
GOBP_RESPONSE_TO_TOXIC_SUBSTANCE	GOBP_RESPONSE_TO_TOXIC_SUBSTANCE		209	-0.38811994	-0.81083536	0.5536332	0.89198035	1.0	519	tags=8%, list=3%, signal=8%	
GOBP_G_PROTEIN_COUPLED_DOPAMINE_RECEPTOR_SIGNALING_PATHWAY	GOBP_G_PROTEIN_COUPLED_DOPAMINE_RECEPTOR_SIGNALING_PATHWAY		29	-0.41065484	-0.810469	0.64857143	0.89173305	1.0	2236	tags=41%, list=14%, signal=48%	
GOBP_REGULATION_OF_BIOLOGICAL_PROCESS_INVOLVED_IN_SYMBIOTIC_INTERACTION	GOBP_REGULATION_OF_BIOLOGICAL_PROCESS_INVOLVED_IN_SYMBIOTIC_INTERACTION		29	-0.39143682	-0.80951303	0.7100271	0.892753	1.0	1154	tags=21%, list=7%, signal=22%	
GOBP_CELL_SURFACE_RECEPTOR_PROTEIN_SERINE_THREONINE_KINASE_SIGNALING_PATHWAY	GOBP_CELL_SURFACE_RECEPTOR_PROTEIN_SERINE_THREONINE_KINASE_SIGNALING_PATHWAY		347	-0.40947428	-0.80925566	0.44672132	0.89231914	1.0	1411	tags=20%, list=9%, signal=22%	
GOBP_NEGATIVE_REGULATION_OF_GROWTH	GOBP_NEGATIVE_REGULATION_OF_GROWTH		188	-0.3766396	-0.80888444	0.57761735	0.8920968	1.0	821	tags=12%, list=5%, signal=12%	
KEGG_MEDICUS_REFERENCE_ACTIVATION_OF_PRC2.2_BY_UBIQUITINATION_OF_H2AK119_IN_GERMLINE_GENES	KEGG_MEDICUS_REFERENCE_ACTIVATION_OF_PRC2.2_BY_UBIQUITINATION_OF_H2AK119_IN_GERMLINE_GENES		25	-0.40300024	-0.8088818	0.6751412	0.89110076	1.0	2312	tags=32%, list=14%, signal=37%	
KEGG_MEDICUS_REFERENCE_ACTIVATION_OF_PRC2.2_BY_UBIQUITINATION_OF_H2AK119	KEGG_MEDICUS_REFERENCE_ACTIVATION_OF_PRC2.2_BY_UBIQUITINATION_OF_H2AK119		20	-0.4151647	-0.808481	0.69942194	0.8909359	1.0	960	tags=20%, list=6%, signal=21%	
GOBP_KIDNEY_EPITHELIUM_DEVELOPMENT	GOBP_KIDNEY_EPITHELIUM_DEVELOPMENT		128	-0.38392648	-0.808446	0.6215278	0.8900008	1.0	1562	tags=20%, list=10%, signal=21%	
GOBP_CHONDROITIN_SULFATE_PROTEOGLYCAN_BIOSYNTHETIC_PROCESS	GOBP_CHONDROITIN_SULFATE_PROTEOGLYCAN_BIOSYNTHETIC_PROCESS		27	-0.40682325	-0.8074723	0.69072163	0.8911446	1.0	3802	tags=48%, list=23%, signal=63%	
KEGG_MEDICUS_REFERENCE_MITOCHONDRIAL_COMPLEX_UCP1_IN_THERMOGENESIS	KEGG_MEDICUS_REFERENCE_MITOCHONDRIAL_COMPLEX_UCP1_IN_THERMOGENESIS		55	-0.38073108	-0.8070699	0.68370605	0.89104545	1.0	1654	tags=29%, list=10%, signal=32%	
GOBP_POSITIVE_REGULATION_OF_RESPONSE_TO_WOUNDING	GOBP_POSITIVE_REGULATION_OF_RESPONSE_TO_WOUNDING		59	-0.37808135	-0.80599517	0.65578634	0.89230424	1.0	1068	tags=24%, list=7%, signal=25%	
GOBP_CGMP_METABOLIC_PROCESS	GOBP_CGMP_METABOLIC_PROCESS		15	-0.4341891	-0.8059227	0.67733335	0.8914461	1.0	2129	tags=20%, list=13%, signal=23%	
GOBP_EPITHELIAL_CELL_DIFFERENTIATION_INVOLVED_IN_KIDNEY_DEVELOPMENT	GOBP_EPITHELIAL_CELL_DIFFERENTIATION_INVOLVED_IN_KIDNEY_DEVELOPMENT		41	-0.38415745	-0.80539894	0.7175141	0.8916291	1.0	701	tags=17%, list=4%, signal=18%	
GOBP_CELL_MIGRATION_INVOLVED_IN_SPROUTING_ANGIOGENESIS	GOBP_CELL_MIGRATION_INVOLVED_IN_SPROUTING_ANGIOGENESIS		59	-0.37637937	-0.8042897	0.6745562	0.8929424	1.0	2061	tags=31%, list=13%, signal=35%	
GOBP_ANOIKIS	GOBP_ANOIKIS		30	-0.39648125	-0.8042808	0.7099447	0.8919681	1.0	1501	tags=27%, list=9%, signal=29%	
GOBP_POSITIVE_REGULATION_OF_MUSCLE_CELL_DIFFERENTIATION	GOBP_POSITIVE_REGULATION_OF_MUSCLE_CELL_DIFFERENTIATION		56	-0.38925278	-0.80373967	0.64918035	0.8920866	1.0	1712	tags=20%, list=11%, signal=22%	
GOBP_ENDOTHELIAL_CELL_MIGRATION	GOBP_ENDOTHELIAL_CELL_MIGRATION		214	-0.38637504	-0.80313206	0.556701	0.89242136	1.0	1196	tags=19%, list=7%, signal=20%	
GOBP_REGULATION_OF_DENDRITE_DEVELOPMENT	GOBP_REGULATION_OF_DENDRITE_DEVELOPMENT		94	-0.3837524	-0.80249673	0.63793105	0.89276445	1.0	428	tags=9%, list=3%, signal=9%	
GOBP_NEUROMUSCULAR_PROCESS	GOBP_NEUROMUSCULAR_PROCESS		166	-0.3732909	-0.8018858	0.6618705	0.8931446	1.0	955	tags=12%, list=6%, signal=13%	
KEGG_MEDICUS_REFERENCE_RELN_VLDLR_PI3K_SIGNALING_PATHWAY	KEGG_MEDICUS_REFERENCE_RELN_VLDLR_PI3K_SIGNALING_PATHWAY		15	-0.4362367	-0.8015178	0.7139037	0.8929428	1.0	899	tags=27%, list=6%, signal=28%	
GOBP_LENS_DEVELOPMENT_IN_CAMERA_TYPE_EYE	GOBP_LENS_DEVELOPMENT_IN_CAMERA_TYPE_EYE		74	-0.36263046	-0.80087554	0.7068404	0.8933586	1.0	1333	tags=15%, list=8%, signal=16%	
GOBP_AMINO_SUGAR_METABOLIC_PROCESS	GOBP_AMINO_SUGAR_METABOLIC_PROCESS		36	-0.39032045	-0.8008718	0.6570605	0.8923795	1.0	916	tags=11%, list=6%, signal=12%	
GOBP_PROTEIN_O_LINKED_GLYCOSYLATION_VIA_MANNOSE	GOBP_PROTEIN_O_LINKED_GLYCOSYLATION_VIA_MANNOSE		19	-0.41473764	-0.80077446	0.68159205	0.89159775	1.0	3685	tags=53%, list=23%, signal=68%	
KEGG_MEDICUS_VARIANT_MUTATION_CAUSED_ABERRANT_ABETA_TO_26S_PROTEASOME_MEDIATED_PROTEIN_DEGRADATION	KEGG_MEDICUS_VARIANT_MUTATION_CAUSED_ABERRANT_ABETA_TO_26S_PROTEASOME_MEDIATED_PROTEIN_DEGRADATION		34	-0.38423434	-0.800446	0.7441176	0.8913236	1.0	1743	tags=50%, list=11%, signal=56%	
GOBP_CELLULAR_RESPONSE_TO_REACTIVE_OXYGEN_SPECIES	GOBP_CELLULAR_RESPONSE_TO_REACTIVE_OXYGEN_SPECIES		124	-0.3737684	-0.80020976	0.6282051	0.8907986	1.0	1286	tags=18%, list=8%, signal=19%	
ASTON_MAJOR_DEPRESSIVE_DISORDER_UP	ASTON_MAJOR_DEPRESSIVE_DISORDER_UP		39	-0.3940164	-0.8001462	0.6707317	0.8899681	1.0	1359	tags=15%, list=8%, signal=17%	
GOBP_MITOCHONDRION_DISTRIBUTION	GOBP_MITOCHONDRION_DISTRIBUTION		19	-0.427867	-0.80010194	0.7427822	0.88908094	1.0	333	tags=11%, list=2%, signal=11%	
GOBP_HYALURONAN_CATABOLIC_PROCESS	GOBP_HYALURONAN_CATABOLIC_PROCESS		15	-0.43382725	-0.7998622	0.6598241	0.8886194	1.0	1120	tags=20%, list=7%, signal=21%	
GOBP_MITOCHONDRIAL_TRANSLATION	GOBP_MITOCHONDRIAL_TRANSLATION		127	-0.37810585	-0.79876024	0.5854545	0.8900053	1.0	3017	tags=35%, list=19%, signal=42%	
KEGG_BLADDER_CANCER	KEGG_BLADDER_CANCER		38	-0.38700843	-0.7986661	0.65045595	0.88925904	1.0	1241	tags=18%, list=8%, signal=20%	
GOBP_SPERM_FLAGELLUM_ASSEMBLY	GOBP_SPERM_FLAGELLUM_ASSEMBLY		48	-0.37704277	-0.79821986	0.6697531	0.8892577	1.0	2070	tags=10%, list=13%, signal=12%	
GOBP_EMBRYONIC_CAMERA_TYPE_EYE_MORPHOGENESIS	GOBP_EMBRYONIC_CAMERA_TYPE_EYE_MORPHOGENESIS		23	-0.41085365	-0.79805034	0.6904762	0.8886314	1.0	293	tags=9%, list=2%, signal=9%	
BLALOCK_ALZHEIMERS_DISEASE_INCIPIENT_DN	BLALOCK_ALZHEIMERS_DISEASE_INCIPIENT_DN		153	-0.36895594	-0.7980116	0.5987261	0.8877471	1.0	717	tags=10%, list=4%, signal=10%	
GOBP_DENDRITE_MORPHOGENESIS	GOBP_DENDRITE_MORPHOGENESIS		142	-0.36562017	-0.7977276	0.63432837	0.8873811	1.0	630	tags=11%, list=4%, signal=12%	
GOBP_CARDIAC_ATRIUM_MORPHOGENESIS	GOBP_CARDIAC_ATRIUM_MORPHOGENESIS		23	-0.4083785	-0.79738516	0.6994681	0.88713247	1.0	1411	tags=17%, list=9%, signal=19%	
GOBP_REGULATION_OF_PROTEIN_POLYUBIQUITINATION	GOBP_REGULATION_OF_PROTEIN_POLYUBIQUITINATION		28	-0.4061162	-0.7972586	0.68700266	0.8864367	1.0	443	tags=7%, list=3%, signal=7%	
GOBP_BEHAVIORAL_RESPONSE_TO_COCAINE	GOBP_BEHAVIORAL_RESPONSE_TO_COCAINE		16	-0.42835262	-0.79693544	0.6712707	0.886117	1.0	1076	tags=13%, list=7%, signal=13%	
KEGG_MEDICUS_VARIANT_MUTATION_INACTIVATED_PTCH1_TO_HEDGEHOG_SIGNALING_PATHWAY	KEGG_MEDICUS_VARIANT_MUTATION_INACTIVATED_PTCH1_TO_HEDGEHOG_SIGNALING_PATHWAY		26	-0.40948993	-0.7966553	0.70308125	0.8857777	1.0	994	tags=8%, list=6%, signal=8%	
GOBP_NEGATIVE_REGULATION_OF_GENE_SILENCING_BY_REGULATORY_NCRNA	GOBP_NEGATIVE_REGULATION_OF_GENE_SILENCING_BY_REGULATORY_NCRNA		16	-0.43131945	-0.7958402	0.71081084	0.8865613	1.0	469	tags=13%, list=3%, signal=13%	
GOBP_POSITIVE_REGULATION_OF_CELLULAR_RESPONSE_TO_INSULIN_STIMULUS	GOBP_POSITIVE_REGULATION_OF_CELLULAR_RESPONSE_TO_INSULIN_STIMULUS		21	-0.3999546	-0.79504174	0.7075209	0.8872718	1.0	791	tags=14%, list=5%, signal=15%	
KEGG_ARACHIDONIC_ACID_METABOLISM	KEGG_ARACHIDONIC_ACID_METABOLISM		35	-0.3926822	-0.79397786	0.68125	0.88857037	1.0	729	tags=11%, list=4%, signal=12%	
GOBP_CELL_SUBSTRATE_ADHESION	GOBP_CELL_SUBSTRATE_ADHESION		343	-0.4010348	-0.7924705	0.51012146	0.890937	1.0	1192	tags=19%, list=7%, signal=20%	
GOBP_MEMBRANE_LIPID_CATABOLIC_PROCESS	GOBP_MEMBRANE_LIPID_CATABOLIC_PROCESS		46	-0.40220428	-0.79151034	0.71472394	0.8920423	1.0	1286	tags=22%, list=8%, signal=24%	
GOBP_REGULATION_OF_ANOIKIS	GOBP_REGULATION_OF_ANOIKIS		20	-0.3997696	-0.79103076	0.6861702	0.8921074	1.0	990	tags=25%, list=6%, signal=27%	
GOBP_PURINE_CONTAINING_COMPOUND_TRANSMEMBRANE_TRANSPORT	GOBP_PURINE_CONTAINING_COMPOUND_TRANSMEMBRANE_TRANSPORT		32	-0.38200054	-0.7909309	0.73802817	0.89137644	1.0	961	tags=16%, list=6%, signal=17%	
GOBP_ADULT_LOCOMOTORY_BEHAVIOR	GOBP_ADULT_LOCOMOTORY_BEHAVIOR		77	-0.36848885	-0.79021853	0.71746033	0.8919583	1.0	735	tags=9%, list=5%, signal=9%	
GOBP_CELLULAR_RESPONSE_TO_OXYGEN_RADICAL	GOBP_CELLULAR_RESPONSE_TO_OXYGEN_RADICAL		17	-0.43121043	-0.789941	0.6972973	0.8916096	1.0	1196	tags=29%, list=7%, signal=32%	
GOBP_FATTY_ACID_TRANSMEMBRANE_TRANSPORT	GOBP_FATTY_ACID_TRANSMEMBRANE_TRANSPORT		17	-0.4054812	-0.78893816	0.69325155	0.89278996	1.0	949	tags=18%, list=6%, signal=19%	
GOBP_GLAND_MORPHOGENESIS	GOBP_GLAND_MORPHOGENESIS		110	-0.38407698	-0.78869444	0.63870966	0.892344	1.0	1062	tags=12%, list=7%, signal=13%	
GOBP_NEGATIVE_REGULATION_OF_REACTIVE_OXYGEN_SPECIES_METABOLIC_PROCESS	GOBP_NEGATIVE_REGULATION_OF_REACTIVE_OXYGEN_SPECIES_METABOLIC_PROCESS		38	-0.3858136	-0.7880054	0.7322581	0.89286274	1.0	813	tags=18%, list=5%, signal=19%	
GRAY_2014_CHRONICRESTRAINTANDFORCEDSWIMSTRESS_UPREGULATED_HC	GRAY_2014_CHRONICRESTRAINTANDFORCEDSWIMSTRESS_UPREGULATED_HC		298	-0.3983291	-0.7877725	0.5	0.8924148	1.0	1050	tags=11%, list=6%, signal=12%	
GOBP_PROTEIN_MONOUBIQUITINATION	GOBP_PROTEIN_MONOUBIQUITINATION		52	-0.37721154	-0.78723645	0.72164947	0.892591	1.0	631	tags=10%, list=4%, signal=10%	
GOBP_CELLULAR_RESPONSE_TO_ESTRADIOL_STIMULUS	GOBP_CELLULAR_RESPONSE_TO_ESTRADIOL_STIMULUS		30	-0.3947784	-0.78706014	0.7002882	0.891993	1.0	703	tags=10%, list=4%, signal=10%	
KEGG_MEDICUS_REFERENCE_TELOMERE_ELONGATION	KEGG_MEDICUS_REFERENCE_TELOMERE_ELONGATION		18	-0.42518345	-0.78695405	0.7094241	0.89125174	1.0	3191	tags=28%, list=20%, signal=35%	
GOBP_POSITIVE_REGULATION_OF_MAP_KINASE_ACTIVITY	GOBP_POSITIVE_REGULATION_OF_MAP_KINASE_ACTIVITY		33	-0.37865907	-0.786662	0.70987654	0.89094347	1.0	2576	tags=30%, list=16%, signal=36%	
GOBP_HEPARIN_PROTEOGLYCAN_METABOLIC_PROCESS	GOBP_HEPARIN_PROTEOGLYCAN_METABOLIC_PROCESS		20	-0.407133	-0.78520143	0.69786096	0.8930968	1.0	3244	tags=45%, list=20%, signal=56%	
GOBP_CELL_DIFFERENTIATION_INVOLVED_IN_KIDNEY_DEVELOPMENT	GOBP_CELL_DIFFERENTIATION_INVOLVED_IN_KIDNEY_DEVELOPMENT		49	-0.37800482	-0.78500444	0.6749226	0.8925932	1.0	701	tags=14%, list=4%, signal=15%	
KEGG_MEDICUS_VARIANT_NOTCH_OVEREXPRESSION_TO_NOTCH_SIGNALING_PATHWAY	KEGG_MEDICUS_VARIANT_NOTCH_OVEREXPRESSION_TO_NOTCH_SIGNALING_PATHWAY		16	-0.42353812	-0.7847034	0.688	0.89227545	1.0	1807	tags=31%, list=11%, signal=35%	
KEGG_MEDICUS_REFERENCE_DYNEIN_RECRUITMENT_TO_THE_KINETOCHORE	KEGG_MEDICUS_REFERENCE_DYNEIN_RECRUITMENT_TO_THE_KINETOCHORE		29	-0.39674723	-0.7838587	0.6815643	0.8930783	1.0	871	tags=17%, list=5%, signal=18%	
GOBP_GLUTAMINE_METABOLIC_PROCESS	GOBP_GLUTAMINE_METABOLIC_PROCESS		16	-0.41386142	-0.78188336	0.69945353	0.89630127	1.0	119	tags=6%, list=1%, signal=6%	
GOBP_NEGATIVE_REGULATION_OF_INTERLEUKIN_1_PRODUCTION	GOBP_NEGATIVE_REGULATION_OF_INTERLEUKIN_1_PRODUCTION		26	-0.38780227	-0.7814017	0.71311474	0.8963658	1.0	1084	tags=27%, list=7%, signal=29%	
GOBP_POSITIVE_REGULATION_OF_EXTRACELLULAR_MATRIX_ORGANIZATION	GOBP_POSITIVE_REGULATION_OF_EXTRACELLULAR_MATRIX_ORGANIZATION		26	-0.3914546	-0.78132087	0.7151515	0.8955696	1.0	1052	tags=27%, list=6%, signal=29%	
GOBP_MUSCLE_TISSUE_DEVELOPMENT	GOBP_MUSCLE_TISSUE_DEVELOPMENT		369	-0.40125078	-0.78116024	0.52873564	0.894964	1.0	1006	tags=11%, list=6%, signal=12%	
GOBP_NUCLEOBASE_BIOSYNTHETIC_PROCESS	GOBP_NUCLEOBASE_BIOSYNTHETIC_PROCESS		21	-0.39627892	-0.78109634	0.7427056	0.89415795	1.0	2023	tags=29%, list=12%, signal=33%	
GOBP_DOPAMINE_TRANSPORT	GOBP_DOPAMINE_TRANSPORT		34	-0.3741984	-0.7806363	0.7027864	0.8941926	1.0	1688	tags=24%, list=10%, signal=26%	
KEGG_CELL_CYCLE	KEGG_CELL_CYCLE		117	-0.37945613	-0.78040045	0.63799286	0.89375293	1.0	1425	tags=16%, list=9%, signal=18%	
GOBP_SENSORY_PERCEPTION_OF_PAIN	GOBP_SENSORY_PERCEPTION_OF_PAIN		72	-0.36124915	-0.7802872	0.7284345	0.89307636	1.0	661	tags=8%, list=4%, signal=9%	
GOBP_STRIATUM_DEVELOPMENT	GOBP_STRIATUM_DEVELOPMENT		21	-0.3890964	-0.7802267	0.72537315	0.8922404	1.0	1076	tags=14%, list=7%, signal=15%	
GOBP_REGULATION_OF_OSTEOBLAST_PROLIFERATION	GOBP_REGULATION_OF_OSTEOBLAST_PROLIFERATION		21	-0.38766262	-0.7792195	0.7234637	0.89343864	1.0	1163	tags=24%, list=7%, signal=26%	
GOBP_APOPTOTIC_DNA_FRAGMENTATION	GOBP_APOPTOTIC_DNA_FRAGMENTATION		18	-0.4201137	-0.7784212	0.7118644	0.89418274	1.0	1276	tags=17%, list=8%, signal=18%	
GOBP_FACULTATIVE_HETEROCHROMATIN_FORMATION	GOBP_FACULTATIVE_HETEROCHROMATIN_FORMATION		16	-0.40872824	-0.77675164	0.73259056	0.8967387	1.0	89	tags=6%, list=1%, signal=6%	
GOBP_VASCULAR_ENDOTHELIAL_CELL_RESPONSE_TO_LAMINAR_FLUID_SHEAR_STRESS	GOBP_VASCULAR_ENDOTHELIAL_CELL_RESPONSE_TO_LAMINAR_FLUID_SHEAR_STRESS		21	-0.40630817	-0.7767448	0.7486188	0.8958153	1.0	437	tags=19%, list=3%, signal=20%	
GOBP_REGULATION_OF_POTASSIUM_ION_TRANSPORT	GOBP_REGULATION_OF_POTASSIUM_ION_TRANSPORT		72	-0.35313597	-0.7756869	0.7244582	0.8971602	1.0	1196	tags=17%, list=7%, signal=18%	
GOBP_CARDIAC_VENTRICLE_MORPHOGENESIS	GOBP_CARDIAC_VENTRICLE_MORPHOGENESIS		61	-0.35898787	-0.77526337	0.7647059	0.89710367	1.0	1158	tags=20%, list=7%, signal=21%	
KEGG_MEDICUS_REFERENCE_CCR2_GNB_G_PI3K_NFKB_SIGNALING_PATHWAY	KEGG_MEDICUS_REFERENCE_CCR2_GNB_G_PI3K_NFKB_SIGNALING_PATHWAY		27	-0.39182866	-0.7748024	0.70897835	0.8971533	1.0	899	tags=26%, list=6%, signal=27%	
GOBP_NUCLEAR_MEMBRANE_ORGANIZATION	GOBP_NUCLEAR_MEMBRANE_ORGANIZATION		44	-0.37840796	-0.7746524	0.6744186	0.8965369	1.0	1918	tags=18%, list=12%, signal=21%	
GOBP_REGULATION_OF_D_GLUCOSE_IMPORT	GOBP_REGULATION_OF_D_GLUCOSE_IMPORT		45	-0.37319446	-0.77413	0.7155425	0.8967248	1.0	946	tags=11%, list=6%, signal=12%	
GOBP_NEGATIVE_REGULATION_OF_POTASSIUM_ION_TRANSPORT	GOBP_NEGATIVE_REGULATION_OF_POTASSIUM_ION_TRANSPORT		24	-0.39521173	-0.7738787	0.73410404	0.8963052	1.0	1196	tags=17%, list=7%, signal=18%	
GOBP_POSITIVE_REGULATION_OF_CHROMOSOME_ORGANIZATION	GOBP_POSITIVE_REGULATION_OF_CHROMOSOME_ORGANIZATION		102	-0.37043563	-0.7726536	0.65217394	0.89791536	1.0	661	tags=9%, list=4%, signal=9%	
GOBP_EMBRYONIC_ORGAN_DEVELOPMENT	GOBP_EMBRYONIC_ORGAN_DEVELOPMENT		385	-0.40692988	-0.77249664	0.4920635	0.89732695	1.0	1244	tags=11%, list=8%, signal=11%	
GOBP_NEGATIVE_REGULATION_OF_PROTEIN_MATURATION	GOBP_NEGATIVE_REGULATION_OF_PROTEIN_MATURATION		17	-0.41037074	-0.7712735	0.72440946	0.89905745	1.0	1154	tags=41%, list=7%, signal=44%	
GOBP_ADRENAL_GLAND_DEVELOPMENT	GOBP_ADRENAL_GLAND_DEVELOPMENT		23	-0.3891812	-0.770636	0.7376093	0.8995025	1.0	64	tags=4%, list=0%, signal=4%	
GOBP_POSITIVE_REGULATION_OF_CANONICAL_WNT_SIGNALING_PATHWAY	GOBP_POSITIVE_REGULATION_OF_CANONICAL_WNT_SIGNALING_PATHWAY		112	-0.3498912	-0.76864475	0.7284768	0.9027896	1.0	201	tags=3%, list=1%, signal=3%	
GOBP_INTRACILIARY_TRANSPORT	GOBP_INTRACILIARY_TRANSPORT		52	-0.37743	-0.7685875	0.71681416	0.9019874	1.0	2891	tags=23%, list=18%, signal=28%	
KEGG_MELANOMA	KEGG_MELANOMA		60	-0.36113617	-0.7684536	0.7191358	0.9013467	1.0	1241	tags=17%, list=8%, signal=18%	
GOBP_SUBPALLIUM_DEVELOPMENT	GOBP_SUBPALLIUM_DEVELOPMENT		25	-0.37329188	-0.7676619	0.71468925	0.9020832	1.0	1076	tags=12%, list=7%, signal=13%	
KEGG_MEDICUS_REFERENCE_FGF_FGFR_RAS_ERK_SIGNALING_PATHWAY	KEGG_MEDICUS_REFERENCE_FGF_FGFR_RAS_ERK_SIGNALING_PATHWAY		25	-0.3900787	-0.76721716	0.7537092	0.9020943	1.0	2306	tags=28%, list=14%, signal=33%	
HAY_BONE_MARROW_PLATELET	HAY_BONE_MARROW_PLATELET		186	-0.37025675	-0.76715213	0.6072607	0.9013057	1.0	948	tags=12%, list=6%, signal=13%	
GOBP_EPITHELIAL_STRUCTURE_MAINTENANCE	GOBP_EPITHELIAL_STRUCTURE_MAINTENANCE		29	-0.38558877	-0.7664165	0.7434402	0.90189564	1.0	786	tags=7%, list=5%, signal=7%	
ENDOTHELIAL_ALL_ZEISEL_SCIENCE_2015	ENDOTHELIAL_ALL_ZEISEL_SCIENCE_2015		285	-0.38369745	-0.7659793	0.5608856	0.90188867	1.0	1692	tags=22%, list=10%, signal=25%	
GOBP_REGULATION_OF_DENDRITE_MORPHOGENESIS	GOBP_REGULATION_OF_DENDRITE_MORPHOGENESIS		61	-0.3602316	-0.76514995	0.78317153	0.9026849	1.0	428	tags=10%, list=3%, signal=10%	
GOBP_POSITIVE_REGULATION_OF_CYCLASE_ACTIVITY	GOBP_POSITIVE_REGULATION_OF_CYCLASE_ACTIVITY		19	-0.39731315	-0.7648807	0.74418604	0.902315	1.0	1158	tags=16%, list=7%, signal=17%	
GOBP_REGULATION_OF_POTASSIUM_ION_TRANSMEMBRANE_TRANSPORT	GOBP_REGULATION_OF_POTASSIUM_ION_TRANSMEMBRANE_TRANSPORT		56	-0.3673129	-0.7642926	0.74772036	0.90266824	1.0	777	tags=13%, list=5%, signal=13%	
GOBP_FATTY_ACYL_COA_BIOSYNTHETIC_PROCESS	GOBP_FATTY_ACYL_COA_BIOSYNTHETIC_PROCESS		25	-0.37848464	-0.76348144	0.72477067	0.90348566	1.0	908	tags=20%, list=6%, signal=21%	
GOBP_CELLULAR_RESPONSE_TO_GONADOTROPIN_STIMULUS	GOBP_CELLULAR_RESPONSE_TO_GONADOTROPIN_STIMULUS		16	-0.41167438	-0.76305777	0.7244318	0.90351784	1.0	1158	tags=13%, list=7%, signal=13%	
GOBP_MUSCLE_ORGAN_DEVELOPMENT	GOBP_MUSCLE_ORGAN_DEVELOPMENT		304	-0.394041	-0.762577	0.53667957	0.9036488	1.0	1217	tags=13%, list=7%, signal=14%	
ZHONG_PFC_C8_ORG_PROLIFERATING	ZHONG_PFC_C8_ORG_PROLIFERATING		53	-0.36628357	-0.76086456	0.73015875	0.90626556	1.0	2179	tags=21%, list=13%, signal=24%	
GEMMA_GSE5429_HIPPOCAMPAL_GENE_EXPRESSION_PROFILING_ACROSS_8_INBRED_STRAINS:_TOWARDS_UNDERSTANDING_THE_MOLECULAR_BASIS_OF_BEHAVIOUR_STRAIN_SJL.J_DOWN	GEMMA_GSE5429_HIPPOCAMPAL_GENE_EXPRESSION_PROFILING_ACROSS_8_INBRED_STRAINS:_TOWARDS_UNDERSTANDING_THE_MOLECULAR_BASIS_OF_BEHAVIOUR_STRAIN_SJL.J_DOWN		477	-0.4068689	-0.75972134	0.5	0.90772825	1.0	1359	tags=21%, list=8%, signal=22%	
GOBP_PIGMENT_CELL_DIFFERENTIATION	GOBP_PIGMENT_CELL_DIFFERENTIATION		32	-0.37644142	-0.7589169	0.7319277	0.9084509	1.0	673	tags=9%, list=4%, signal=10%	
GOBP_POSITIVE_REGULATION_OF_METAPHASE_ANAPHASE_TRANSITION_OF_CELL_CYCLE	GOBP_POSITIVE_REGULATION_OF_METAPHASE_ANAPHASE_TRANSITION_OF_CELL_CYCLE		18	-0.3861445	-0.75794303	0.7637795	0.90956837	1.0	3150	tags=33%, list=19%, signal=41%	
GOBP_POSITIVE_REGULATION_OF_SMOOTH_MUSCLE_CELL_DIFFERENTIATION	GOBP_POSITIVE_REGULATION_OF_SMOOTH_MUSCLE_CELL_DIFFERENTIATION		15	-0.4014963	-0.75759655	0.76280326	0.90935457	1.0	1712	tags=20%, list=11%, signal=22%	
GOBP_ANIMAL_ORGAN_REGENERATION	GOBP_ANIMAL_ORGAN_REGENERATION		43	-0.36717597	-0.7564068	0.7798165	0.9108892	1.0	1123	tags=16%, list=7%, signal=17%	
GOBP_SYNAPTIC_ASSEMBLY_AT_NEUROMUSCULAR_JUNCTION	GOBP_SYNAPTIC_ASSEMBLY_AT_NEUROMUSCULAR_JUNCTION		16	-0.41037697	-0.7563208	0.7466307	0.91014665	1.0	1301	tags=31%, list=8%, signal=34%	
GOBP_PROTEIN_LOCALIZATION_TO_MITOCHONDRION	GOBP_PROTEIN_LOCALIZATION_TO_MITOCHONDRION		62	-0.35973257	-0.7562325	0.74846625	0.90941	1.0	2181	tags=29%, list=13%, signal=33%	
GOBP_CELLULAR_RESPONSE_TO_OXIDATIVE_STRESS	GOBP_CELLULAR_RESPONSE_TO_OXIDATIVE_STRESS		231	-0.3592311	-0.75587404	0.6712329	0.90918213	1.0	1506	tags=18%, list=9%, signal=20%	
GOBP_FATTY_ACID_BETA_OXIDATION	GOBP_FATTY_ACID_BETA_OXIDATION		67	-0.35165203	-0.75583214	0.757764	0.90833694	1.0	2294	tags=15%, list=14%, signal=17%	
GOBP_BINDING_OF_SPERM_TO_ZONA_PELLUCIDA	GOBP_BINDING_OF_SPERM_TO_ZONA_PELLUCIDA		22	-0.38653186	-0.75524527	0.75274724	0.9086422	1.0	2157	tags=36%, list=13%, signal=42%	
GOBP_ANIMAL_ORGAN_FORMATION	GOBP_ANIMAL_ORGAN_FORMATION		52	-0.35841376	-0.75337154	0.7765043	0.9116283	1.0	1333	tags=13%, list=8%, signal=15%	
GOBP_REGULATION_OF_VASCULAR_ENDOTHELIAL_GROWTH_FACTOR_RECEPTOR_SIGNALING_PATHWAY	GOBP_REGULATION_OF_VASCULAR_ENDOTHELIAL_GROWTH_FACTOR_RECEPTOR_SIGNALING_PATHWAY		32	-0.36852384	-0.75285965	0.7793296	0.9117609	1.0	1078	tags=16%, list=7%, signal=17%	
KEGG_BETA_ALANINE_METABOLISM	KEGG_BETA_ALANINE_METABOLISM		20	-0.4067709	-0.75201005	0.73876405	0.91265786	1.0	1679	tags=25%, list=10%, signal=28%	
KEGG_COLORECTAL_CANCER	KEGG_COLORECTAL_CANCER		59	-0.36010358	-0.7512246	0.7627628	0.9133307	1.0	1626	tags=25%, list=10%, signal=28%	
GOBP_REGULATION_OF_TELOMERE_MAINTENANCE	GOBP_REGULATION_OF_TELOMERE_MAINTENANCE		106	-0.3474289	-0.751053	0.7226027	0.91274077	1.0	661	tags=9%, list=4%, signal=10%	
GOBP_GLUCAN_BIOSYNTHETIC_PROCESS	GOBP_GLUCAN_BIOSYNTHETIC_PROCESS		34	-0.37793666	-0.7502075	0.7556818	0.9134994	1.0	1580	tags=21%, list=10%, signal=23%	
GOBP_RESPONSE_TO_AMINE	GOBP_RESPONSE_TO_AMINE		44	-0.35743868	-0.7500625	0.7556818	0.9128796	1.0	1575	tags=27%, list=10%, signal=30%	
GOBP_EPIGENETIC_PROGRAMMING_OF_GENE_EXPRESSION	GOBP_EPIGENETIC_PROGRAMMING_OF_GENE_EXPRESSION		29	-0.37683612	-0.7495357	0.78470254	0.9130507	1.0	64	tags=3%, list=0%, signal=3%	
GOBP_REGULATION_OF_CELLULAR_RESPONSE_TO_GROWTH_FACTOR_STIMULUS	GOBP_REGULATION_OF_CELLULAR_RESPONSE_TO_GROWTH_FACTOR_STIMULUS		300	-0.36231798	-0.74947095	0.60076046	0.91226333	1.0	1207	tags=17%, list=7%, signal=18%	
GOBP_INTRACILIARY_ANTEROGRADE_TRANSPORT	GOBP_INTRACILIARY_ANTEROGRADE_TRANSPORT		17	-0.403219	-0.7493732	0.7521614	0.91156656	1.0	3673	tags=41%, list=23%, signal=53%	
GOBP_NUCLEAR_ENVELOPE_ORGANIZATION	GOBP_NUCLEAR_ENVELOPE_ORGANIZATION		55	-0.35265726	-0.74679404	0.7665706	0.9158981	1.0	1918	tags=16%, list=12%, signal=18%	
GOBP_DNA_REPLICATION_CHECKPOINT_SIGNALING	GOBP_DNA_REPLICATION_CHECKPOINT_SIGNALING		24	-0.37459233	-0.7444619	0.7759563	0.91974354	1.0	4147	tags=42%, list=26%, signal=56%	
GOBP_ENDONUCLEOLYTIC_CLEAVAGE_OF_TRICISTRONIC_RRNA_TRANSCRIPT_SSU_RRNA_5_8S_RRNA_LSU_RRNA	GOBP_ENDONUCLEOLYTIC_CLEAVAGE_OF_TRICISTRONIC_RRNA_TRANSCRIPT_SSU_RRNA_5_8S_RRNA_LSU_RRNA		23	-0.3847655	-0.7444125	0.76256984	0.91892934	1.0	267	tags=4%, list=2%, signal=4%	
GOBP_REGULATION_OF_CELL_MIGRATION_INVOLVED_IN_SPROUTING_ANGIOGENESIS	GOBP_REGULATION_OF_CELL_MIGRATION_INVOLVED_IN_SPROUTING_ANGIOGENESIS		40	-0.36908966	-0.74318993	0.75595236	0.9205208	1.0	2061	tags=30%, list=13%, signal=34%	
GOBP_LABYRINTHINE_LAYER_BLOOD_VESSEL_DEVELOPMENT	GOBP_LABYRINTHINE_LAYER_BLOOD_VESSEL_DEVELOPMENT		21	-0.3755992	-0.74273795	0.78197676	0.92050207	1.0	529	tags=10%, list=3%, signal=10%	
GOBP_OSTEOBLAST_PROLIFERATION	GOBP_OSTEOBLAST_PROLIFERATION		27	-0.3714655	-0.7427004	0.8181818	0.919671	1.0	1163	tags=19%, list=7%, signal=20%	
GOBP_REGULATION_OF_CARDIAC_MUSCLE_CELL_PROLIFERATION	GOBP_REGULATION_OF_CARDIAC_MUSCLE_CELL_PROLIFERATION		31	-0.37011868	-0.74233615	0.7733711	0.91947705	1.0	234	tags=6%, list=1%, signal=7%	
GOBP_REGULATION_OF_ACTIVIN_RECEPTOR_SIGNALING_PATHWAY	GOBP_REGULATION_OF_ACTIVIN_RECEPTOR_SIGNALING_PATHWAY		25	-0.35824546	-0.74166924	0.7798913	0.91985446	1.0	658	tags=12%, list=4%, signal=12%	
GOBP_SENSORY_PERCEPTION	GOBP_SENSORY_PERCEPTION		408	-0.38904715	-0.7415469	0.5625	0.9192078	1.0	515	tags=5%, list=3%, signal=5%	
ROVERSI_GLIOMA_LOH_REGIONS	ROVERSI_GLIOMA_LOH_REGIONS		39	-0.36936185	-0.7414736	0.77842563	0.91843814	1.0	1532	tags=23%, list=9%, signal=25%	
GOBP_VENTRICULAR_SEPTUM_MORPHOGENESIS	GOBP_VENTRICULAR_SEPTUM_MORPHOGENESIS		43	-0.3555257	-0.74082696	0.8049536	0.91881937	1.0	1701	tags=28%, list=10%, signal=31%	
GOBP_PROTEIN_N_LINKED_GLYCOSYLATION_VIA_ASPARAGINE	GOBP_PROTEIN_N_LINKED_GLYCOSYLATION_VIA_ASPARAGINE		20	-0.38257158	-0.74075025	0.7948718	0.91806835	1.0	2151	tags=45%, list=13%, signal=52%	
GOBP_RRNA_MODIFICATION	GOBP_RRNA_MODIFICATION		37	-0.35794222	-0.7403885	0.78977275	0.9178532	1.0	4070	tags=27%, list=25%, signal=36%	
HALLMARK_PROTEIN_SECRETION	HALLMARK_PROTEIN_SECRETION		93	-0.3533849	-0.7402421	0.73015875	0.9172523	1.0	1353	tags=24%, list=8%, signal=26%	
GOBP_PROTEIN_NEDDYLATION	GOBP_PROTEIN_NEDDYLATION		23	-0.38074684	-0.7400346	0.77410465	0.9167847	1.0	2851	tags=61%, list=18%, signal=74%	
GOBP_CORONARY_VASCULATURE_DEVELOPMENT	GOBP_CORONARY_VASCULATURE_DEVELOPMENT		42	-0.34151825	-0.739525	0.8033708	0.9169222	1.0	991	tags=14%, list=6%, signal=15%	
OLIGODENDROCYTE_PROGENITOR CELL_DARMANIS_PNAS_2015	OLIGODENDROCYTE_PROGENITOR CELL_DARMANIS_PNAS_2015		16	-0.3899593	-0.73890036	0.78100264	0.91728395	1.0	1447	tags=19%, list=9%, signal=21%	
GEMMA_GSE113796_MRNA-SEQ_OF_MOUSE_METTL3_CKO_AND_FTO_CKO_HIPPOCAMPUS_AFTER_FEAR_CONDITIONING_GENOTYPE_METTL3.MOUSE.METHYLTRANSFERASE.LIKE.3_HOMOZYGOUS.NEGATIVE_DOWN	GEMMA_GSE113796_MRNA-SEQ_OF_MOUSE_METTL3_CKO_AND_FTO_CKO_HIPPOCAMPUS_AFTER_FEAR_CONDITIONING_GENOTYPE_METTL3.MOUSE.METHYLTRANSFERASE.LIKE.3_HOMOZYGOUS.NEGATIVE_DOWN		49	-0.36235625	-0.7386596	0.79008746	0.9168545	1.0	366	tags=6%, list=2%, signal=6%	
KEGG_MEDICUS_REFERENCE_EGF_EGFR_PLCG_CALCINEURIN_SIGNALING_PATHWAY	KEGG_MEDICUS_REFERENCE_EGF_EGFR_PLCG_CALCINEURIN_SIGNALING_PATHWAY		16	-0.39466983	-0.7379689	0.7692308	0.9173787	1.0	396	tags=13%, list=2%, signal=13%	
GOBP_NEGATIVE_REGULATION_OF_MONOATOMIC_ION_TRANSMEMBRANE_TRANSPORT	GOBP_NEGATIVE_REGULATION_OF_MONOATOMIC_ION_TRANSMEMBRANE_TRANSPORT		60	-0.36013344	-0.73692137	0.7823344	0.9185945	1.0	1094	tags=18%, list=7%, signal=20%	
GOBP_EPITHELIAL_CELL_PROLIFERATION	GOBP_EPITHELIAL_CELL_PROLIFERATION		356	-0.39216718	-0.73629034	0.5719697	0.9188906	1.0	1236	tags=16%, list=8%, signal=17%	
GOBP_REGULATION_OF_MYOTUBE_DIFFERENTIATION	GOBP_REGULATION_OF_MYOTUBE_DIFFERENTIATION		38	-0.35906017	-0.7354493	0.76608187	0.9196132	1.0	680	tags=11%, list=4%, signal=11%	
GOBP_REGULATION_OF_BICELLULAR_TIGHT_JUNCTION_ASSEMBLY	GOBP_REGULATION_OF_BICELLULAR_TIGHT_JUNCTION_ASSEMBLY		19	-0.3822876	-0.734995	0.78176796	0.9195864	1.0	1788	tags=26%, list=11%, signal=30%	
GOBP_POSITIVE_REGULATION_OF_FILOPODIUM_ASSEMBLY	GOBP_POSITIVE_REGULATION_OF_FILOPODIUM_ASSEMBLY		28	-0.3620824	-0.73497784	0.8028169	0.9187298	1.0	1464	tags=25%, list=9%, signal=27%	
GOBP_DICARBOXYLIC_ACID_CATABOLIC_PROCESS	GOBP_DICARBOXYLIC_ACID_CATABOLIC_PROCESS		16	-0.387211	-0.7346647	0.7630208	0.91848063	1.0	2436	tags=38%, list=15%, signal=44%	
LEE_AGING_CEREBELLUM_DN	LEE_AGING_CEREBELLUM_DN		62	-0.35812724	-0.7342603	0.73015875	0.91839474	1.0	232	tags=5%, list=1%, signal=5%	
GOBP_PLASMA_MEMBRANE_TUBULATION	GOBP_PLASMA_MEMBRANE_TUBULATION		18	-0.3799657	-0.732831	0.7692308	0.92026603	1.0	2571	tags=44%, list=16%, signal=53%	
PARK_2011_COEXPRESSION_HIPPOCAMPUS_MOUSE_DARKGREEN	PARK_2011_COEXPRESSION_HIPPOCAMPUS_MOUSE_DARKGREEN		85	-0.35370588	-0.73221433	0.7359736	0.92059535	1.0	1129	tags=8%, list=7%, signal=9%	
GOBP_TRNA_METHYLATION	GOBP_TRNA_METHYLATION		38	-0.36069942	-0.73165315	0.80115277	0.9207627	1.0	4414	tags=29%, list=27%, signal=40%	
GOBP_REGULATION_OF_POLYSACCHARIDE_BIOSYNTHETIC_PROCESS	GOBP_REGULATION_OF_POLYSACCHARIDE_BIOSYNTHETIC_PROCESS		31	-0.36545804	-0.7312218	0.79202276	0.9207026	1.0	1580	tags=29%, list=10%, signal=32%	
GOBP_PURINE_NUCLEOTIDE_TRANSPORT	GOBP_PURINE_NUCLEOTIDE_TRANSPORT		32	-0.3644715	-0.73118395	0.7861111	0.91987914	1.0	1367	tags=19%, list=8%, signal=20%	
GOBP_GLYCOLIPID_BIOSYNTHETIC_PROCESS	GOBP_GLYCOLIPID_BIOSYNTHETIC_PROCESS		82	-0.34131542	-0.73029286	0.7908497	0.9207228	1.0	2170	tags=15%, list=13%, signal=17%	
GOBP_REGULATION_OF_POLYSACCHARIDE_METABOLIC_PROCESS	GOBP_REGULATION_OF_POLYSACCHARIDE_METABOLIC_PROCESS		39	-0.35334134	-0.7299858	0.7791045	0.9203845	1.0	1580	tags=23%, list=10%, signal=25%	
KEGG_ENDOMETRIAL_CANCER	KEGG_ENDOMETRIAL_CANCER		51	-0.3514881	-0.7297065	0.74539876	0.92005	1.0	1181	tags=18%, list=7%, signal=19%	
GOBP_VASCULAR_ENDOTHELIAL_CELL_RESPONSE_TO_FLUID_SHEAR_STRESS	GOBP_VASCULAR_ENDOTHELIAL_CELL_RESPONSE_TO_FLUID_SHEAR_STRESS		26	-0.38166448	-0.72970146	0.7616438	0.9191708	1.0	1071	tags=23%, list=7%, signal=25%	
GOBP_MESODERM_MORPHOGENESIS	GOBP_MESODERM_MORPHOGENESIS		61	-0.33830085	-0.7290775	0.8169935	0.91951144	1.0	1292	tags=18%, list=8%, signal=20%	
GOBP_POSITIVE_REGULATION_OF_TRANSFORMING_GROWTH_FACTOR_BETA_PRODUCTION	GOBP_POSITIVE_REGULATION_OF_TRANSFORMING_GROWTH_FACTOR_BETA_PRODUCTION		16	-0.38937017	-0.72872466	0.77567565	0.9193163	1.0	949	tags=19%, list=6%, signal=20%	
GOBP_GLYCOSPHINGOLIPID_BIOSYNTHETIC_PROCESS	GOBP_GLYCOSPHINGOLIPID_BIOSYNTHETIC_PROCESS		43	-0.34853026	-0.72825265	0.8212121	0.9193396	1.0	71	tags=2%, list=0%, signal=2%	
GOBP_NEGATIVE_CHEMOTAXIS	GOBP_NEGATIVE_CHEMOTAXIS		45	-0.3527583	-0.72769797	0.83282673	0.91956204	1.0	1764	tags=31%, list=11%, signal=35%	
GOBP_INTRACELLULAR_MRNA_LOCALIZATION	GOBP_INTRACELLULAR_MRNA_LOCALIZATION		19	-0.3716201	-0.72766477	0.8169014	0.9187445	1.0	1290	tags=26%, list=8%, signal=29%	
GOBP_ARACHIDONATE_METABOLIC_PROCESS	GOBP_ARACHIDONATE_METABOLIC_PROCESS		36	-0.35219178	-0.72726965	0.8067227	0.91855824	1.0	897	tags=14%, list=6%, signal=15%	
GOBP_REGULATION_OF_MEIOTIC_NUCLEAR_DIVISION	GOBP_REGULATION_OF_MEIOTIC_NUCLEAR_DIVISION		26	-0.37693515	-0.72669286	0.759375	0.91877115	1.0	89	tags=4%, list=1%, signal=4%	
GOBP_CHONDROCYTE_PROLIFERATION	GOBP_CHONDROCYTE_PROLIFERATION		24	-0.36486593	-0.7265922	0.7813505	0.91808283	1.0	1006	tags=13%, list=6%, signal=13%	
CAFFAREL_RESPONSE_TO_THC_UP	CAFFAREL_RESPONSE_TO_THC_UP		27	-0.36710486	-0.72646314	0.80473375	0.9174629	1.0	1659	tags=33%, list=10%, signal=37%	
GOBP_REGULATION_OF_STRESS_ACTIVATED_PROTEIN_KINASE_SIGNALING_CASCADE	GOBP_REGULATION_OF_STRESS_ACTIVATED_PROTEIN_KINASE_SIGNALING_CASCADE		39	-0.36318657	-0.7264604	0.7771429	0.91659254	1.0	1411	tags=21%, list=9%, signal=22%	
GOBP_REGULATION_OF_CELL_DIVISION	GOBP_REGULATION_OF_CELL_DIVISION		163	-0.3520806	-0.7257365	0.73063976	0.9170772	1.0	880	tags=9%, list=5%, signal=10%	
GOBP_ACTIVIN_RECEPTOR_SIGNALING_PATHWAY	GOBP_ACTIVIN_RECEPTOR_SIGNALING_PATHWAY		40	-0.3434737	-0.7256415	0.80473375	0.9163836	1.0	1491	tags=18%, list=9%, signal=19%	
GOBP_SEMINIFEROUS_TUBULE_DEVELOPMENT	GOBP_SEMINIFEROUS_TUBULE_DEVELOPMENT		15	-0.38443407	-0.7250502	0.7787611	0.9166725	1.0	907	tags=13%, list=6%, signal=14%	
GOBP_DEVELOPMENTAL_PIGMENTATION	GOBP_DEVELOPMENTAL_PIGMENTATION		43	-0.34592336	-0.7242867	0.81619936	0.91724175	1.0	1288	tags=12%, list=8%, signal=13%	
GOBP_PROTEIN_HYDROXYLATION	GOBP_PROTEIN_HYDROXYLATION		15	-0.38034496	-0.7240314	0.80965906	0.916869	1.0	2004	tags=13%, list=12%, signal=15%	
GOBP_POSITIVE_REGULATION_OF_BMP_SIGNALING_PATHWAY	GOBP_POSITIVE_REGULATION_OF_BMP_SIGNALING_PATHWAY		34	-0.3536205	-0.7239903	0.80508476	0.91608906	1.0	1701	tags=24%, list=10%, signal=26%	
GOBP_DNA_CATABOLIC_PROCESS	GOBP_DNA_CATABOLIC_PROCESS		28	-0.37327754	-0.7233067	0.81686044	0.91651016	1.0	1782	tags=18%, list=11%, signal=20%	
GOBP_NUCLEOTIDE_TRANSMEMBRANE_TRANSPORT	GOBP_NUCLEOTIDE_TRANSMEMBRANE_TRANSPORT		22	-0.36697242	-0.7229417	0.7977208	0.9163452	1.0	961	tags=18%, list=6%, signal=19%	
GOBP_PHOSPHATIDYLINOSITOL_3_KINASE_PROTEIN_KINASE_B_SIGNAL_TRANSDUCTION	GOBP_PHOSPHATIDYLINOSITOL_3_KINASE_PROTEIN_KINASE_B_SIGNAL_TRANSDUCTION		310	-0.36932153	-0.72280806	0.6451613	0.9157232	1.0	1052	tags=13%, list=6%, signal=14%	
GEMMA_GSE61301_GENE_EXPRESSION_OF_7_DAY_COMBINATORIAL_YOHIMBINE_AND_IMIPRAMINE_TREATED_RAT_HIPPOCAMPI_TREATMENT_YOHIMBINE_IMIPRAMINE_DOWN	GEMMA_GSE61301_GENE_EXPRESSION_OF_7_DAY_COMBINATORIAL_YOHIMBINE_AND_IMIPRAMINE_TREATED_RAT_HIPPOCAMPI_TREATMENT_YOHIMBINE_IMIPRAMINE_DOWN		33	-0.35685778	-0.7222558	0.79310346	0.91593134	1.0	1200	tags=12%, list=7%, signal=13%	
GOBP_SMOOTHENED_SIGNALING_PATHWAY	GOBP_SMOOTHENED_SIGNALING_PATHWAY		145	-0.34067827	-0.7219034	0.7358491	0.91572887	1.0	673	tags=5%, list=4%, signal=5%	
GOBP_RESPONSE_TO_CAFFEINE	GOBP_RESPONSE_TO_CAFFEINE		16	-0.38418615	-0.72174484	0.7675676	0.91519314	1.0	676	tags=19%, list=4%, signal=20%	
KEGG_MEDICUS_REFERENCE_CD80_CD86_CTLA4_PP2A_SIGNALING_PATHWAY	KEGG_MEDICUS_REFERENCE_CD80_CD86_CTLA4_PP2A_SIGNALING_PATHWAY		22	-0.36731425	-0.7214894	0.82132566	0.91483086	1.0	2505	tags=36%, list=15%, signal=43%	
GOBP_AXIS_SPECIFICATION	GOBP_AXIS_SPECIFICATION		71	-0.3424691	-0.7197465	0.81789136	0.91728103	1.0	549	tags=4%, list=3%, signal=4%	
GOBP_OVARIAN_FOLLICLE_DEVELOPMENT	GOBP_OVARIAN_FOLLICLE_DEVELOPMENT		50	-0.33928326	-0.71970564	0.8198198	0.9165097	1.0	907	tags=10%, list=6%, signal=11%	
GOBP_PROTEIN_LOCALIZATION_TO_SITE_OF_DOUBLE_STRAND_BREAK	GOBP_PROTEIN_LOCALIZATION_TO_SITE_OF_DOUBLE_STRAND_BREAK		16	-0.3892933	-0.7192181	0.79831934	0.9165899	1.0	828	tags=13%, list=5%, signal=13%	
GOBP_CELLULAR_RESPONSE_TO_ACIDIC_PH	GOBP_CELLULAR_RESPONSE_TO_ACIDIC_PH		19	-0.37328702	-0.7189025	0.81891894	0.9163057	1.0	188	tags=5%, list=1%, signal=5%	
JOHNSON_2016_COEXPRESSION_HIPPOCAMPUS_HUMAN_M19	JOHNSON_2016_COEXPRESSION_HIPPOCAMPUS_HUMAN_M19		446	-0.38266468	-0.71880084	0.58995813	0.9156326	1.0	1569	tags=22%, list=10%, signal=23%	
DROPVIZ_STR_NEUROGENESIS_SOX4_CLUSTER-MARKERS.CSV	DROPVIZ_STR_NEUROGENESIS_SOX4_CLUSTER-MARKERS.CSV		97	-0.33459923	-0.71817654	0.80124223	0.9159261	1.0	812	tags=10%, list=5%, signal=11%	
GOBP_NEURAL_PRECURSOR_CELL_PROLIFERATION	GOBP_NEURAL_PRECURSOR_CELL_PROLIFERATION		149	-0.34963274	-0.7181676	0.7912458	0.91508365	1.0	580	tags=8%, list=4%, signal=8%	
GOBP_ESTABLISHMENT_OF_PROTEIN_LOCALIZATION_TO_PLASMA_MEMBRANE	GOBP_ESTABLISHMENT_OF_PROTEIN_LOCALIZATION_TO_PLASMA_MEMBRANE		65	-0.33275512	-0.71797717	0.815625	0.9145596	1.0	971	tags=22%, list=6%, signal=23%	
KEGG_MEDICUS_REFERENCE_PDGF_PDGFR_RAS_ERK_SIGNALING_PATHWAY	KEGG_MEDICUS_REFERENCE_PDGF_PDGFR_RAS_ERK_SIGNALING_PATHWAY		16	-0.38172838	-0.71701854	0.77534246	0.91543514	1.0	2460	tags=44%, list=15%, signal=51%	
GOBP_NEGATIVE_REGULATION_OF_DNA_REPLICATION	GOBP_NEGATIVE_REGULATION_OF_DNA_REPLICATION		25	-0.35652298	-0.7167359	0.8082596	0.9151009	1.0	469	tags=8%, list=3%, signal=8%	
GOBP_PTERIDINE_CONTAINING_COMPOUND_METABOLIC_PROCESS	GOBP_PTERIDINE_CONTAINING_COMPOUND_METABOLIC_PROCESS		32	-0.3608244	-0.7166429	0.8348624	0.91442055	1.0	2866	tags=28%, list=18%, signal=34%	
GOBP_POSITIVE_REGULATION_OF_ORGANIC_ACID_TRANSPORT	GOBP_POSITIVE_REGULATION_OF_ORGANIC_ACID_TRANSPORT		34	-0.3493044	-0.7166112	0.8257143	0.9136147	1.0	297	tags=6%, list=2%, signal=6%	
CHESLER_BRAIN_QTL_CIS	CHESLER_BRAIN_QTL_CIS		64	-0.32322046	-0.71489877	0.86915886	0.9159496	1.0	2608	tags=33%, list=16%, signal=39%	
GOBP_REGULATION_OF_MUSCLE_CELL_DIFFERENTIATION	GOBP_REGULATION_OF_MUSCLE_CELL_DIFFERENTIATION		128	-0.33424574	-0.7148618	0.8115942	0.91517955	1.0	1052	tags=12%, list=6%, signal=12%	
GOBP_FEEDING_BEHAVIOR	GOBP_FEEDING_BEHAVIOR		83	-0.32459116	-0.7139266	0.87188613	0.9160706	1.0	2326	tags=20%, list=14%, signal=24%	
KEGG_MEDICUS_REFERENCE_ORIGIN_UNWINDING_AND_ELONGATION	KEGG_MEDICUS_REFERENCE_ORIGIN_UNWINDING_AND_ELONGATION		29	-0.34997776	-0.712795	0.83378744	0.9173542	1.0	2029	tags=24%, list=12%, signal=28%	
KEGG_MEDICUS_REFERENCE_PP2A_AKT_SIGNALING_PATHWAY	KEGG_MEDICUS_REFERENCE_PP2A_AKT_SIGNALING_PATHWAY		19	-0.36236352	-0.7120868	0.82234955	0.9177799	1.0	2505	tags=37%, list=15%, signal=44%	
MANNO_MIDBRAIN_NEUROTYPES_HPROGFPM	MANNO_MIDBRAIN_NEUROTYPES_HPROGFPM		291	-0.36094525	-0.7117939	0.6872428	0.9174642	1.0	1197	tags=10%, list=7%, signal=10%	
GOBP_BLOOD_VESSEL_ENDOTHELIAL_CELL_PROLIFERATION_INVOLVED_IN_SPROUTING_ANGIOGENESIS	GOBP_BLOOD_VESSEL_ENDOTHELIAL_CELL_PROLIFERATION_INVOLVED_IN_SPROUTING_ANGIOGENESIS		24	-0.35190815	-0.7113673	0.84750736	0.9174148	1.0	1447	tags=29%, list=9%, signal=32%	
GOBP_POSITIVE_REGULATION_OF_LYASE_ACTIVITY	GOBP_POSITIVE_REGULATION_OF_LYASE_ACTIVITY		17	-0.36182174	-0.7105974	0.7894737	0.9179542	1.0	1158	tags=12%, list=7%, signal=13%	
GEMMA_GSE5429_HIPPOCAMPAL_GENE_EXPRESSION_PROFILING_ACROSS_8_INBRED_STRAINS:_TOWARDS_UNDERSTANDING_THE_MOLECULAR_BASIS_OF_BEHAVIOUR_STRAIN_FVB.NJ_DOWN	GEMMA_GSE5429_HIPPOCAMPAL_GENE_EXPRESSION_PROFILING_ACROSS_8_INBRED_STRAINS:_TOWARDS_UNDERSTANDING_THE_MOLECULAR_BASIS_OF_BEHAVIOUR_STRAIN_FVB.NJ_DOWN		403	-0.36854324	-0.71000516	0.65313655	0.9181729	1.0	940	tags=14%, list=6%, signal=15%	
GOBP_CARDIAC_MUSCLE_CELL_PROLIFERATION	GOBP_CARDIAC_MUSCLE_CELL_PROLIFERATION		44	-0.33340204	-0.70972115	0.84	0.9178605	1.0	263	tags=7%, list=2%, signal=7%	
GOBP_NUCLEOTIDE_TRANSPORT	GOBP_NUCLEOTIDE_TRANSPORT		40	-0.34302557	-0.7077638	0.82905984	0.9206552	1.0	1367	tags=18%, list=8%, signal=19%	
GOBP_EMBRYONIC_PATTERN_SPECIFICATION	GOBP_EMBRYONIC_PATTERN_SPECIFICATION		56	-0.34289214	-0.706147	0.8270893	0.92271084	1.0	549	tags=5%, list=3%, signal=6%	
GOBP_REGULATION_OF_MODIFICATION_OF_SYNAPTIC_STRUCTURE	GOBP_REGULATION_OF_MODIFICATION_OF_SYNAPTIC_STRUCTURE		17	-0.3718114	-0.7058164	0.82417583	0.9224746	1.0	1907	tags=24%, list=12%, signal=27%	
GOBP_COCHLEA_DEVELOPMENT	GOBP_COCHLEA_DEVELOPMENT		52	-0.34026805	-0.7053187	0.8486647	0.92248404	1.0	1683	tags=13%, list=10%, signal=15%	
GOBP_MITOTIC_DNA_REPLICATION	GOBP_MITOTIC_DNA_REPLICATION		17	-0.3726218	-0.703761	0.81534094	0.92439556	1.0	884	tags=12%, list=5%, signal=12%	
GOBP_PYRIMIDINE_NUCLEOTIDE_BIOSYNTHETIC_PROCESS	GOBP_PYRIMIDINE_NUCLEOTIDE_BIOSYNTHETIC_PROCESS		30	-0.3443969	-0.70363706	0.8538682	0.9237617	1.0	2824	tags=37%, list=17%, signal=44%	
GOBP_PROTEIN_TRANSPORT_TO_VACUOLE_INVOLVED_IN_UBIQUITIN_DEPENDENT_PROTEIN_CATABOLIC_PROCESS_VIA_THE_MULTIVESICULAR_BODY_SORTING_PATHWAY	GOBP_PROTEIN_TRANSPORT_TO_VACUOLE_INVOLVED_IN_UBIQUITIN_DEPENDENT_PROTEIN_CATABOLIC_PROCESS_VIA_THE_MULTIVESICULAR_BODY_SORTING_PATHWAY		16	-0.36969236	-0.70210177	0.8244681	0.9256599	1.0	1833	tags=25%, list=11%, signal=28%	
GOBP_RESPONSE_TO_GONADOTROPIN	GOBP_RESPONSE_TO_GONADOTROPIN		21	-0.36621225	-0.70152694	0.8333333	0.925838	1.0	1158	tags=14%, list=7%, signal=15%	
GOBP_NEGATIVE_REGULATION_OF_STRIATED_MUSCLE_CELL_APOPTOTIC_PROCESS	GOBP_NEGATIVE_REGULATION_OF_STRIATED_MUSCLE_CELL_APOPTOTIC_PROCESS		23	-0.36015853	-0.7011741	0.82102275	0.92562515	1.0	227	tags=9%, list=1%, signal=9%	
GOBP_DEVELOPMENT_OF_PRIMARY_FEMALE_SEXUAL_CHARACTERISTICS	GOBP_DEVELOPMENT_OF_PRIMARY_FEMALE_SEXUAL_CHARACTERISTICS		90	-0.33407268	-0.70072305	0.83630955	0.92552537	1.0	2136	tags=21%, list=13%, signal=24%	
GOBP_PHOTORECEPTOR_CELL_MAINTENANCE	GOBP_PHOTORECEPTOR_CELL_MAINTENANCE		41	-0.33490273	-0.7006227	0.8318043	0.9248651	1.0	601	tags=5%, list=4%, signal=5%	
GOBP_NEGATIVE_REGULATION_OF_DNA_RECOMBINATION	GOBP_NEGATIVE_REGULATION_OF_DNA_RECOMBINATION		44	-0.3366365	-0.70009977	0.8632219	0.9249782	1.0	1802	tags=16%, list=11%, signal=18%	
GOBP_POSITIVE_REGULATION_OF_BONE_MINERALIZATION	GOBP_POSITIVE_REGULATION_OF_BONE_MINERALIZATION		41	-0.34048423	-0.69884574	0.8367347	0.9263341	1.0	991	tags=7%, list=6%, signal=8%	
GOBP_REGULATION_OF_TRANSMISSION_OF_NERVE_IMPULSE	GOBP_REGULATION_OF_TRANSMISSION_OF_NERVE_IMPULSE		15	-0.36723626	-0.69826925	0.8016997	0.92654383	1.0	347	tags=7%, list=2%, signal=7%	
GOBP_MITOCHONDRIAL_GENE_EXPRESSION	GOBP_MITOCHONDRIAL_GENE_EXPRESSION		164	-0.32548442	-0.6980299	0.8650519	0.92613983	1.0	3240	tags=30%, list=20%, signal=37%	
GOBP_CELLULAR_RESPONSE_TO_RADIATION	GOBP_CELLULAR_RESPONSE_TO_RADIATION		160	-0.34197736	-0.69775563	0.76744187	0.925781	1.0	1287	tags=13%, list=8%, signal=13%	
GOBP_REGULATION_OF_SMOOTH_MUSCLE_CELL_DIFFERENTIATION	GOBP_REGULATION_OF_SMOOTH_MUSCLE_CELL_DIFFERENTIATION		34	-0.35216367	-0.69765323	0.86018234	0.92510796	1.0	1052	tags=15%, list=6%, signal=16%	
MANNO_MIDBRAIN_NEUROTYPES_HPROGM	MANNO_MIDBRAIN_NEUROTYPES_HPROGM		262	-0.35539123	-0.6974639	0.73703706	0.9245981	1.0	1157	tags=11%, list=7%, signal=11%	
GOBP_PROTEIN_N_LINKED_GLYCOSYLATION	GOBP_PROTEIN_N_LINKED_GLYCOSYLATION		83	-0.31881005	-0.69689864	0.86970687	0.92473537	1.0	2178	tags=25%, list=13%, signal=29%	
GOBP_NEGATIVE_REGULATION_OF_RAS_PROTEIN_SIGNAL_TRANSDUCTION	GOBP_NEGATIVE_REGULATION_OF_RAS_PROTEIN_SIGNAL_TRANSDUCTION		23	-0.34226707	-0.69431907	0.86944443	0.9282494	1.0	1815	tags=26%, list=11%, signal=29%	
GOBP_CERAMIDE_METABOLIC_PROCESS	GOBP_CERAMIDE_METABOLIC_PROCESS		94	-0.32435605	-0.69330066	0.86259544	0.929166	1.0	233	tags=3%, list=1%, signal=3%	
GOBP_ENDOTHELIAL_CELL_APOPTOTIC_PROCESS	GOBP_ENDOTHELIAL_CELL_APOPTOTIC_PROCESS		54	-0.32574922	-0.6919094	0.8532934	0.9307054	1.0	1470	tags=20%, list=9%, signal=22%	
GEMMA_GSE20388_EXPRESSION_PROFILING_OF_A_GENETIC_ANIMAL_MODEL_OF_DEPRESSION_STRAINORLINE_DIISOPROPYL.FLUOROPHOSPHATE_FLINDERS.SENSITIVE.RAT_SPRAGUE.DAWLEY_SENSITIVE.TOWARD_UP	GEMMA_GSE20388_EXPRESSION_PROFILING_OF_A_GENETIC_ANIMAL_MODEL_OF_DEPRESSION_STRAINORLINE_DIISOPROPYL.FLUOROPHOSPHATE_FLINDERS.SENSITIVE.RAT_SPRAGUE.DAWLEY_SENSITIVE.TOWARD_UP		119	-0.32613802	-0.69138926	0.87774295	0.93076015	1.0	1553	tags=23%, list=10%, signal=25%	
GOBP_AUTOPHAGY_OF_PEROXISOME	GOBP_AUTOPHAGY_OF_PEROXISOME		15	-0.36960724	-0.69047344	0.8298429	0.93147326	1.0	2117	tags=27%, list=13%, signal=31%	
KEGG_TASTE_TRANSDUCTION	KEGG_TASTE_TRANSDUCTION		24	-0.34287915	-0.6903863	0.8405797	0.9307848	1.0	3000	tags=29%, list=18%, signal=36%	
LE_NEURONAL_DIFFERENTIATION_DN	LE_NEURONAL_DIFFERENTIATION_DN		16	-0.35765672	-0.68894225	0.8111702	0.9323516	1.0	2652	tags=25%, list=16%, signal=30%	
KEGG_SELENOAMINO_ACID_METABOLISM	KEGG_SELENOAMINO_ACID_METABOLISM		24	-0.3447391	-0.6881645	0.84195405	0.93284935	1.0	1606	tags=17%, list=10%, signal=18%	
GOBP_PHOSPHATIDYLSERINE_METABOLIC_PROCESS	GOBP_PHOSPHATIDYLSERINE_METABOLIC_PROCESS		18	-0.36963436	-0.6877493	0.8515625	0.93266433	1.0	2066	tags=28%, list=13%, signal=32%	
GOBP_REGULATION_OF_DNA_TEMPLATED_DNA_REPLICATION	GOBP_REGULATION_OF_DNA_TEMPLATED_DNA_REPLICATION		47	-0.32650825	-0.6868986	0.8538682	0.93320477	1.0	469	tags=6%, list=3%, signal=7%	
GOBP_HEART_MORPHOGENESIS	GOBP_HEART_MORPHOGENESIS		236	-0.33312607	-0.68656385	0.792517	0.9329539	1.0	1562	tags=18%, list=10%, signal=19%	
KEGG_MEDICUS_REFERENCE_GF_RTK_RAS_ERK_SIGNALING_PATHWAY	KEGG_MEDICUS_REFERENCE_GF_RTK_RAS_ERK_SIGNALING_PATHWAY		77	-0.33037117	-0.6861974	0.8503185	0.9327438	1.0	1838	tags=21%, list=11%, signal=23%	
GOBP_POSITIVE_REGULATION_OF_MUSCLE_CONTRACTION	GOBP_POSITIVE_REGULATION_OF_MUSCLE_CONTRACTION		47	-0.32287905	-0.67964846	0.8985075	0.9426368	1.0	1294	tags=11%, list=8%, signal=12%	
MANNO_MIDBRAIN_NEUROTYPES_HOPC	MANNO_MIDBRAIN_NEUROTYPES_HOPC		315	-0.35269046	-0.6795409	0.6628788	0.94195664	1.0	1370	tags=19%, list=8%, signal=20%	
GOBP_TELOMERE_ORGANIZATION	GOBP_TELOMERE_ORGANIZATION		160	-0.3116534	-0.6787569	0.9047619	0.9423465	1.0	661	tags=8%, list=4%, signal=8%	
GOBP_URETER_DEVELOPMENT	GOBP_URETER_DEVELOPMENT		16	-0.35749474	-0.6785775	0.83152175	0.9418323	1.0	991	tags=13%, list=6%, signal=13%	
GOBP_POSITIVE_REGULATION_OF_ACTIVATED_T_CELL_PROLIFERATION	GOBP_POSITIVE_REGULATION_OF_ACTIVATED_T_CELL_PROLIFERATION		21	-0.34770384	-0.67826533	0.8333333	0.9414718	1.0	141	tags=5%, list=1%, signal=5%	
GOBP_VACUOLE_ORGANIZATION	GOBP_VACUOLE_ORGANIZATION		239	-0.33611608	-0.677635	0.7889273	0.94169986	1.0	1720	tags=20%, list=11%, signal=22%	
MUELLER_METHYLATED_IN_GLIOBLASTOMA	MUELLER_METHYLATED_IN_GLIOBLASTOMA		25	-0.3458189	-0.6767635	0.8865672	0.94228333	1.0	2410	tags=32%, list=15%, signal=38%	
GOBP_SURFACTANT_HOMEOSTASIS	GOBP_SURFACTANT_HOMEOSTASIS		17	-0.36010823	-0.676418	0.8575269	0.94199455	1.0	2362	tags=35%, list=15%, signal=41%	
GOBP_POSITIVE_REGULATION_OF_EPITHELIAL_CELL_PROLIFERATION	GOBP_POSITIVE_REGULATION_OF_EPITHELIAL_CELL_PROLIFERATION		164	-0.32615542	-0.67484677	0.83038867	0.94368654	1.0	1447	tags=16%, list=9%, signal=18%	
GEMMA_GSE31063_EXTINCTION_LEARNING_TIMEPOINT_FIRST.EXTINCTION.TRIAL_UP	GEMMA_GSE31063_EXTINCTION_LEARNING_TIMEPOINT_FIRST.EXTINCTION.TRIAL_UP		24	-0.32155952	-0.671753	0.89337176	0.94766676	1.0	1748	tags=17%, list=11%, signal=19%	
DROPVIZ_HC_INTERNEURON_GAD2_CLUSTER-MARKERS.CSV	DROPVIZ_HC_INTERNEURON_GAD2_CLUSTER-MARKERS.CSV		46	-0.3264062	-0.6716877	0.88709676	0.94692844	1.0	1183	tags=9%, list=7%, signal=9%	
GOBP_NEGATIVE_REGULATION_OF_ACTIVIN_RECEPTOR_SIGNALING_PATHWAY	GOBP_NEGATIVE_REGULATION_OF_ACTIVIN_RECEPTOR_SIGNALING_PATHWAY		16	-0.34713066	-0.67119646	0.8324468	0.94684637	1.0	641	tags=13%, list=4%, signal=13%	
GOBP_PYRIMIDINE_NUCLEOTIDE_METABOLIC_PROCESS	GOBP_PYRIMIDINE_NUCLEOTIDE_METABOLIC_PROCESS		50	-0.3177368	-0.6696896	0.89159894	0.9483422	1.0	3459	tags=34%, list=21%, signal=43%	
GEMMA_GSE73798_MOLECULAR_PROFILE_OF_KETAMINE_IN_COMPARISON_TO_MEMANTINE_AND_PHENCYCLIDYNE_AND_OTHER_PSYCHOTROPIC_DRUGS_[MOUSE_HIPPOCAMPUS]_TREATMENT_20.MG.KG_KETAMINE_UP	GEMMA_GSE73798_MOLECULAR_PROFILE_OF_KETAMINE_IN_COMPARISON_TO_MEMANTINE_AND_PHENCYCLIDYNE_AND_OTHER_PSYCHOTROPIC_DRUGS_[MOUSE_HIPPOCAMPUS]_TREATMENT_20.MG.KG_KETAMINE_UP		22	-0.33247423	-0.66785616	0.8587571	0.95026624	1.0	1010	tags=14%, list=6%, signal=15%	
GOBP_GLYCOPROTEIN_BIOSYNTHETIC_PROCESS	GOBP_GLYCOPROTEIN_BIOSYNTHETIC_PROCESS		281	-0.34521407	-0.6678214	0.807971	0.94947875	1.0	2302	tags=22%, list=14%, signal=25%	
HAY_BONE_MARROW_PLASMA_CELL	HAY_BONE_MARROW_PLASMA_CELL		79	-0.32462558	-0.66773045	0.90178573	0.94876164	1.0	1675	tags=19%, list=10%, signal=21%	
GOBP_DNA_BIOSYNTHETIC_PROCESS	GOBP_DNA_BIOSYNTHETIC_PROCESS		151	-0.32430968	-0.6661287	0.8791946	0.95035255	1.0	2520	tags=25%, list=15%, signal=29%	
GOBP_LUNG_EPITHELIUM_DEVELOPMENT	GOBP_LUNG_EPITHELIUM_DEVELOPMENT		40	-0.32168224	-0.66297555	0.876161	0.9541906	1.0	1562	tags=20%, list=10%, signal=22%	
GEMMA_GSE10415_7_BRAIN_REGIONS_IN_20_INBRED_STRAINS_OF_LABORATORY_MICE_STRAINORLINE_C57BL.6J_DOWN	GEMMA_GSE10415_7_BRAIN_REGIONS_IN_20_INBRED_STRAINS_OF_LABORATORY_MICE_STRAINORLINE_C57BL.6J_DOWN		359	-0.34186137	-0.66285837	0.77238804	0.9535045	1.0	1124	tags=8%, list=7%, signal=8%	
KEGG_MEDICUS_ENV_FACTOR_NNK_NNN_TO_RAS_ERK_SIGNALING_PATHWAY	KEGG_MEDICUS_ENV_FACTOR_NNK_NNN_TO_RAS_ERK_SIGNALING_PATHWAY		17	-0.3465859	-0.66212296	0.8705234	0.9537634	1.0	1838	tags=29%, list=11%, signal=33%	
KEGG_GLYCOSPHINGOLIPID_BIOSYNTHESIS_LACTO_AND_NEOLACTO_SERIES	KEGG_GLYCOSPHINGOLIPID_BIOSYNTHESIS_LACTO_AND_NEOLACTO_SERIES		21	-0.34644467	-0.6618603	0.8736842	0.9533283	1.0	1721	tags=14%, list=11%, signal=16%	
GOBP_TAIL_ANCHORED_MEMBRANE_PROTEIN_INSERTION_INTO_ER_MEMBRANE	GOBP_TAIL_ANCHORED_MEMBRANE_PROTEIN_INSERTION_INTO_ER_MEMBRANE		17	-0.34969705	-0.659454	0.8699187	0.95603895	1.0	2914	tags=41%, list=18%, signal=50%	
GOBP_GTP_METABOLIC_PROCESS	GOBP_GTP_METABOLIC_PROCESS		21	-0.33781248	-0.6585849	0.8722826	0.9564703	1.0	1276	tags=19%, list=8%, signal=21%	
GOBP_EATING_BEHAVIOR	GOBP_EATING_BEHAVIOR		33	-0.3212102	-0.6561197	0.9124294	0.95921206	1.0	1711	tags=15%, list=11%, signal=17%	
GOBP_RESPONSE_TO_UV_B	GOBP_RESPONSE_TO_UV_B		19	-0.3411486	-0.6560746	0.85831064	0.9584293	1.0	1169	tags=16%, list=7%, signal=17%	
GOBP_SEROTONIN_METABOLIC_PROCESS	GOBP_SEROTONIN_METABOLIC_PROCESS		16	-0.3419762	-0.6535338	0.8710526	0.96115243	1.0	864	tags=13%, list=5%, signal=13%	
JOHNSON_2016_COEXPRESSION_HIPPOCAMPUS_HUMAN_M4	JOHNSON_2016_COEXPRESSION_HIPPOCAMPUS_HUMAN_M4		29	-0.3205326	-0.6525397	0.88095236	0.9616453	1.0	247	tags=7%, list=2%, signal=7%	
GOBP_BICELLULAR_TIGHT_JUNCTION_ASSEMBLY	GOBP_BICELLULAR_TIGHT_JUNCTION_ASSEMBLY		44	-0.31715068	-0.65229493	0.93715847	0.9611533	1.0	1089	tags=18%, list=7%, signal=19%	
ZHONG_PFC_C3_UNKNOWN_INP	ZHONG_PFC_C3_UNKNOWN_INP		37	-0.329607	-0.6508808	0.88829786	0.9622764	1.0	1037	tags=5%, list=6%, signal=6%	
GANDAL_2018_MAJORDEPRESSIVEDISORDER_UPREGULATED_CORTEX	GANDAL_2018_MAJORDEPRESSIVEDISORDER_UPREGULATED_CORTEX		48	-0.30948287	-0.6501359	0.909621	0.96245736	1.0	951	tags=6%, list=6%, signal=7%	
KEGG_MEDICUS_VARIANT_AMPLIFIED_MYC_TO_P27_CELL_CYCLE_G1_S	KEGG_MEDICUS_VARIANT_AMPLIFIED_MYC_TO_P27_CELL_CYCLE_G1_S		15	-0.3480626	-0.6478933	0.8787879	0.9646366	1.0	287	tags=7%, list=2%, signal=7%	
KEGG_MEDICUS_REFERENCE_GPI_ANCHOR_BIOSYNTHESIS	KEGG_MEDICUS_REFERENCE_GPI_ANCHOR_BIOSYNTHESIS		24	-0.329553	-0.6465232	0.8838527	0.9656717	1.0	4246	tags=29%, list=26%, signal=39%	
GOBP_AUTOPHAGOSOME_ORGANIZATION	GOBP_AUTOPHAGOSOME_ORGANIZATION		122	-0.31639597	-0.6456855	0.9131833	0.9659188	1.0	1720	tags=21%, list=11%, signal=24%	
KEGG_MEDICUS_REFERENCE_P300_P21_CELL_CYCLE_G1_S	KEGG_MEDICUS_REFERENCE_P300_P21_CELL_CYCLE_G1_S		15	-0.34341112	-0.63990796	0.8710526	0.97250634	1.0	521	tags=13%, list=3%, signal=14%	
KEGG_MEDICUS_REFERENCE_E2_ER_RAS_ERK_SIGNALING_PATHWAY	KEGG_MEDICUS_REFERENCE_E2_ER_RAS_ERK_SIGNALING_PATHWAY		20	-0.32602757	-0.6385846	0.8959538	0.97331977	1.0	2276	tags=30%, list=14%, signal=35%	
KEGG_MEDICUS_REFERENCE_SKELETAL_TYPE_VGCC_RYR_SIGNALING	KEGG_MEDICUS_REFERENCE_SKELETAL_TYPE_VGCC_RYR_SIGNALING		20	-0.32878247	-0.6371244	0.9027027	0.9743051	1.0	510	tags=5%, list=3%, signal=5%	
GOBP_INTRA_GOLGI_VESICLE_MEDIATED_TRANSPORT	GOBP_INTRA_GOLGI_VESICLE_MEDIATED_TRANSPORT		31	-0.32022008	-0.6364224	0.90288717	0.9743171	1.0	1677	tags=23%, list=10%, signal=25%	
GOBP_IN_UTERO_EMBRYONIC_DEVELOPMENT	GOBP_IN_UTERO_EMBRYONIC_DEVELOPMENT		383	-0.3199974	-0.6362114	0.8637993	0.9737213	1.0	1262	tags=12%, list=8%, signal=13%	
GOBP_RETINA_HOMEOSTASIS	GOBP_RETINA_HOMEOSTASIS		53	-0.30203977	-0.6345002	0.9484536	0.97489136	1.0	601	tags=4%, list=4%, signal=4%	
GOBP_GPI_ANCHOR_METABOLIC_PROCESS	GOBP_GPI_ANCHOR_METABOLIC_PROCESS		30	-0.31915402	-0.63258487	0.922252	0.9763475	1.0	4246	tags=30%, list=26%, signal=41%	
GOBP_TRANSLATIONAL_TERMINATION	GOBP_TRANSLATIONAL_TERMINATION		17	-0.33698094	-0.62939334	0.89514065	0.97923225	1.0	269	tags=6%, list=2%, signal=6%	
KEGG_GLYCOSYLPHOSPHATIDYLINOSITOL_GPI_ANCHOR_BIOSYNTHESIS	KEGG_GLYCOSYLPHOSPHATIDYLINOSITOL_GPI_ANCHOR_BIOSYNTHESIS		24	-0.31188148	-0.6288709	0.9114286	0.9790102	1.0	4246	tags=29%, list=26%, signal=39%	
GOBP_ALPHA_AMINO_ACID_METABOLIC_PROCESS	GOBP_ALPHA_AMINO_ACID_METABOLIC_PROCESS		176	-0.30183002	-0.62884027	0.93609023	0.97819746	1.0	1235	tags=10%, list=8%, signal=11%	
GOBP_PYRIMIDINE_CONTAINING_COMPOUND_BIOSYNTHETIC_PROCESS	GOBP_PYRIMIDINE_CONTAINING_COMPOUND_BIOSYNTHETIC_PROCESS		40	-0.31495613	-0.62833613	0.91964287	0.9779253	1.0	2824	tags=33%, list=17%, signal=39%	
GOBP_CALCIUM_DEPENDENT_CELL_CELL_ADHESION	GOBP_CALCIUM_DEPENDENT_CELL_CELL_ADHESION		41	-0.30950424	-0.62731236	0.9354839	0.9782417	1.0	1934	tags=20%, list=12%, signal=22%	
GOBP_CELLULAR_RESPONSE_TO_XENOBIOTIC_STIMULUS	GOBP_CELLULAR_RESPONSE_TO_XENOBIOTIC_STIMULUS		126	-0.29186022	-0.6270805	0.9440559	0.9776456	1.0	1781	tags=15%, list=11%, signal=17%	
GOBP_AMINO_ACID_BETAINE_METABOLIC_PROCESS	GOBP_AMINO_ACID_BETAINE_METABOLIC_PROCESS		18	-0.33282384	-0.62693447	0.91689754	0.9769784	1.0	864	tags=11%, list=5%, signal=12%	
KEGG_MEDICUS_REFERENCE_ACH_CHRN_RAS_ERK_SIGNALING_PATHWAY	KEGG_MEDICUS_REFERENCE_ACH_CHRN_RAS_ERK_SIGNALING_PATHWAY		18	-0.33282498	-0.6266669	0.91460055	0.97641766	1.0	2276	tags=33%, list=14%, signal=39%	
GOBP_TELOMERE_MAINTENANCE_VIA_RECOMBINATION	GOBP_TELOMERE_MAINTENANCE_VIA_RECOMBINATION		15	-0.34092587	-0.6259559	0.9055118	0.97640026	1.0	4228	tags=47%, list=26%, signal=63%	
GOBP_GLYCOPROTEIN_METABOLIC_PROCESS	GOBP_GLYCOPROTEIN_METABOLIC_PROCESS		343	-0.33446202	-0.62591046	0.7712177	0.97560954	1.0	2178	tags=22%, list=13%, signal=25%	
GOBP_FATTY_ACID_DERIVATIVE_CATABOLIC_PROCESS	GOBP_FATTY_ACID_DERIVATIVE_CATABOLIC_PROCESS		16	-0.32274595	-0.6253286	0.88235295	0.9753838	1.0	2953	tags=25%, list=18%, signal=31%	
PARK_2011_COEXPRESSION_HIPPOCAMPUS_MOUSE_DARKMAGENTA	PARK_2011_COEXPRESSION_HIPPOCAMPUS_MOUSE_DARKMAGENTA		27	-0.31775874	-0.6217318	0.9157609	0.9785339	1.0	2588	tags=22%, list=16%, signal=26%	
GOBP_CRANIOFACIAL_SUTURE_MORPHOGENESIS	GOBP_CRANIOFACIAL_SUTURE_MORPHOGENESIS		15	-0.33372054	-0.6203929	0.8867403	0.9791579	1.0	1052	tags=20%, list=6%, signal=21%	
GOBP_MATURATION_OF_5_8S_RRNA	GOBP_MATURATION_OF_5_8S_RRNA		41	-0.30597708	-0.6198111	0.91384614	0.97894573	1.0	655	tags=5%, list=4%, signal=5%	
GOBP_POST_TRANSCRIPTIONAL_REGULATION_OF_GENE_EXPRESSION	GOBP_POST_TRANSCRIPTIONAL_REGULATION_OF_GENE_EXPRESSION		498	-0.3551298	-0.61734015	0.70037454	0.98069394	1.0	1152	tags=11%, list=7%, signal=11%	
GOBP_VESICLE_TARGETING_ROUGH_ER_TO_CIS_GOLGI	GOBP_VESICLE_TARGETING_ROUGH_ER_TO_CIS_GOLGI		23	-0.30470815	-0.61607885	0.91152817	0.9811142	1.0	3083	tags=39%, list=19%, signal=48%	
GOBP_NEGATIVE_REGULATION_OF_DNA_METABOLIC_PROCESS	GOBP_NEGATIVE_REGULATION_OF_DNA_METABOLIC_PROCESS		123	-0.29465312	-0.61484855	0.9866667	0.98151886	1.0	648	tags=6%, list=4%, signal=6%	
GOBP_PROTON_TRANSPORTING_TWO_SECTOR_ATPASE_COMPLEX_ASSEMBLY	GOBP_PROTON_TRANSPORTING_TWO_SECTOR_ATPASE_COMPLEX_ASSEMBLY		15	-0.32204866	-0.6117764	0.90909094	0.9837531	1.0	3729	tags=33%, list=23%, signal=43%	
GOBP_TRANSCRIPTION_INITIATION_AT_RNA_POLYMERASE_III_PROMOTER	GOBP_TRANSCRIPTION_INITIATION_AT_RNA_POLYMERASE_III_PROMOTER		25	-0.30252707	-0.6084284	0.9276139	0.9861004	1.0	324	tags=4%, list=2%, signal=4%	
GOBP_L_AMINO_ACID_METABOLIC_PROCESS	GOBP_L_AMINO_ACID_METABOLIC_PROCESS		149	-0.2892672	-0.6082869	0.97333336	0.9853774	1.0	1196	tags=9%, list=7%, signal=10%	
GOBP_DETECTION_OF_LIGHT_STIMULUS_INVOLVED_IN_SENSORY_PERCEPTION	GOBP_DETECTION_OF_LIGHT_STIMULUS_INVOLVED_IN_SENSORY_PERCEPTION		16	-0.32255232	-0.60773534	0.91784704	0.9850516	1.0	737	tags=6%, list=5%, signal=7%	
KEGG_MEDICUS_REFERENCE_WNT5A_ROR_SIGNALING_PATHWAY	KEGG_MEDICUS_REFERENCE_WNT5A_ROR_SIGNALING_PATHWAY		16	-0.31484288	-0.6062131	0.92432433	0.985646	1.0	5082	tags=44%, list=31%, signal=64%	
GANDAL_2018_ALCOHOLABUSEDISORDER_DOWNREGULATED_CORTEX	GANDAL_2018_ALCOHOLABUSEDISORDER_DOWNREGULATED_CORTEX		218	-0.30469647	-0.60615623	0.925	0.9848608	1.0	2323	tags=24%, list=14%, signal=28%	
GEMMA_GSE47847_EARLY_LIFE_STRESS_IN_FATHERS_IMPAIRS_SYNAPTIC_PLASTICITY_IN_THE_OFFSPRING_-__BRAIN_COLLECTED_AFTER_ACUTE_SWIM_STRESS_ENVIRONMENTAL_HISTORY_OFFSPRING.OF.FATHERS.EXPOSED.TO.MATERNAL.UNPREDICTABLE.SEPARATION.STRESS_DOWN	GEMMA_GSE47847_EARLY_LIFE_STRESS_IN_FATHERS_IMPAIRS_SYNAPTIC_PLASTICITY_IN_THE_OFFSPRING_-__BRAIN_COLLECTED_AFTER_ACUTE_SWIM_STRESS_ENVIRONMENTAL_HISTORY_OFFSPRING.OF.FATHERS.EXPOSED.TO.MATERNAL.UNPREDICTABLE.SEPARATION.STRESS_DOWN		44	-0.28406546	-0.6029034	0.96238244	0.9868752	1.0	2591	tags=25%, list=16%, signal=30%	
KEGG_REGULATION_OF_AUTOPHAGY	KEGG_REGULATION_OF_AUTOPHAGY		19	-0.31160355	-0.6019298	0.92287236	0.9868568	1.0	2117	tags=26%, list=13%, signal=30%	
KEGG_MEDICUS_REFERENCE_P4_PR_RAS_ERK_SIGNALING_PATHWAY	KEGG_MEDICUS_REFERENCE_P4_PR_RAS_ERK_SIGNALING_PATHWAY		15	-0.31243968	-0.5997954	0.8977556	0.9878469	1.0	2744	tags=47%, list=17%, signal=56%	
KEGG_MEDICUS_REFERENCE_DNA_REPLICATION_LICENSING	KEGG_MEDICUS_REFERENCE_DNA_REPLICATION_LICENSING		24	-0.3034371	-0.59686726	0.9116022	0.9894587	1.0	2931	tags=21%, list=18%, signal=25%	
GOBP_TRNA_THREONYLCARBAMOYLADENOSINE_METABOLIC_PROCESS	GOBP_TRNA_THREONYLCARBAMOYLADENOSINE_METABOLIC_PROCESS		18	-0.31832796	-0.5959968	0.9241573	0.9893227	1.0	4767	tags=44%, list=29%, signal=63%	
HALLMARK_SPERMATOGENESIS	HALLMARK_SPERMATOGENESIS		97	-0.27087343	-0.5936516	0.9807074	0.99034727	1.0	2708	tags=21%, list=17%, signal=25%	
GOBP_POSITIVE_REGULATION_OF_MITOTIC_NUCLEAR_DIVISION	GOBP_POSITIVE_REGULATION_OF_MITOTIC_NUCLEAR_DIVISION		40	-0.28672695	-0.591442	0.95726496	0.991144	1.0	3150	tags=33%, list=19%, signal=40%	
GOBP_CENTROSOME_DUPLICATION	GOBP_CENTROSOME_DUPLICATION		80	-0.26775098	-0.58532554	0.9807074	0.9946912	1.0	2085	tags=15%, list=13%, signal=17%	
KEGG_MEDICUS_REFERENCE_PRE_IC_FORMATION	KEGG_MEDICUS_REFERENCE_PRE_IC_FORMATION		26	-0.28368095	-0.5839521	0.9697885	0.99483794	1.0	2679	tags=19%, list=16%, signal=23%	
GEMMA_GSE88736_TRANSCRIPTOMICS_OF_ENVIRONMENTAL_ENRICHMENT_AND_COCAINE_USING_QUANTITATIVE_NEXT_GENERATION_SEQUENCING_TREATMENT_COCAINE_UP	GEMMA_GSE88736_TRANSCRIPTOMICS_OF_ENVIRONMENTAL_ENRICHMENT_AND_COCAINE_USING_QUANTITATIVE_NEXT_GENERATION_SEQUENCING_TREATMENT_COCAINE_UP		46	-0.27821586	-0.5804145	0.9627329	0.9963933	1.0	2439	tags=17%, list=15%, signal=20%	
GOBP_MATURATION_OF_5_8S_RRNA_FROM_TRICISTRONIC_RRNA_TRANSCRIPT_SSU_RRNA_5_8S_RRNA_LSU_RRNA	GOBP_MATURATION_OF_5_8S_RRNA_FROM_TRICISTRONIC_RRNA_TRANSCRIPT_SSU_RRNA_5_8S_RRNA_LSU_RRNA		31	-0.28918323	-0.57692766	0.9512894	0.9977812	1.0	267	tags=3%, list=2%, signal=3%	
GOBP_INNER_DYNEIN_ARM_ASSEMBLY	GOBP_INNER_DYNEIN_ARM_ASSEMBLY		16	-0.31006464	-0.5766544	0.9368421	0.9971177	1.0	11225	tags=100%, list=69%, signal=323%	
KEGG_MEDICUS_REFERENCE_WNT_SIGNALING_MODULATION_LGR_RSPO	KEGG_MEDICUS_REFERENCE_WNT_SIGNALING_MODULATION_LGR_RSPO		18	-0.30090117	-0.5752677	0.94736844	0.99711126	1.0	3079	tags=22%, list=19%, signal=27%	
GOBP_RNA_METHYLATION	GOBP_RNA_METHYLATION		84	-0.2684942	-0.56871355	0.98417723	1.0	1.0	3734	tags=23%, list=23%, signal=29%	
GOBP_FATTY_ACID_CATABOLIC_PROCESS	GOBP_FATTY_ACID_CATABOLIC_PROCESS		92	-0.263944	-0.5652134	0.99041533	1.0	1.0	1827	tags=10%, list=11%, signal=11%	
GOBP_VERY_LONG_CHAIN_FATTY_ACID_METABOLIC_PROCESS	GOBP_VERY_LONG_CHAIN_FATTY_ACID_METABOLIC_PROCESS		32	-0.27199605	-0.5602736	0.97727275	1.0	1.0	876	tags=9%, list=5%, signal=10%	
GOBP_PROTEIN_O_LINKED_GLYCOSYLATION_VIA_N_ACETYL_GALACTOSAMINE	GOBP_PROTEIN_O_LINKED_GLYCOSYLATION_VIA_N_ACETYL_GALACTOSAMINE		33	-0.26461992	-0.55351645	0.97633135	1.0	1.0	2414	tags=18%, list=15%, signal=21%	
GOBP_MEMBRANE_LIPID_BIOSYNTHETIC_PROCESS	GOBP_MEMBRANE_LIPID_BIOSYNTHETIC_PROCESS		140	-0.25640082	-0.550146	0.9931507	1.0	1.0	1081	tags=6%, list=7%, signal=7%	
KEGG_GLYCOSAMINOGLYCAN_BIOSYNTHESIS_CHONDROITIN_SULFATE	KEGG_GLYCOSAMINOGLYCAN_BIOSYNTHESIS_CHONDROITIN_SULFATE		21	-0.2859208	-0.54981434	0.975	1.0	1.0	3802	tags=43%, list=23%, signal=56%	
KEGG_HOMOLOGOUS_RECOMBINATION	KEGG_HOMOLOGOUS_RECOMBINATION		27	-0.2816479	-0.5497812	0.96460176	1.0	1.0	4228	tags=30%, list=26%, signal=40%	
KEGG_MEDICUS_REFERENCE_HOMOLOGOUS_RECOMBINATION	KEGG_MEDICUS_REFERENCE_HOMOLOGOUS_RECOMBINATION		31	-0.27101004	-0.54886574	0.97971016	1.0	1.0	4850	tags=42%, list=30%, signal=60%	
GOBP_LYMPHOID_PROGENITOR_CELL_DIFFERENTIATION	GOBP_LYMPHOID_PROGENITOR_CELL_DIFFERENTIATION		23	-0.28031236	-0.54214466	0.96866095	1.0	1.0	2238	tags=22%, list=14%, signal=25%	
GOBP_QUINONE_METABOLIC_PROCESS	GOBP_QUINONE_METABOLIC_PROCESS		22	-0.2749004	-0.53476024	0.97527474	1.0	1.0	4342	tags=27%, list=27%, signal=37%	
KEGG_MEDICUS_VARIANT_MUTATION_CAUSED_ABERRANT_SOD1_TO_RETROGRADE_AXONAL_TRANSPORT	KEGG_MEDICUS_VARIANT_MUTATION_CAUSED_ABERRANT_SOD1_TO_RETROGRADE_AXONAL_TRANSPORT		25	-0.269275	-0.53437084	0.96910113	1.0	1.0	2823	tags=20%, list=17%, signal=24%	
GOBP_STORE_OPERATED_CALCIUM_ENTRY	GOBP_STORE_OPERATED_CALCIUM_ENTRY		22	-0.27529448	-0.53362066	0.9853801	1.0	1.0	905	tags=9%, list=6%, signal=10%	
GOBP_POSITIVE_REGULATION_OF_MITOTIC_SISTER_CHROMATID_SEPARATION	GOBP_POSITIVE_REGULATION_OF_MITOTIC_SISTER_CHROMATID_SEPARATION		21	-0.27721548	-0.52710867	0.984	1.0	1.0	334	tags=5%, list=2%, signal=5%	
GOBP_PYRIMIDINE_NUCLEOTIDE_CATABOLIC_PROCESS	GOBP_PYRIMIDINE_NUCLEOTIDE_CATABOLIC_PROCESS		21	-0.26662973	-0.52633697	0.9550562	1.0	1.0	4192	tags=29%, list=26%, signal=38%	
KEGG_MEDICUS_REFERENCE_GLOBAL_GENOME_NER	KEGG_MEDICUS_REFERENCE_GLOBAL_GENOME_NER		18	-0.27122506	-0.52582973	0.95821726	1.0	1.0	2682	tags=28%, list=16%, signal=33%	
GOBP_DIOL_BIOSYNTHETIC_PROCESS	GOBP_DIOL_BIOSYNTHETIC_PROCESS		20	-0.27388993	-0.5200451	0.9742857	1.0	1.0	402	tags=5%, list=2%, signal=5%	
KEGG_GLYCOSAMINOGLYCAN_BIOSYNTHESIS_HEPARAN_SULFATE	KEGG_GLYCOSAMINOGLYCAN_BIOSYNTHESIS_HEPARAN_SULFATE		25	-0.2556393	-0.5015883	0.9851632	1.0	1.0	2210	tags=20%, list=14%, signal=23%	
GOBP_MITOCHONDRIAL_RIBOSOME_ASSEMBLY	GOBP_MITOCHONDRIAL_RIBOSOME_ASSEMBLY		26	-0.25025266	-0.49990833	0.9915014	1.0	1.0	3924	tags=31%, list=24%, signal=40%	
GOBP_MICROAUTOPHAGY	GOBP_MICROAUTOPHAGY		20	-0.26635695	-0.49683073	0.9818182	1.0	1.0	3181	tags=30%, list=20%, signal=37%	
GOBP_SENSORY_PERCEPTION_OF_TASTE	GOBP_SENSORY_PERCEPTION_OF_TASTE		23	-0.25560597	-0.49681804	0.99135447	1.0	1.0	2838	tags=17%, list=17%, signal=21%	
GOBP_MONOCARBOXYLIC_ACID_CATABOLIC_PROCESS	GOBP_MONOCARBOXYLIC_ACID_CATABOLIC_PROCESS		107	-0.23212917	-0.49106634	1.0	1.0	1.0	1827	tags=10%, list=11%, signal=12%	
KEGG_MEDICUS_REFERENCE_ORGANIZATION_OF_THE_INNER_KINETOCHORE	KEGG_MEDICUS_REFERENCE_ORGANIZATION_OF_THE_INNER_KINETOCHORE		15	-0.25904128	-0.49106398	0.9741602	1.0	1.0	4778	tags=47%, list=29%, signal=66%	
GOBP_CENTRIOLE_ASSEMBLY	GOBP_CENTRIOLE_ASSEMBLY		47	-0.23372889	-0.49018475	0.99044585	1.0	1.0	3682	tags=34%, list=23%, signal=44%	
GOBP_TRNA_MODIFICATION	GOBP_TRNA_MODIFICATION		90	-0.22688212	-0.49010792	1.0	1.0	1.0	4200	tags=28%, list=26%, signal=37%	
GOBP_RRNA_METHYLATION	GOBP_RRNA_METHYLATION		26	-0.23833919	-0.48469365	0.9832869	1.0	1.0	4441	tags=27%, list=27%, signal=37%	
GOBP_MACROMOLECULE_METHYLATION	GOBP_MACROMOLECULE_METHYLATION		123	-0.2163119	-0.47442257	1.0	1.0	1.0	3734	tags=24%, list=23%, signal=30%	
DESCARTES_FETAL_EYE_SKELETAL_MUSCLE_CELLS	DESCARTES_FETAL_EYE_SKELETAL_MUSCLE_CELLS		105	-0.21618548	-0.46428674	1.0	1.0	1.0	2703	tags=13%, list=17%, signal=16%	
GOBP_PIECEMEAL_MICROAUTOPHAGY_OF_THE_NUCLEUS	GOBP_PIECEMEAL_MICROAUTOPHAGY_OF_THE_NUCLEUS		17	-0.2383889	-0.45760244	0.9866667	1.0	1.0	3181	tags=29%, list=20%, signal=37%	
GOBP_AXONEMAL_DYNEIN_COMPLEX_ASSEMBLY	GOBP_AXONEMAL_DYNEIN_COMPLEX_ASSEMBLY		38	-0.20791468	-0.43653196	0.996904	1.0	1.0	12889	tags=100%, list=79%, signal=481%	
GOBP_SNRNA_PROCESSING	GOBP_SNRNA_PROCESSING		37	-0.21093458	-0.43139598	1.0	1.0	1.0	3655	tags=32%, list=22%, signal=42%	
GOBP_GLANDULAR_EPITHELIAL_CELL_DIFFERENTIATION	GOBP_GLANDULAR_EPITHELIAL_CELL_DIFFERENTIATION		15	-0.22483991	-0.4103807	0.9973615	1.0	1.0	2002	tags=13%, list=12%, signal=15%	
GOBP_SNRNA_3_END_PROCESSING	GOBP_SNRNA_3_END_PROCESSING		22	-0.20496202	-0.4103294	1.0	1.0	1.0	4393	tags=36%, list=27%, signal=50%	
GOBP_OUTER_DYNEIN_ARM_ASSEMBLY	GOBP_OUTER_DYNEIN_ARM_ASSEMBLY		19	-0.20767148	-0.40297472	1.0	1.0	1.0	12889	tags=100%, list=79%, signal=482%	
GOBP_MITOCHONDRIAL_LARGE_RIBOSOMAL_SUBUNIT_ASSEMBLY	GOBP_MITOCHONDRIAL_LARGE_RIBOSOMAL_SUBUNIT_ASSEMBLY		15	-0.21171352	-0.3894734	0.9973615	1.0	1.0	4418	tags=40%, list=27%, signal=55%	
GOBP_HOMOLOGOUS_RECOMBINATION	GOBP_HOMOLOGOUS_RECOMBINATION		58	-0.17672701	-0.38469356	1.0	1.0	1.0	4228	tags=26%, list=26%, signal=35%	
GOBP_RNA_MODIFICATION	GOBP_RNA_MODIFICATION		164	-0.1847946	-0.37330246	1.0	1.0	1.0	4006	tags=26%, list=25%, signal=34%	
GOBP_QUINONE_BIOSYNTHETIC_PROCESS	GOBP_QUINONE_BIOSYNTHETIC_PROCESS		18	-0.1912824	-0.36790285	1.0	1.0	1.0	13155	tags=100%, list=81%, signal=523%	
GOBP_MITOCHONDRIAL_TRNA_PROCESSING	GOBP_MITOCHONDRIAL_TRNA_PROCESSING		16	-0.19285934	-0.36562762	1.0	1.0	1.0	13129	tags=100%, list=81%, signal=519%	
GOBP_AXONEME_ASSEMBLY	GOBP_AXONEME_ASSEMBLY		92	-0.13426928	-0.29330704	1.0	0.99998814	1.0	14091	tags=100%, list=87%, signal=745%	
