NAME	GS<br> follow link to MSigDB	GS DETAILS	SIZE	ES	NES	NOM p-val	FDR q-val	FWER p-val	RANK AT MAX	LEADING EDGE	
BEIER_GLIOMA_STEM_CELL_DN	BEIER_GLIOMA_STEM_CELL_DN	Details ...	58	0.9363596	1.9191737	0.004511278	1.0	1.0	97	tags=10%, list=1%, signal=10%	
KEGG_ANTIGEN_PROCESSING_AND_PRESENTATION	KEGG_ANTIGEN_PROCESSING_AND_PRESENTATION	Details ...	48	0.9333539	1.8952149	0.004470939	1.0	1.0	187	tags=35%, list=1%, signal=36%	
GOBP_DEFENSE_RESPONSE_TO_GRAM_POSITIVE_BACTERIUM	GOBP_DEFENSE_RESPONSE_TO_GRAM_POSITIVE_BACTERIUM	Details ...	68	0.89041924	1.8775728	0.007440476	1.0	1.0	93	tags=12%, list=1%, signal=12%	
KEGG_TYPE_I_DIABETES_MELLITUS	KEGG_TYPE_I_DIABETES_MELLITUS	Details ...	32	0.9517078	1.8752407	0.0060698027	1.0	1.0	116	tags=16%, list=1%, signal=16%	
GOBP_POSITIVE_REGULATION_OF_B_CELL_PROLIFERATION	GOBP_POSITIVE_REGULATION_OF_B_CELL_PROLIFERATION	Details ...	38	0.9497217	1.872746	0.0060150377	1.0	1.0	372	tags=16%, list=2%, signal=16%	
DIAZMORAN_2013_NIHHIGHANXIETYRATS_DOWNREGULATED_HC	DIAZMORAN_2013_NIHHIGHANXIETYRATS_DOWNREGULATED_HC	Details ...	45	0.95442057	1.8717023	0.007246377	1.0	1.0	45	tags=7%, list=0%, signal=7%	
HALLMARK_ALLOGRAFT_REJECTION	HALLMARK_ALLOGRAFT_REJECTION	Details ...	179	0.83248866	1.8636689	0.010723861	1.0	1.0	573	tags=20%, list=4%, signal=20%	
GOBP_POSITIVE_REGULATION_OF_B_CELL_ACTIVATION	GOBP_POSITIVE_REGULATION_OF_B_CELL_ACTIVATION	Details ...	75	0.8883271	1.8594338	0.0029542097	1.0	1.0	372	tags=8%, list=2%, signal=8%	
FAN_EMBRYONIC_CTX_BRAIN_MYELOID	FAN_EMBRYONIC_CTX_BRAIN_MYELOID	Details ...	116	0.87258613	1.8550016	0.01594203	1.0	1.0	826	tags=29%, list=5%, signal=31%	
GOBP_CELL_KILLING	GOBP_CELL_KILLING	Details ...	171	0.8432261	1.8542116	0.008683068	1.0	1.0	519	tags=16%, list=3%, signal=16%	
HALLMARK_INTERFERON_GAMMA_RESPONSE	HALLMARK_INTERFERON_GAMMA_RESPONSE	Details ...	189	0.8558324	1.8508345	0.016216217	1.0	1.0	1026	tags=46%, list=6%, signal=48%	
GOBP_B_CELL_PROLIFERATION	GOBP_B_CELL_PROLIFERATION	Details ...	83	0.8865699	1.8494722	0.0085227275	1.0	1.0	562	tags=13%, list=3%, signal=14%	
GOBP_ANTIMICROBIAL_HUMORAL_RESPONSE	GOBP_ANTIMICROBIAL_HUMORAL_RESPONSE	Details ...	76	0.8836029	1.846994	0.0056737587	1.0	1.0	265	tags=13%, list=2%, signal=13%	
KEGG_INTESTINAL_IMMUNE_NETWORK_FOR_IGA_PRODUCTION	KEGG_INTESTINAL_IMMUNE_NETWORK_FOR_IGA_PRODUCTION	Details ...	33	0.9551848	1.8466537	0.0030721966	1.0	1.0	11	tags=12%, list=0%, signal=12%	
GOBP_POSITIVE_REGULATION_OF_LEUKOCYTE_CELL_CELL_ADHESION	GOBP_POSITIVE_REGULATION_OF_LEUKOCYTE_CELL_CELL_ADHESION	Details ...	250	0.82487595	1.8457873	0.017881706	1.0	1.0	654	tags=14%, list=4%, signal=14%	
GOBP_ANTIGEN_PROCESSING_AND_PRESENTATION_OF_PEPTIDE_ANTIGEN	GOBP_ANTIGEN_PROCESSING_AND_PRESENTATION_OF_PEPTIDE_ANTIGEN	Details ...	50	0.9104849	1.8445737	0.008784773	1.0	1.0	246	tags=28%, list=2%, signal=28%	
DURANTE_ADULT_OLFACTORY_NEUROEPITHELIUM_DENDRITIC_CELLS	DURANTE_ADULT_OLFACTORY_NEUROEPITHELIUM_DENDRITIC_CELLS	Details ...	100	0.8695948	1.8443798	0.00997151	1.0	1.0	924	tags=38%, list=6%, signal=40%	
GOBP_ANTIGEN_PROCESSING_AND_PRESENTATION	GOBP_ANTIGEN_PROCESSING_AND_PRESENTATION	Details ...	92	0.8830839	1.8413032	0.015691869	1.0	1.0	593	tags=26%, list=4%, signal=27%	
GOBP_NEGATIVE_REGULATION_OF_SIGNAL_TRANSDUCTION_BY_P53_CLASS_MEDIATOR	GOBP_NEGATIVE_REGULATION_OF_SIGNAL_TRANSDUCTION_BY_P53_CLASS_MEDIATOR	Details ...	39	0.9417194	1.8386811	0.0030487804	1.0	1.0	110	tags=5%, list=1%, signal=5%	
GOBP_POSITIVE_REGULATION_OF_T_CELL_MEDIATED_IMMUNITY	GOBP_POSITIVE_REGULATION_OF_T_CELL_MEDIATED_IMMUNITY	Details ...	52	0.91218793	1.8377804	0.005839416	1.0	1.0	133	tags=10%, list=1%, signal=10%	
GOBP_POSITIVE_REGULATION_OF_HEMOPOIESIS	GOBP_POSITIVE_REGULATION_OF_HEMOPOIESIS		183	0.8299751	1.8306284	0.018439716	1.0	1.0	990	tags=18%, list=6%, signal=19%	
GOBP_POSITIVE_REGULATION_OF_LYMPHOCYTE_DIFFERENTIATION	GOBP_POSITIVE_REGULATION_OF_LYMPHOCYTE_DIFFERENTIATION		129	0.8581502	1.8302258	0.011204482	1.0	1.0	449	tags=12%, list=3%, signal=12%	
GOBP_LYMPHOCYTE_MEDIATED_IMMUNITY	GOBP_LYMPHOCYTE_MEDIATED_IMMUNITY		251	0.80426407	1.8285052	0.013908206	1.0	1.0	1196	tags=20%, list=7%, signal=21%	
GOBP_DEFENSE_RESPONSE_TO_BACTERIUM	GOBP_DEFENSE_RESPONSE_TO_BACTERIUM		193	0.83144933	1.8276693	0.012622721	1.0	1.0	663	tags=18%, list=4%, signal=18%	
GOBP_CYTOKINE_PRODUCTION_INVOLVED_IN_IMMUNE_RESPONSE	GOBP_CYTOKINE_PRODUCTION_INVOLVED_IN_IMMUNE_RESPONSE		91	0.85235834	1.8274509	0.010279002	1.0	1.0	357	tags=7%, list=2%, signal=7%	
GOBP_ANTIGEN_PROCESSING_AND_PRESENTATION_OF_EXOGENOUS_ANTIGEN	GOBP_ANTIGEN_PROCESSING_AND_PRESENTATION_OF_EXOGENOUS_ANTIGEN		39	0.91765106	1.8271004	0.0091883615	1.0	1.0	246	tags=31%, list=2%, signal=31%	
GOBP_POSITIVE_REGULATION_OF_IMMUNE_EFFECTOR_PROCESS	GOBP_POSITIVE_REGULATION_OF_IMMUNE_EFFECTOR_PROCESS		214	0.818424	1.8263956	0.0179558	1.0	1.0	1009	tags=18%, list=6%, signal=19%	
GOBP_DISRUPTION_OF_ANATOMICAL_STRUCTURE_IN_ANOTHER_ORGANISM	GOBP_DISRUPTION_OF_ANATOMICAL_STRUCTURE_IN_ANOTHER_ORGANISM		67	0.89429617	1.8253413	0.00736377	1.0	1.0	180	tags=12%, list=1%, signal=12%	
GOBP_REGULATION_OF_B_CELL_PROLIFERATION	GOBP_REGULATION_OF_B_CELL_PROLIFERATION		61	0.90648353	1.8234887	0.00723589	0.9955985	1.0	372	tags=11%, list=2%, signal=12%	
GOBP_T_CELL_MEDIATED_CYTOTOXICITY	GOBP_T_CELL_MEDIATED_CYTOTOXICITY		43	0.91825825	1.819053	0.012345679	0.9818787	1.0	519	tags=19%, list=3%, signal=19%	
GOBP_REGULATION_OF_LYMPHOCYTE_APOPTOTIC_PROCESS	GOBP_REGULATION_OF_LYMPHOCYTE_APOPTOTIC_PROCESS		50	0.909849	1.8190264	0.010355029	0.9503841	1.0	254	tags=8%, list=2%, signal=8%	
KEGG_VIRAL_MYOCARDITIS	KEGG_VIRAL_MYOCARDITIS		59	0.89033145	1.818582	0.00456621	0.92242515	1.0	542	tags=24%, list=3%, signal=24%	
PARK_2011_COEXPRESSION_HIPPOCAMPUS_MOUSE_YELLOWGREEN	PARK_2011_COEXPRESSION_HIPPOCAMPUS_MOUSE_YELLOWGREEN		27	0.96375734	1.8184527	0.0	0.89504653	1.0	181	tags=30%, list=1%, signal=30%	
GOBP_POSITIVE_REGULATION_OF_ADAPTIVE_IMMUNE_RESPONSE	GOBP_POSITIVE_REGULATION_OF_ADAPTIVE_IMMUNE_RESPONSE		105	0.8654816	1.8117663	0.010355029	0.8978734	1.0	395	tags=10%, list=2%, signal=10%	
GOBP_NEGATIVE_REGULATION_OF_PEPTIDE_SECRETION	GOBP_NEGATIVE_REGULATION_OF_PEPTIDE_SECRETION		36	0.923936	1.8109316	0.0048154094	0.8763318	1.0	558	tags=17%, list=3%, signal=17%	
HALLMARK_INTERFERON_ALPHA_RESPONSE	HALLMARK_INTERFERON_ALPHA_RESPONSE		94	0.869173	1.8101188	0.012875536	0.85508287	1.0	1041	tags=51%, list=6%, signal=54%	
GOBP_T_CELL_ACTIVATION_INVOLVED_IN_IMMUNE_RESPONSE	GOBP_T_CELL_ACTIVATION_INVOLVED_IN_IMMUNE_RESPONSE		129	0.84862095	1.8053792	0.020260492	0.85180104	1.0	631	tags=17%, list=4%, signal=18%	
GOBP_POSITIVE_REGULATION_OF_LEUKOCYTE_MEDIATED_IMMUNITY	GOBP_POSITIVE_REGULATION_OF_LEUKOCYTE_MEDIATED_IMMUNITY		123	0.83809	1.8051574	0.012912482	0.830205	1.0	1125	tags=18%, list=7%, signal=19%	
KEGG_GRAFT_VERSUS_HOST_DISEASE	KEGG_GRAFT_VERSUS_HOST_DISEASE		26	0.96931475	1.8037279	0.0015174507	0.8156675	1.0	11	tags=15%, list=0%, signal=15%	
KEGG_ALLOGRAFT_REJECTION	KEGG_ALLOGRAFT_REJECTION		24	0.97031504	1.8033234	0.0015432099	0.7966376	1.0	11	tags=17%, list=0%, signal=17%	
GOBP_POSITIVE_REGULATION_OF_CYTOKINE_PRODUCTION_INVOLVED_IN_IMMUNE_RESPONSE	GOBP_POSITIVE_REGULATION_OF_CYTOKINE_PRODUCTION_INVOLVED_IN_IMMUNE_RESPONSE		67	0.88175905	1.8021928	0.013254787	0.7814226	1.0	357	tags=7%, list=2%, signal=8%	
GOBP_UNSATURATED_FATTY_ACID_BIOSYNTHETIC_PROCESS	GOBP_UNSATURATED_FATTY_ACID_BIOSYNTHETIC_PROCESS		38	0.9227662	1.8012718	0.012102874	0.7658142	1.0	164	tags=5%, list=1%, signal=5%	
KEGG_LEISHMANIA_INFECTION	KEGG_LEISHMANIA_INFECTION		62	0.8759367	1.7995553	0.00729927	0.7556583	1.0	607	tags=24%, list=4%, signal=25%	
GOBP_POSITIVE_REGULATION_OF_ALPHA_BETA_T_CELL_ACTIVATION	GOBP_POSITIVE_REGULATION_OF_ALPHA_BETA_T_CELL_ACTIVATION		66	0.8438347	1.7979547	0.0059701493	0.7451196	1.0	1248	tags=24%, list=8%, signal=26%	
FAN_EMBRYONIC_CTX_BIG_GROUPS_BRAIN_IMMUNE	FAN_EMBRYONIC_CTX_BIG_GROUPS_BRAIN_IMMUNE		125	0.8280681	1.7971194	0.016021362	0.73218215	1.0	745	tags=33%, list=5%, signal=34%	
GOBP_POSITIVE_REGULATION_OF_MYELOID_CELL_DIFFERENTIATION	GOBP_POSITIVE_REGULATION_OF_MYELOID_CELL_DIFFERENTIATION		92	0.8442933	1.796085	0.013493253	0.72070533	1.0	438	tags=11%, list=3%, signal=11%	
GOBP_LEUKOCYTE_MEDIATED_IMMUNITY	GOBP_LEUKOCYTE_MEDIATED_IMMUNITY		338	0.7899763	1.7960087	0.021276595	0.70553666	1.0	1196	tags=20%, list=7%, signal=21%	
GOBP_T_CELL_SELECTION	GOBP_T_CELL_SELECTION		72	0.86087614	1.7902545	0.011678832	0.7138594	1.0	706	tags=19%, list=4%, signal=20%	
GOBP_REGULATION_OF_LYMPHOCYTE_MEDIATED_IMMUNITY	GOBP_REGULATION_OF_LYMPHOCYTE_MEDIATED_IMMUNITY		161	0.81964135	1.7890007	0.008368201	0.7041851	1.0	1125	tags=15%, list=7%, signal=16%	
GOBP_ICOSANOID_BIOSYNTHETIC_PROCESS	GOBP_ICOSANOID_BIOSYNTHETIC_PROCESS		39	0.91857296	1.7885779	0.009022556	0.69152886	1.0	228	tags=8%, list=1%, signal=8%	
KEGG_AUTOIMMUNE_THYROID_DISEASE	KEGG_AUTOIMMUNE_THYROID_DISEASE		24	0.9719707	1.7878497	0.0015649452	0.6808341	1.0	11	tags=17%, list=0%, signal=17%	
GOBP_POSITIVE_REGULATION_OF_CELL_ACTIVATION	GOBP_POSITIVE_REGULATION_OF_CELL_ACTIVATION		344	0.79678553	1.7876977	0.028037382	0.66847134	1.0	919	tags=15%, list=6%, signal=16%	
GOBP_T_CELL_DIFFERENTIATION_IN_THYMUS	GOBP_T_CELL_DIFFERENTIATION_IN_THYMUS		85	0.83975315	1.7866601	0.008836525	0.65996253	1.0	230	tags=8%, list=1%, signal=8%	
GOBP_NEGATIVE_REGULATION_OF_LYMPHOCYTE_APOPTOTIC_PROCESS	GOBP_NEGATIVE_REGULATION_OF_LYMPHOCYTE_APOPTOTIC_PROCESS		28	0.9353418	1.7862549	0.004457652	0.6494524	1.0	254	tags=7%, list=2%, signal=7%	
GOBP_POSITIVE_REGULATION_OF_FATTY_ACID_METABOLIC_PROCESS	GOBP_POSITIVE_REGULATION_OF_FATTY_ACID_METABOLIC_PROCESS		32	0.9228979	1.7851771	0.00739645	0.6417574	1.0	1	tags=3%, list=0%, signal=3%	
GOBP_POSITIVE_REGULATION_OF_PRODUCTION_OF_MOLECULAR_MEDIATOR_OF_IMMUNE_RESPONSE	GOBP_POSITIVE_REGULATION_OF_PRODUCTION_OF_MOLECULAR_MEDIATOR_OF_IMMUNE_RESPONSE		111	0.83648026	1.7825191	0.009695291	0.6402065	1.0	431	tags=6%, list=3%, signal=6%	
GOBP_REGULATION_OF_LYMPHOCYTE_DIFFERENTIATION	GOBP_REGULATION_OF_LYMPHOCYTE_DIFFERENTIATION		210	0.8109537	1.7821647	0.023936171	0.63044035	1.0	449	tags=11%, list=3%, signal=11%	
GOBP_REGULATION_OF_FATTY_ACID_METABOLIC_PROCESS	GOBP_REGULATION_OF_FATTY_ACID_METABOLIC_PROCESS		86	0.84444714	1.7821138	0.015060241	0.6197057	1.0	558	tags=8%, list=3%, signal=8%	
GOBP_POSITIVE_REGULATION_OF_CELL_KILLING	GOBP_POSITIVE_REGULATION_OF_CELL_KILLING		50	0.8858716	1.7815094	0.0071123755	0.61137205	1.0	636	tags=18%, list=4%, signal=19%	
GOBP_POSITIVE_REGULATION_OF_T_CELL_MEDIATED_CYTOTOXICITY	GOBP_POSITIVE_REGULATION_OF_T_CELL_MEDIATED_CYTOTOXICITY		21	0.9610718	1.7813756	0.0015503876	0.60157335	1.0	74	tags=19%, list=0%, signal=19%	
GOBP_HUMORAL_IMMUNE_RESPONSE	GOBP_HUMORAL_IMMUNE_RESPONSE		157	0.8292283	1.7809736	0.019444445	0.59326935	1.0	471	tags=17%, list=3%, signal=18%	
GOBP_REGULATION_OF_T_CELL_MEDIATED_IMMUNITY	GOBP_REGULATION_OF_T_CELL_MEDIATED_IMMUNITY		85	0.84246457	1.7793211	0.005873715	0.5892615	1.0	612	tags=9%, list=4%, signal=10%	
GOBP_LYMPHOCYTE_ACTIVATION_INVOLVED_IN_IMMUNE_RESPONSE	GOBP_LYMPHOCYTE_ACTIVATION_INVOLVED_IN_IMMUNE_RESPONSE		211	0.8147471	1.7787849	0.022068966	0.5819452	1.0	1125	tags=21%, list=7%, signal=22%	
DURANTE_ADULT_OLFACTORY_NEUROEPITHELIUM_B_CELLS	DURANTE_ADULT_OLFACTORY_NEUROEPITHELIUM_B_CELLS		27	0.95712745	1.7783118	0.0047244094	0.57455903	1.0	124	tags=19%, list=1%, signal=19%	
GOBP_POSITIVE_REGULATION_OF_ERK1_AND_ERK2_CASCADE	GOBP_POSITIVE_REGULATION_OF_ERK1_AND_ERK2_CASCADE		169	0.81685954	1.7776096	0.013736264	0.568192	1.0	552	tags=11%, list=3%, signal=11%	
GOBP_T_CELL_DIFFERENTIATION	GOBP_T_CELL_DIFFERENTIATION		309	0.79251665	1.7771379	0.03366059	0.56118906	1.0	1196	tags=18%, list=7%, signal=19%	
GOBP_LEUKOCYTE_CELL_CELL_ADHESION	GOBP_LEUKOCYTE_CELL_CELL_ADHESION		383	0.7972564	1.7769054	0.035868004	0.5538095	1.0	1248	tags=22%, list=8%, signal=23%	
GOBP_NEGATIVE_REGULATION_OF_INTRINSIC_APOPTOTIC_SIGNALING_PATHWAY_BY_P53_CLASS_MEDIATOR	GOBP_NEGATIVE_REGULATION_OF_INTRINSIC_APOPTOTIC_SIGNALING_PATHWAY_BY_P53_CLASS_MEDIATOR		22	0.972714	1.7757845	0.0029895366	0.5492338	1.0	110	tags=9%, list=1%, signal=9%	
GOBP_LYMPHOCYTE_HOMEOSTASIS	GOBP_LYMPHOCYTE_HOMEOSTASIS		87	0.8362935	1.7729417	0.013432836	0.5502224	1.0	543	tags=13%, list=3%, signal=13%	
GOBP_DEFENSE_RESPONSE_TO_GRAM_NEGATIVE_BACTERIUM	GOBP_DEFENSE_RESPONSE_TO_GRAM_NEGATIVE_BACTERIUM		55	0.8814298	1.7711022	0.015082956	0.5484136	1.0	416	tags=16%, list=3%, signal=17%	
GOBP_ANTIGEN_PROCESSING_AND_PRESENTATION_OF_EXOGENOUS_PEPTIDE_ANTIGEN	GOBP_ANTIGEN_PROCESSING_AND_PRESENTATION_OF_EXOGENOUS_PEPTIDE_ANTIGEN		34	0.9209568	1.7697008	0.01244168	0.5453085	1.0	246	tags=32%, list=2%, signal=33%	
KEGG_ASTHMA	KEGG_ASTHMA		17	0.9726228	1.769354	0.004716981	0.53920716	1.0	246	tags=29%, list=2%, signal=30%	
GOBP_POSITIVE_REGULATION_OF_CHEMOKINE_PRODUCTION	GOBP_POSITIVE_REGULATION_OF_CHEMOKINE_PRODUCTION		57	0.8625251	1.7689407	0.011940299	0.5331945	1.0	477	tags=14%, list=3%, signal=14%	
GOBP_REGULATION_OF_LIPID_BIOSYNTHETIC_PROCESS	GOBP_REGULATION_OF_LIPID_BIOSYNTHETIC_PROCESS		164	0.80678064	1.7683784	0.014265335	0.527981	1.0	1292	tags=16%, list=8%, signal=18%	
GOBP_POSITIVE_REGULATION_OF_MYELOID_LEUKOCYTE_DIFFERENTIATION	GOBP_POSITIVE_REGULATION_OF_MYELOID_LEUKOCYTE_DIFFERENTIATION		56	0.89118904	1.7670753	0.013254787	0.52509016	1.0	438	tags=9%, list=3%, signal=9%	
GOBP_B_CELL_ACTIVATION	GOBP_B_CELL_ACTIVATION		252	0.796666	1.7660674	0.031767957	0.52118504	1.0	1227	tags=20%, list=8%, signal=22%	
GOBP_POSITIVE_REGULATION_OF_CELL_CELL_ADHESION	GOBP_POSITIVE_REGULATION_OF_CELL_CELL_ADHESION		292	0.79686	1.766062	0.027586207	0.5144455	1.0	654	tags=14%, list=4%, signal=14%	
GOBP_LYMPHOCYTE_APOPTOTIC_PROCESS	GOBP_LYMPHOCYTE_APOPTOTIC_PROCESS		71	0.8716568	1.76541	0.013372957	0.50972074	1.0	254	tags=6%, list=2%, signal=6%	
GOBP_LEUKOCYTE_MEDIATED_CYTOTOXICITY	GOBP_LEUKOCYTE_MEDIATED_CYTOTOXICITY		114	0.8256656	1.7641726	0.015625	0.5068926	1.0	1234	tags=26%, list=8%, signal=28%	
GOBP_ADAPTIVE_IMMUNE_RESPONSE	GOBP_ADAPTIVE_IMMUNE_RESPONSE		416	0.7883379	1.763303	0.03265306	0.5029807	1.0	919	tags=16%, list=6%, signal=16%	
GOBP_REGULATION_OF_T_CELL_MEDIATED_CYTOTOXICITY	GOBP_REGULATION_OF_T_CELL_MEDIATED_CYTOTOXICITY		31	0.9275913	1.7626406	0.003030303	0.4989734	1.0	519	tags=19%, list=3%, signal=20%	
GOBP_POSITIVE_REGULATION_OF_LIPID_BIOSYNTHETIC_PROCESS	GOBP_POSITIVE_REGULATION_OF_LIPID_BIOSYNTHETIC_PROCESS		86	0.8320608	1.7625009	0.010447761	0.49325565	1.0	1292	tags=20%, list=8%, signal=21%	
GOBP_B_CELL_HOMEOSTASIS	GOBP_B_CELL_HOMEOSTASIS		32	0.9210295	1.7621518	0.01026393	0.48817214	1.0	442	tags=19%, list=3%, signal=19%	
GOBP_REGULATION_OF_MACROPHAGE_ACTIVATION	GOBP_REGULATION_OF_MACROPHAGE_ACTIVATION		53	0.8693619	1.761684	0.0058565154	0.48352972	1.0	477	tags=17%, list=3%, signal=17%	
GOBP_CELL_ACTIVATION_INVOLVED_IN_IMMUNE_RESPONSE	GOBP_CELL_ACTIVATION_INVOLVED_IN_IMMUNE_RESPONSE		298	0.7893588	1.7609246	0.033426184	0.48024112	1.0	1125	tags=21%, list=7%, signal=22%	
GOBP_ANTIGEN_PROCESSING_AND_PRESENTATION_OF_PEPTIDE_OR_POLYSACCHARIDE_ANTIGEN_VIA_MHC_CLASS_II	GOBP_ANTIGEN_PROCESSING_AND_PRESENTATION_OF_PEPTIDE_OR_POLYSACCHARIDE_ANTIGEN_VIA_MHC_CLASS_II		30	0.9271109	1.7608584	0.0044444446	0.47485086	1.0	246	tags=30%, list=2%, signal=30%	
GOBP_POSITIVE_REGULATION_OF_RESPONSE_TO_CYTOKINE_STIMULUS	GOBP_POSITIVE_REGULATION_OF_RESPONSE_TO_CYTOKINE_STIMULUS		66	0.8623108	1.7606032	0.016011644	0.47013736	1.0	886	tags=23%, list=5%, signal=24%	
GOBP_ADAPTIVE_IMMUNE_RESPONSE_BASED_ON_SOMATIC_RECOMBINATION_OF_IMMUNE_RECEPTORS_BUILT_FROM_IMMUNOGLOBULIN_SUPERFAMILY_DOMAINS	GOBP_ADAPTIVE_IMMUNE_RESPONSE_BASED_ON_SOMATIC_RECOMBINATION_OF_IMMUNE_RECEPTORS_BUILT_FROM_IMMUNOGLOBULIN_SUPERFAMILY_DOMAINS		292	0.78895986	1.7600679	0.025641026	0.46650517	1.0	1193	tags=18%, list=7%, signal=20%	
GOBP_POSITIVE_REGULATION_OF_MYELOID_LEUKOCYTE_CYTOKINE_PRODUCTION_INVOLVED_IN_IMMUNE_RESPONSE	GOBP_POSITIVE_REGULATION_OF_MYELOID_LEUKOCYTE_CYTOKINE_PRODUCTION_INVOLVED_IN_IMMUNE_RESPONSE		22	0.9195441	1.7584307	0.017160686	0.4656762	1.0	246	tags=9%, list=2%, signal=9%	
GOBP_THYMIC_T_CELL_SELECTION	GOBP_THYMIC_T_CELL_SELECTION		35	0.9135236	1.7581904	0.014880952	0.461221	1.0	230	tags=14%, list=1%, signal=14%	
GOBP_MONOCYTE_DIFFERENTIATION	GOBP_MONOCYTE_DIFFERENTIATION		38	0.9102517	1.7573595	0.013677811	0.45856833	1.0	26	tags=8%, list=0%, signal=8%	
GOBP_INTERLEUKIN_8_PRODUCTION	GOBP_INTERLEUKIN_8_PRODUCTION		72	0.846239	1.7571465	0.01997147	0.45420352	1.0	231	tags=8%, list=1%, signal=8%	
DURANTE_ADULT_OLFACTORY_NEUROEPITHELIUM_NK_CELLS	DURANTE_ADULT_OLFACTORY_NEUROEPITHELIUM_NK_CELLS		65	0.8566683	1.756097	0.016296295	0.45213786	1.0	990	tags=38%, list=6%, signal=41%	
GOBP_T_CELL_MEDIATED_IMMUNITY	GOBP_T_CELL_MEDIATED_IMMUNITY		109	0.82838196	1.7560803	0.017167382	0.44736356	1.0	612	tags=10%, list=4%, signal=10%	
GOBP_REGULATION_OF_LYMPHOCYTE_ACTIVATION	GOBP_REGULATION_OF_LYMPHOCYTE_ACTIVATION		465	0.7666896	1.7549223	0.029535865	0.4461281	1.0	1205	tags=17%, list=7%, signal=18%	
DESCARTES_MAIN_FETAL_MYELOID_CELLS	DESCARTES_MAIN_FETAL_MYELOID_CELLS		414	0.7679295	1.7545136	0.023448275	0.4426409	1.0	890	tags=17%, list=5%, signal=18%	
GOBP_POSITIVE_T_CELL_SELECTION	GOBP_POSITIVE_T_CELL_SELECTION		48	0.8898142	1.7539444	0.013452915	0.4394589	1.0	706	tags=23%, list=4%, signal=24%	
GOBP_NEGATIVE_REGULATION_OF_LEUKOCYTE_APOPTOTIC_PROCESS	GOBP_NEGATIVE_REGULATION_OF_LEUKOCYTE_APOPTOTIC_PROCESS		44	0.88843936	1.7538716	0.009118541	0.43511176	1.0	263	tags=11%, list=2%, signal=12%	
GOBP_UNSATURATED_FATTY_ACID_METABOLIC_PROCESS	GOBP_UNSATURATED_FATTY_ACID_METABOLIC_PROCESS		75	0.8484721	1.7537897	0.018045112	0.4308734	1.0	164	tags=3%, list=1%, signal=3%	
GOBP_REGULATION_OF_ADAPTIVE_IMMUNE_RESPONSE	GOBP_REGULATION_OF_ADAPTIVE_IMMUNE_RESPONSE		184	0.8048312	1.7536418	0.023943663	0.4268658	1.0	1125	tags=17%, list=7%, signal=18%	
GOBP_REGULATION_OF_LEUKOCYTE_APOPTOTIC_PROCESS	GOBP_REGULATION_OF_LEUKOCYTE_APOPTOTIC_PROCESS		77	0.84526134	1.7535049	0.014684288	0.42298102	1.0	1010	tags=22%, list=6%, signal=23%	
GOBP_REGULATION_OF_T_CELL_ACTIVATION	GOBP_REGULATION_OF_T_CELL_ACTIVATION		351	0.7880528	1.7530462	0.037138928	0.41997004	1.0	654	tags=12%, list=4%, signal=12%	
FAN_EMBRYONIC_CTX_BRAIN_B_CELL	FAN_EMBRYONIC_CTX_BRAIN_B_CELL		81	0.84902847	1.7527587	0.02238806	0.4166295	1.0	742	tags=25%, list=5%, signal=26%	
GOBP_PROSTANOID_METABOLIC_PROCESS	GOBP_PROSTANOID_METABOLIC_PROCESS		36	0.9214579	1.7526441	0.012102874	0.41288152	1.0	164	tags=6%, list=1%, signal=6%	
GOBP_REGULATION_OF_FATTY_ACID_BIOSYNTHETIC_PROCESS	GOBP_REGULATION_OF_FATTY_ACID_BIOSYNTHETIC_PROCESS		43	0.8932287	1.7521837	0.018126888	0.4100328	1.0	105	tags=5%, list=1%, signal=5%	
GOBP_REGULATION_OF_PRODUCTION_OF_MOLECULAR_MEDIATOR_OF_IMMUNE_RESPONSE	GOBP_REGULATION_OF_PRODUCTION_OF_MOLECULAR_MEDIATOR_OF_IMMUNE_RESPONSE		148	0.8036563	1.7510657	0.011331445	0.40899077	1.0	1003	tags=12%, list=6%, signal=13%	
GOBP_NEGATIVE_REGULATION_OF_LYMPHOCYTE_DIFFERENTIATION	GOBP_NEGATIVE_REGULATION_OF_LYMPHOCYTE_DIFFERENTIATION		62	0.8581891	1.7510302	0.011627907	0.4052928	1.0	273	tags=6%, list=2%, signal=7%	
GOBP_RESPONSE_TO_IRON_ION	GOBP_RESPONSE_TO_IRON_ION		27	0.9164877	1.7509379	0.009077156	0.40177685	1.0	254	tags=11%, list=2%, signal=11%	
HAY_BONE_MARROW_DENDRITIC_CELL	HAY_BONE_MARROW_DENDRITIC_CELL		146	0.8266482	1.7502532	0.020231213	0.39967412	1.0	566	tags=13%, list=3%, signal=13%	
GOBP_POSITIVE_REGULATION_OF_ALPHA_BETA_T_CELL_DIFFERENTIATION	GOBP_POSITIVE_REGULATION_OF_ALPHA_BETA_T_CELL_DIFFERENTIATION		53	0.8536611	1.7499766	0.0075075077	0.39672005	1.0	984	tags=23%, list=6%, signal=24%	
GOBP_PROSTANOID_BIOSYNTHETIC_PROCESS	GOBP_PROSTANOID_BIOSYNTHETIC_PROCESS		22	0.9429427	1.7494862	0.010971786	0.3943296	1.0	164	tags=9%, list=1%, signal=9%	
GOBP_POSITIVE_REGULATION_OF_INTERLEUKIN_8_PRODUCTION	GOBP_POSITIVE_REGULATION_OF_INTERLEUKIN_8_PRODUCTION		56	0.86225194	1.7493472	0.0116959065	0.391138	1.0	231	tags=9%, list=1%, signal=9%	
GOBP_LEUKOCYTE_APOPTOTIC_PROCESS	GOBP_LEUKOCYTE_APOPTOTIC_PROCESS		104	0.8239194	1.7478548	0.016713092	0.39115697	1.0	1010	tags=19%, list=6%, signal=20%	
GOBP_TRANSEPITHELIAL_TRANSPORT	GOBP_TRANSEPITHELIAL_TRANSPORT		34	0.90466285	1.7455523	0.015479876	0.39297247	1.0	229	tags=15%, list=1%, signal=15%	
GOBP_REGULATION_OF_KETONE_METABOLIC_PROCESS	GOBP_REGULATION_OF_KETONE_METABOLIC_PROCESS		111	0.82269084	1.7444135	0.01875902	0.39213413	1.0	558	tags=7%, list=3%, signal=7%	
GOBP_POSITIVE_REGULATION_OF_RECEPTOR_MEDIATED_ENDOCYTOSIS	GOBP_POSITIVE_REGULATION_OF_RECEPTOR_MEDIATED_ENDOCYTOSIS		50	0.8738464	1.7444016	0.014880952	0.38878253	1.0	70	tags=10%, list=0%, signal=10%	
GOBP_REGULATION_OF_IMMUNE_EFFECTOR_PROCESS	GOBP_REGULATION_OF_IMMUNE_EFFECTOR_PROCESS		328	0.7741877	1.7439591	0.028378379	0.38674763	1.0	1009	tags=17%, list=6%, signal=18%	
GOBP_POSITIVE_REGULATION_OF_LEUKOCYTE_PROLIFERATION	GOBP_POSITIVE_REGULATION_OF_LEUKOCYTE_PROLIFERATION		138	0.818894	1.7438016	0.01179941	0.38386583	1.0	504	tags=13%, list=3%, signal=13%	
GOBP_ICOSANOID_METABOLIC_PROCESS	GOBP_ICOSANOID_METABOLIC_PROCESS		78	0.8473622	1.7424247	0.018181818	0.38410804	1.0	228	tags=5%, list=1%, signal=5%	
GOBP_REGULATION_OF_B_CELL_ACTIVATION	GOBP_REGULATION_OF_B_CELL_ACTIVATION		123	0.82817405	1.7397462	0.021645023	0.3867755	1.0	969	tags=15%, list=6%, signal=16%	
GOBP_REGULATION_OF_TRIGLYCERIDE_METABOLIC_PROCESS	GOBP_REGULATION_OF_TRIGLYCERIDE_METABOLIC_PROCESS		36	0.8960376	1.7394774	0.013719512	0.3841571	1.0	584	tags=14%, list=4%, signal=14%	
GOBP_POSITIVE_REGULATION_OF_SMALL_MOLECULE_METABOLIC_PROCESS	GOBP_POSITIVE_REGULATION_OF_SMALL_MOLECULE_METABOLIC_PROCESS		135	0.79844254	1.7387027	0.014285714	0.38286534	1.0	1381	tags=20%, list=8%, signal=22%	
JOHNSON_2016_COEXPRESSION_HIPPOCAMPUS_HUMAN_M23	JOHNSON_2016_COEXPRESSION_HIPPOCAMPUS_HUMAN_M23		118	0.80316305	1.7384624	0.009887005	0.38031507	1.0	607	tags=24%, list=4%, signal=24%	
GEMMA_GSE14522_EFFECTS_OF_BDNF_IN_RODENT_MODELS_OF_AGING_AND_ALZHEIMER'S_DISEASE_AGE_OLD_UP	GEMMA_GSE14522_EFFECTS_OF_BDNF_IN_RODENT_MODELS_OF_AGING_AND_ALZHEIMER'S_DISEASE_AGE_OLD_UP		17	0.9706737	1.7367913	0.0016420361	0.38104117	1.0	92	tags=53%, list=1%, signal=53%	
GOBP_DNA_DAMAGE_RESPONSE_SIGNAL_TRANSDUCTION_BY_P53_CLASS_MEDIATOR	GOBP_DNA_DAMAGE_RESPONSE_SIGNAL_TRANSDUCTION_BY_P53_CLASS_MEDIATOR		75	0.83685124	1.7366331	0.01754386	0.37825105	1.0	562	tags=11%, list=3%, signal=11%	
GOBP_LYMPHOCYTE_DIFFERENTIATION	GOBP_LYMPHOCYTE_DIFFERENTIATION		405	0.77294207	1.7364707	0.031563845	0.37552315	1.0	1197	tags=20%, list=7%, signal=21%	
GOBP_B_CELL_APOPTOTIC_PROCESS	GOBP_B_CELL_APOPTOTIC_PROCESS		23	0.9467045	1.7346385	0.0077279755	0.3767714	1.0	249	tags=9%, list=2%, signal=9%	
GOBP_REGULATION_OF_LEUKOCYTE_MEDIATED_IMMUNITY	GOBP_REGULATION_OF_LEUKOCYTE_MEDIATED_IMMUNITY		215	0.7863913	1.7339119	0.023776224	0.3755463	1.0	971	tags=14%, list=6%, signal=15%	
GEMMA_GSE117758_CELL-TYPE_SPECIFIC_TRANSCRIPTIONAL_PROFILING_OF_GLUCOCORTICOID_RECEPTOR-DEPENDENT_CHANGES_IN_THE_NUCLEUS_ACCUMBENS_CELL_TYPE_TREATMENT_ASTROCYTE_UP	GEMMA_GSE117758_CELL-TYPE_SPECIFIC_TRANSCRIPTIONAL_PROFILING_OF_GLUCOCORTICOID_RECEPTOR-DEPENDENT_CHANGES_IN_THE_NUCLEUS_ACCUMBENS_CELL_TYPE_TREATMENT_ASTROCYTE_UP		40	0.87565756	1.7330565	0.015151516	0.37444004	1.0	108	tags=8%, list=1%, signal=8%	
GOBP_REGULATION_OF_ANTIGEN_PROCESSING_AND_PRESENTATION	GOBP_REGULATION_OF_ANTIGEN_PROCESSING_AND_PRESENTATION		21	0.94501543	1.7323678	0.010385756	0.37307057	1.0	95	tags=14%, list=1%, signal=14%	
GOBP_NEGATIVE_REGULATION_OF_LYMPHOCYTE_ACTIVATION	GOBP_NEGATIVE_REGULATION_OF_LYMPHOCYTE_ACTIVATION		159	0.78562254	1.7312025	0.017142856	0.3730437	1.0	901	tags=13%, list=6%, signal=14%	
GOBP_RESPONSE_TO_TYPE_II_INTERFERON	GOBP_RESPONSE_TO_TYPE_II_INTERFERON		127	0.8023003	1.7310385	0.014005602	0.3706486	1.0	543	tags=24%, list=3%, signal=25%	
GOBP_IMMUNOLOGICAL_MEMORY_PROCESS	GOBP_IMMUNOLOGICAL_MEMORY_PROCESS		18	0.96753025	1.7307794	0.0030165913	0.36848176	1.0	11	tags=11%, list=0%, signal=11%	
GOBP_TYPE_2_IMMUNE_RESPONSE	GOBP_TYPE_2_IMMUNE_RESPONSE		36	0.89489466	1.7268523	0.004651163	0.37487012	1.0	251	tags=6%, list=2%, signal=6%	
GOBP_REGULATION_OF_PEPTIDE_TRANSPORT	GOBP_REGULATION_OF_PEPTIDE_TRANSPORT		166	0.798873	1.7265304	0.019553073	0.372919	1.0	864	tags=12%, list=5%, signal=13%	
DURANTE_ADULT_OLFACTORY_NEUROEPITHELIUM_PERICYTES	DURANTE_ADULT_OLFACTORY_NEUROEPITHELIUM_PERICYTES		67	0.83977807	1.7262349	0.018950438	0.3708398	1.0	188	tags=12%, list=1%, signal=12%	
GOBP_B_CELL_MEDIATED_IMMUNITY	GOBP_B_CELL_MEDIATED_IMMUNITY		111	0.8256904	1.7261096	0.01977401	0.36840177	1.0	471	tags=11%, list=3%, signal=11%	
GOBP_ANTIGEN_PROCESSING_AND_PRESENTATION_OF_EXOGENOUS_PEPTIDE_ANTIGEN_VIA_MHC_CLASS_II	GOBP_ANTIGEN_PROCESSING_AND_PRESENTATION_OF_EXOGENOUS_PEPTIDE_ANTIGEN_VIA_MHC_CLASS_II		24	0.9310242	1.7259654	0.00949367	0.36609536	1.0	246	tags=38%, list=2%, signal=38%	
GOBP_NEGATIVE_REGULATION_OF_LEUKOCYTE_CELL_CELL_ADHESION	GOBP_NEGATIVE_REGULATION_OF_LEUKOCYTE_CELL_CELL_ADHESION		137	0.80246586	1.7258878	0.017045455	0.36367837	1.0	1108	tags=16%, list=7%, signal=17%	
GOBP_POSITIVE_REGULATION_OF_LIPID_METABOLIC_PROCESS	GOBP_POSITIVE_REGULATION_OF_LIPID_METABOLIC_PROCESS		112	0.8144559	1.7248143	0.01664355	0.3634218	1.0	1292	tags=17%, list=8%, signal=18%	
GOBP_HOST_MEDIATED_SUPPRESSION_OF_SYMBIONT_INVASION	GOBP_HOST_MEDIATED_SUPPRESSION_OF_SYMBIONT_INVASION		17	0.9436285	1.7241188	0.004636785	0.36237067	1.0	313	tags=29%, list=2%, signal=30%	
DESCARTES_FETAL_CEREBRUM_MICROGLIA	DESCARTES_FETAL_CEREBRUM_MICROGLIA		311	0.7769873	1.7234792	0.03038674	0.36120042	1.0	1265	tags=22%, list=8%, signal=23%	
GOBP_MORPHOGENESIS_OF_A_POLARIZED_EPITHELIUM	GOBP_MORPHOGENESIS_OF_A_POLARIZED_EPITHELIUM		50	0.85960126	1.7227277	0.024926687	0.36060715	1.0	361	tags=10%, list=2%, signal=10%	
GOBP_NEGATIVE_REGULATION_OF_INTRINSIC_APOPTOTIC_SIGNALING_PATHWAY_IN_RESPONSE_TO_DNA_DAMAGE	GOBP_NEGATIVE_REGULATION_OF_INTRINSIC_APOPTOTIC_SIGNALING_PATHWAY_IN_RESPONSE_TO_DNA_DAMAGE		29	0.90193564	1.7222509	0.0106870225	0.35901675	1.0	110	tags=10%, list=1%, signal=10%	
GOBP_POSITIVE_REGULATION_OF_TYPE_2_IMMUNE_RESPONSE	GOBP_POSITIVE_REGULATION_OF_TYPE_2_IMMUNE_RESPONSE		16	0.9602144	1.7219857	0.0062402496	0.3571783	1.0	1	tags=6%, list=0%, signal=6%	
GOBP_ANTIBACTERIAL_HUMORAL_RESPONSE	GOBP_ANTIBACTERIAL_HUMORAL_RESPONSE		24	0.9223027	1.7211943	0.01866252	0.35643616	1.0	256	tags=17%, list=2%, signal=17%	
GOBP_POSITIVE_REGULATION_OF_DOUBLE_STRAND_BREAK_REPAIR_VIA_HOMOLOGOUS_RECOMBINATION	GOBP_POSITIVE_REGULATION_OF_DOUBLE_STRAND_BREAK_REPAIR_VIA_HOMOLOGOUS_RECOMBINATION		41	0.8770965	1.7194189	0.007751938	0.35803133	1.0	727	tags=12%, list=4%, signal=13%	
ZHANG_2005_SYRACUSELOWAVOIDANCERATS_UPREGULATED_HC	ZHANG_2005_SYRACUSELOWAVOIDANCERATS_UPREGULATED_HC		17	0.95564425	1.7183337	0.001506024	0.35815433	1.0	188	tags=18%, list=1%, signal=18%	
GOBP_POSITIVE_REGULATION_OF_CD4_POSITIVE_ALPHA_BETA_T_CELL_DIFFERENTIATION	GOBP_POSITIVE_REGULATION_OF_CD4_POSITIVE_ALPHA_BETA_T_CELL_DIFFERENTIATION		36	0.8814562	1.7177947	0.021341464	0.35703108	1.0	895	tags=22%, list=6%, signal=23%	
GOBP_CHEMOKINE_C_X_C_MOTIF_LIGAND_2_PRODUCTION	GOBP_CHEMOKINE_C_X_C_MOTIF_LIGAND_2_PRODUCTION		16	0.9728747	1.7170297	0.004636785	0.35622397	1.0	156	tags=13%, list=1%, signal=13%	
GOBP_REGULATION_OF_MONOCYTE_DIFFERENTIATION	GOBP_REGULATION_OF_MONOCYTE_DIFFERENTIATION		16	0.9544529	1.7166463	0.006557377	0.35477385	1.0	11	tags=13%, list=0%, signal=12%	
GOBP_REGULATION_OF_RESPONSE_TO_CYTOKINE_STIMULUS	GOBP_REGULATION_OF_RESPONSE_TO_CYTOKINE_STIMULUS		170	0.78266215	1.7164669	0.02266289	0.35288802	1.0	1165	tags=22%, list=7%, signal=23%	
GOBP_TRIGLYCERIDE_METABOLIC_PROCESS	GOBP_TRIGLYCERIDE_METABOLIC_PROCESS		87	0.8061693	1.716219	0.019444445	0.3512155	1.0	1240	tags=17%, list=8%, signal=19%	
GOBP_MICROTUBULE_NUCLEATION	GOBP_MICROTUBULE_NUCLEATION		47	0.8685898	1.7143507	0.010248902	0.3531768	1.0	546	tags=15%, list=3%, signal=15%	
GOBP_ANTIGEN_PROCESSING_AND_PRESENTATION_OF_PEPTIDE_ANTIGEN_VIA_MHC_CLASS_I	GOBP_ANTIGEN_PROCESSING_AND_PRESENTATION_OF_PEPTIDE_ANTIGEN_VIA_MHC_CLASS_I		24	0.9244505	1.7142326	0.0045801527	0.35117266	1.0	767	tags=50%, list=5%, signal=52%	
GOBP_PRODUCTION_OF_MOLECULAR_MEDIATOR_OF_IMMUNE_RESPONSE	GOBP_PRODUCTION_OF_MOLECULAR_MEDIATOR_OF_IMMUNE_RESPONSE		180	0.78698593	1.7140682	0.015277778	0.34928626	1.0	1003	tags=11%, list=6%, signal=11%	
GOBP_NEGATIVE_REGULATION_OF_SECRETION	GOBP_NEGATIVE_REGULATION_OF_SECRETION		142	0.7907006	1.7134165	0.0154061625	0.34837458	1.0	441	tags=8%, list=3%, signal=8%	
DURANTE_ADULT_OLFACTORY_NEUROEPITHELIUM_MACROPHAGES	DURANTE_ADULT_OLFACTORY_NEUROEPITHELIUM_MACROPHAGES		69	0.83976394	1.7126883	0.02245509	0.34787154	1.0	417	tags=25%, list=3%, signal=25%	
GOBP_KETONE_METABOLIC_PROCESS	GOBP_KETONE_METABOLIC_PROCESS		179	0.7831135	1.7120956	0.020775624	0.34705773	1.0	558	tags=4%, list=3%, signal=5%	
GOBP_REGULATION_OF_GRANULOCYTE_CHEMOTAXIS	GOBP_REGULATION_OF_GRANULOCYTE_CHEMOTAXIS		47	0.86378074	1.71166	0.020771513	0.34585747	1.0	527	tags=11%, list=3%, signal=11%	
GOBP_LEUKOCYTE_HOMEOSTASIS	GOBP_LEUKOCYTE_HOMEOSTASIS		117	0.81109464	1.7085304	0.018867925	0.3505516	1.0	1196	tags=21%, list=7%, signal=23%	
GOBP_NUCLEOTIDE_EXCISION_REPAIR	GOBP_NUCLEOTIDE_EXCISION_REPAIR		87	0.80047756	1.7078722	0.02170767	0.34991562	1.0	429	tags=6%, list=3%, signal=6%	
GOBP_REGULATION_OF_NEUTROPHIL_MIGRATION	GOBP_REGULATION_OF_NEUTROPHIL_MIGRATION		38	0.88717294	1.7055688	0.019847328	0.35298803	1.0	327	tags=8%, list=2%, signal=8%	
GOBP_POSITIVE_REGULATION_OF_DNA_RECOMBINATION	GOBP_POSITIVE_REGULATION_OF_DNA_RECOMBINATION		71	0.8255808	1.7044134	0.016224189	0.35356182	1.0	1129	tags=13%, list=7%, signal=14%	
GOBP_CEREBROSPINAL_FLUID_CIRCULATION	GOBP_CEREBROSPINAL_FLUID_CIRCULATION		15	0.9544945	1.7033474	0.00921659	0.3537814	1.0	31	tags=7%, list=0%, signal=7%	
GOBP_PROTEIN_TETRAMERIZATION	GOBP_PROTEIN_TETRAMERIZATION		89	0.8156438	1.7025099	0.024147727	0.35368142	1.0	747	tags=17%, list=5%, signal=18%	
GOBP_REGULATION_OF_LEUKOCYTE_PROLIFERATION	GOBP_REGULATION_OF_LEUKOCYTE_PROLIFERATION		226	0.7614535	1.7019136	0.01980198	0.35302618	1.0	650	tags=12%, list=4%, signal=13%	
GOBP_MONONUCLEAR_CELL_DIFFERENTIATION	GOBP_MONONUCLEAR_CELL_DIFFERENTIATION		497	0.74420506	1.7006265	0.033994336	0.3540325	1.0	1197	tags=20%, list=7%, signal=20%	
GOBP_REGULATION_OF_B_CELL_APOPTOTIC_PROCESS	GOBP_REGULATION_OF_B_CELL_APOPTOTIC_PROCESS		17	0.95682853	1.6998059	0.006369427	0.35379332	1.0	249	tags=12%, list=2%, signal=12%	
GOBP_REGULATION_OF_ALPHA_BETA_T_CELL_ACTIVATION	GOBP_REGULATION_OF_ALPHA_BETA_T_CELL_ACTIVATION		105	0.78039765	1.6997061	0.015804598	0.35192814	1.0	1248	tags=19%, list=8%, signal=20%	
GOBP_MYELOID_LEUKOCYTE_CYTOKINE_PRODUCTION	GOBP_MYELOID_LEUKOCYTE_CYTOKINE_PRODUCTION		28	0.90494496	1.6985515	0.0061068702	0.3524727	1.0	246	tags=7%, list=2%, signal=7%	
GOBP_REGULATION_OF_CELL_CELL_ADHESION	GOBP_REGULATION_OF_CELL_CELL_ADHESION		451	0.75821614	1.6984537	0.046854082	0.35061815	1.0	901	tags=14%, list=6%, signal=15%	
KEGG_SYSTEMIC_LUPUS_ERYTHEMATOSUS	KEGG_SYSTEMIC_LUPUS_ERYTHEMATOSUS		54	0.8482651	1.6979184	0.013719512	0.34977102	1.0	132	tags=15%, list=1%, signal=15%	
GOBP_ANTIMICROBIAL_HUMORAL_IMMUNE_RESPONSE_MEDIATED_BY_ANTIMICROBIAL_PEPTIDE	GOBP_ANTIMICROBIAL_HUMORAL_IMMUNE_RESPONSE_MEDIATED_BY_ANTIMICROBIAL_PEPTIDE		58	0.83781904	1.6971732	0.026627218	0.349543	1.0	265	tags=12%, list=2%, signal=12%	
GOBP_LEUKOCYTE_PROLIFERATION	GOBP_LEUKOCYTE_PROLIFERATION		291	0.75234103	1.6968329	0.021008404	0.34831098	1.0	1069	tags=17%, list=7%, signal=18%	
GOBP_POSITIVE_REGULATION_OF_B_CELL_MEDIATED_IMMUNITY	GOBP_POSITIVE_REGULATION_OF_B_CELL_MEDIATED_IMMUNITY		36	0.8861313	1.6967089	0.014836796	0.34661794	1.0	246	tags=8%, list=2%, signal=8%	
GOBP_REGULATION_OF_T_HELPER_CELL_DIFFERENTIATION	GOBP_REGULATION_OF_T_HELPER_CELL_DIFFERENTIATION		44	0.8489495	1.6962835	0.020771513	0.345567	1.0	895	tags=16%, list=6%, signal=17%	
GOBP_POSITIVE_REGULATION_OF_NEUTROPHIL_MIGRATION	GOBP_POSITIVE_REGULATION_OF_NEUTROPHIL_MIGRATION		29	0.89655095	1.6953472	0.008902078	0.34581986	1.0	1	tags=3%, list=0%, signal=3%	
GOBP_POSITIVE_REGULATION_OF_INTERLEUKIN_6_PRODUCTION	GOBP_POSITIVE_REGULATION_OF_INTERLEUKIN_6_PRODUCTION		88	0.8009264	1.6949316	0.030042918	0.3449541	1.0	872	tags=16%, list=5%, signal=17%	
GEMMA_GSE117758_CELL-TYPE_SPECIFIC_TRANSCRIPTIONAL_PROFILING_OF_GLUCOCORTICOID_RECEPTOR-DEPENDENT_CHANGES_IN_THE_NUCLEUS_ACCUMBENS_CELL_TYPE_TREATMENT_NEURON_DOWN	GEMMA_GSE117758_CELL-TYPE_SPECIFIC_TRANSCRIPTIONAL_PROFILING_OF_GLUCOCORTICOID_RECEPTOR-DEPENDENT_CHANGES_IN_THE_NUCLEUS_ACCUMBENS_CELL_TYPE_TREATMENT_NEURON_DOWN		29	0.8951277	1.6935561	0.010736196	0.34598288	1.0	108	tags=10%, list=1%, signal=10%	
GOBP_NEUTROPHIL_MIGRATION	GOBP_NEUTROPHIL_MIGRATION		90	0.79955244	1.6934261	0.026277373	0.34436595	1.0	361	tags=13%, list=2%, signal=14%	
GOBP_POSITIVE_REGULATION_OF_T_CELL_CYTOKINE_PRODUCTION	GOBP_POSITIVE_REGULATION_OF_T_CELL_CYTOKINE_PRODUCTION		26	0.8874126	1.6916507	0.013782542	0.34619874	1.0	7	tags=4%, list=0%, signal=4%	
GOBP_AMIDE_TRANSPORT	GOBP_AMIDE_TRANSPORT		270	0.76319706	1.6915897	0.02364395	0.34442306	1.0	864	tags=12%, list=5%, signal=12%	
GOBP_NOREPINEPHRINE_TRANSPORT	GOBP_NOREPINEPHRINE_TRANSPORT		16	0.95284605	1.691306	0.0063391444	0.34319538	1.0	3	tags=6%, list=0%, signal=6%	
GOBP_REGULATION_OF_NEUTROPHIL_CHEMOTAXIS	GOBP_REGULATION_OF_NEUTROPHIL_CHEMOTAXIS		29	0.8991806	1.6909602	0.012269938	0.3421365	1.0	1	tags=3%, list=0%, signal=3%	
GOBP_POSITIVE_REGULATION_OF_ACUTE_INFLAMMATORY_RESPONSE	GOBP_POSITIVE_REGULATION_OF_ACUTE_INFLAMMATORY_RESPONSE		21	0.92647237	1.6900717	0.0093896715	0.34228936	1.0	246	tags=14%, list=2%, signal=14%	
GOBP_POSITIVE_REGULATION_OF_LIPID_STORAGE	GOBP_POSITIVE_REGULATION_OF_LIPID_STORAGE		16	0.9538546	1.6900263	0.009803922	0.34057248	1.0	417	tags=38%, list=3%, signal=38%	
DESCARTES_FETAL_CEREBELLUM_MICROGLIA	DESCARTES_FETAL_CEREBELLUM_MICROGLIA		442	0.75500125	1.6898737	0.043115437	0.33913478	1.0	924	tags=18%, list=6%, signal=19%	
GOBP_INTRINSIC_APOPTOTIC_SIGNALING_PATHWAY_IN_RESPONSE_TO_DNA_DAMAGE_BY_P53_CLASS_MEDIATOR	GOBP_INTRINSIC_APOPTOTIC_SIGNALING_PATHWAY_IN_RESPONSE_TO_DNA_DAMAGE_BY_P53_CLASS_MEDIATOR		45	0.8528503	1.6894773	0.026745914	0.3382139	1.0	562	tags=13%, list=3%, signal=14%	
GOBP_REGULATION_OF_SYNAPTIC_VESICLE_ENDOCYTOSIS	GOBP_REGULATION_OF_SYNAPTIC_VESICLE_ENDOCYTOSIS		22	0.9079653	1.6867765	0.015479876	0.3424746	1.0	215	tags=18%, list=1%, signal=18%	
GOBP_POSITIVE_REGULATION_OF_STEM_CELL_POPULATION_MAINTENANCE	GOBP_POSITIVE_REGULATION_OF_STEM_CELL_POPULATION_MAINTENANCE		47	0.82911545	1.6866616	0.016200295	0.3409731	1.0	857	tags=15%, list=5%, signal=16%	
GOBP_POSITIVE_REGULATION_OF_REGULATORY_T_CELL_DIFFERENTIATION	GOBP_POSITIVE_REGULATION_OF_REGULATORY_T_CELL_DIFFERENTIATION		21	0.9198409	1.6856211	0.007739938	0.34130424	1.0	11	tags=10%, list=0%, signal=10%	
GOBP_REGULATION_OF_TYPE_2_IMMUNE_RESPONSE	GOBP_REGULATION_OF_TYPE_2_IMMUNE_RESPONSE		28	0.91103834	1.6853424	0.012345679	0.34002686	1.0	1	tags=4%, list=0%, signal=4%	
GOBP_REGULATION_OF_B_CELL_MEDIATED_IMMUNITY	GOBP_REGULATION_OF_B_CELL_MEDIATED_IMMUNITY		51	0.83300966	1.6850653	0.017518248	0.33887735	1.0	246	tags=8%, list=2%, signal=8%	
GOBP_POSITIVE_REGULATION_OF_CD4_POSITIVE_ALPHA_BETA_T_CELL_ACTIVATION	GOBP_POSITIVE_REGULATION_OF_CD4_POSITIVE_ALPHA_BETA_T_CELL_ACTIVATION		42	0.88055146	1.6848646	0.010971786	0.33753422	1.0	895	tags=21%, list=6%, signal=23%	
"GEMMA_GSE8641_RNF41_IS_ASSOCIATED_WITH_ANXIETY_LIKE_BEHAVIOR,_MAJOR_DEPRESSION_AND_BETA_CARBOLINE_INDUCED_SEIZURE_-_GPL340_STRAINORLINE_C57BL.6_DOWN"	"GEMMA_GSE8641_RNF41_IS_ASSOCIATED_WITH_ANXIETY_LIKE_BEHAVIOR,_MAJOR_DEPRESSION_AND_BETA_CARBOLINE_INDUCED_SEIZURE_-_GPL340_STRAINORLINE_C57BL.6_DOWN"		27	0.89123106	1.6845552	0.012102874	0.3364547	1.0	563	tags=19%, list=3%, signal=19%	
GOBP_SENSORY_PERCEPTION_OF_CHEMICAL_STIMULUS	GOBP_SENSORY_PERCEPTION_OF_CHEMICAL_STIMULUS		52	0.84184986	1.6834756	0.013473053	0.337263	1.0	7	tags=2%, list=0%, signal=2%	
GOBP_DENDRITIC_CELL_ANTIGEN_PROCESSING_AND_PRESENTATION	GOBP_DENDRITIC_CELL_ANTIGEN_PROCESSING_AND_PRESENTATION		15	0.969776	1.6832118	0.0016611295	0.3360149	1.0	95	tags=33%, list=1%, signal=33%	
GOBP_NEUTROPHIL_CHEMOTAXIS	GOBP_NEUTROPHIL_CHEMOTAXIS		74	0.81259924	1.6831752	0.02074074	0.33440495	1.0	327	tags=14%, list=2%, signal=14%	
GOBP_PROTEIN_HOMOTETRAMERIZATION	GOBP_PROTEIN_HOMOTETRAMERIZATION		56	0.82442445	1.6824081	0.023988007	0.33444628	1.0	356	tags=16%, list=2%, signal=16%	
GOBP_ALPHA_BETA_T_CELL_ACTIVATION	GOBP_ALPHA_BETA_T_CELL_ACTIVATION		192	0.7472593	1.6810415	0.012465374	0.33550015	1.0	1904	tags=30%, list=12%, signal=33%	
HU_FETAL_RETINA_MICROGLIA	HU_FETAL_RETINA_MICROGLIA		340	0.7534121	1.6804355	0.03739612	0.33504218	1.0	972	tags=30%, list=6%, signal=31%	
GOBP_POSITIVE_REGULATION_OF_LIPID_LOCALIZATION	GOBP_POSITIVE_REGULATION_OF_LIPID_LOCALIZATION		85	0.81853867	1.6796441	0.021337127	0.33508185	1.0	417	tags=11%, list=3%, signal=11%	
GOBP_REGULATION_OF_DOUBLE_STRAND_BREAK_REPAIR_VIA_HOMOLOGOUS_RECOMBINATION	GOBP_REGULATION_OF_DOUBLE_STRAND_BREAK_REPAIR_VIA_HOMOLOGOUS_RECOMBINATION		78	0.8039748	1.677873	0.012640449	0.33714026	1.0	841	tags=8%, list=5%, signal=8%	
GOBP_MACROPHAGE_CYTOKINE_PRODUCTION	GOBP_MACROPHAGE_CYTOKINE_PRODUCTION		16	0.9459128	1.6776724	0.009508716	0.33591974	1.0	1	tags=6%, list=0%, signal=6%	
KEGG_MEDICUS_REFERENCE_EGF_EGFR_ACTIN_SIGNALING_PATHWAY	KEGG_MEDICUS_REFERENCE_EGF_EGFR_ACTIN_SIGNALING_PATHWAY		21	0.89296985	1.6776721	0.020667726	0.33428907	1.0	457	tags=24%, list=3%, signal=24%	
GOBP_POSITIVE_REGULATION_OF_G_PROTEIN_COUPLED_RECEPTOR_SIGNALING_PATHWAY	GOBP_POSITIVE_REGULATION_OF_G_PROTEIN_COUPLED_RECEPTOR_SIGNALING_PATHWAY		34	0.8684704	1.6776576	0.024169184	0.33271217	1.0	254	tags=12%, list=2%, signal=12%	
GOBP_MULTICELLULAR_ORGANISMAL_LEVEL_IRON_ION_HOMEOSTASIS	GOBP_MULTICELLULAR_ORGANISMAL_LEVEL_IRON_ION_HOMEOSTASIS		24	0.8989239	1.6771703	0.010719755	0.3321693	1.0	20	tags=8%, list=0%, signal=8%	
GOBP_POSITIVE_REGULATION_OF_FATTY_ACID_BIOSYNTHETIC_PROCESS	GOBP_POSITIVE_REGULATION_OF_FATTY_ACID_BIOSYNTHETIC_PROCESS		19	0.930587	1.6746744	0.00949367	0.33559623	1.0	1	tags=5%, list=0%, signal=5%	
GOBP_NEUTRAL_LIPID_BIOSYNTHETIC_PROCESS	GOBP_NEUTRAL_LIPID_BIOSYNTHETIC_PROCESS		42	0.8511467	1.6734388	0.018099548	0.33657834	1.0	558	tags=7%, list=3%, signal=7%	
GOBP_POSITIVE_REGULATION_OF_FIBROBLAST_PROLIFERATION	GOBP_POSITIVE_REGULATION_OF_FIBROBLAST_PROLIFERATION		46	0.83966017	1.6731528	0.013719512	0.33556467	1.0	1	tags=2%, list=0%, signal=2%	
GOBP_PEPTIDE_TRANSPORT	GOBP_PEPTIDE_TRANSPORT		235	0.7544692	1.6715466	0.027737226	0.337496	1.0	910	tags=13%, list=6%, signal=13%	
GOBP_REGULATORY_T_CELL_DIFFERENTIATION	GOBP_REGULATORY_T_CELL_DIFFERENTIATION		56	0.8261281	1.6702343	0.027696794	0.33872306	1.0	650	tags=13%, list=4%, signal=13%	
DURANTE_ADULT_OLFACTORY_NEUROEPITHELIUM_MONOCYTES	DURANTE_ADULT_OLFACTORY_NEUROEPITHELIUM_MONOCYTES		27	0.8904165	1.6691376	0.014610389	0.33934343	1.0	11	tags=19%, list=0%, signal=19%	
GOBP_REGULATION_OF_NUCLEOTIDE_EXCISION_REPAIR	GOBP_REGULATION_OF_NUCLEOTIDE_EXCISION_REPAIR		29	0.8807119	1.6679553	0.016819572	0.34022966	1.0	429	tags=14%, list=3%, signal=14%	
GOBP_PROTEIN_COMPLEX_OLIGOMERIZATION	GOBP_PROTEIN_COMPLEX_OLIGOMERIZATION		256	0.7611889	1.6672975	0.028965518	0.34025106	1.0	948	tags=13%, list=6%, signal=14%	
DESCARTES_FETAL_EYE_MICROGLIA	DESCARTES_FETAL_EYE_MICROGLIA		127	0.7634143	1.6655312	0.022889843	0.3422853	1.0	1248	tags=32%, list=8%, signal=35%	
DROPVIZ_HC_ASTROCYTE_GJA1_CLUSTER-MARKERS.CSV	DROPVIZ_HC_ASTROCYTE_GJA1_CLUSTER-MARKERS.CSV		120	0.7611222	1.6645137	0.024602026	0.34305957	1.0	1218	tags=28%, list=7%, signal=30%	
GOBP_ERK1_AND_ERK2_CASCADE	GOBP_ERK1_AND_ERK2_CASCADE		275	0.7392119	1.6643103	0.01923077	0.34195647	1.0	552	tags=11%, list=3%, signal=11%	
GOBP_REGULATION_OF_TRIGLYCERIDE_BIOSYNTHETIC_PROCESS	GOBP_REGULATION_OF_TRIGLYCERIDE_BIOSYNTHETIC_PROCESS		19	0.9089696	1.6639735	0.0192	0.3410504	1.0	5	tags=5%, list=0%, signal=5%	
GOBP_REGULATION_OF_DNA_DAMAGE_RESPONSE_SIGNAL_TRANSDUCTION_BY_P53_CLASS_MEDIATOR	GOBP_REGULATION_OF_DNA_DAMAGE_RESPONSE_SIGNAL_TRANSDUCTION_BY_P53_CLASS_MEDIATOR		35	0.86679786	1.663474	0.0128410915	0.34059054	1.0	216	tags=9%, list=1%, signal=9%	
GOBP_REGULATION_OF_CELL_KILLING	GOBP_REGULATION_OF_CELL_KILLING		83	0.79069334	1.6628884	0.025073746	0.3401013	1.0	660	tags=16%, list=4%, signal=16%	
"GEMMA_GSE8641_RNF41_IS_ASSOCIATED_WITH_ANXIETY_LIKE_BEHAVIOR,_MAJOR_DEPRESSION_AND_BETA_CARBOLINE_INDUCED_SEIZURE_-_GPL339_STRAINORLINE_C57BL.6_DOWN"	"GEMMA_GSE8641_RNF41_IS_ASSOCIATED_WITH_ANXIETY_LIKE_BEHAVIOR,_MAJOR_DEPRESSION_AND_BETA_CARBOLINE_INDUCED_SEIZURE_-_GPL339_STRAINORLINE_C57BL.6_DOWN"		27	0.89123106	1.6624657	0.020667726	0.33950156	1.0	563	tags=19%, list=3%, signal=19%	
GOBP_NEUTRAL_LIPID_METABOLIC_PROCESS	GOBP_NEUTRAL_LIPID_METABOLIC_PROCESS		111	0.7740516	1.6616673	0.026470589	0.33966434	1.0	1240	tags=15%, list=8%, signal=16%	
GOBP_GRANULOCYTE_MIGRATION	GOBP_GRANULOCYTE_MIGRATION		121	0.7665593	1.659574	0.037845705	0.34239346	1.0	527	tags=12%, list=3%, signal=13%	
GOBP_POSITIVE_REGULATION_OF_RESPONSE_TO_TUMOR_CELL	GOBP_POSITIVE_REGULATION_OF_RESPONSE_TO_TUMOR_CELL		15	0.95804447	1.6579561	0.0032310179	0.3443667	1.0	133	tags=13%, list=1%, signal=13%	
GOBP_INTRINSIC_APOPTOTIC_SIGNALING_PATHWAY_BY_P53_CLASS_MEDIATOR	GOBP_INTRINSIC_APOPTOTIC_SIGNALING_PATHWAY_BY_P53_CLASS_MEDIATOR		80	0.78341824	1.6571689	0.027377522	0.3445832	1.0	562	tags=9%, list=3%, signal=9%	
GOBP_POSITIVE_REGULATION_OF_DOUBLE_STRAND_BREAK_REPAIR	GOBP_POSITIVE_REGULATION_OF_DOUBLE_STRAND_BREAK_REPAIR		94	0.7913113	1.6564473	0.02642559	0.3446667	1.0	1589	tags=19%, list=10%, signal=21%	
MICROGLIA_ALL_DARMANIS_PNAS_2015	MICROGLIA_ALL_DARMANIS_PNAS_2015		20	0.91057926	1.6523638	0.014106583	0.35180482	1.0	119	tags=25%, list=1%, signal=25%	
GOBP_NEGATIVE_REGULATION_OF_CELL_CELL_ADHESION	GOBP_NEGATIVE_REGULATION_OF_CELL_CELL_ADHESION		186	0.7536329	1.6521597	0.034246575	0.35067275	1.0	650	tags=10%, list=4%, signal=10%	
GOBP_POSITIVE_REGULATION_OF_ENDOCYTOSIS	GOBP_POSITIVE_REGULATION_OF_ENDOCYTOSIS		138	0.773479	1.6518322	0.024745269	0.3498594	1.0	756	tags=17%, list=5%, signal=18%	
GOBP_MYELOID_LEUKOCYTE_MEDIATED_IMMUNITY	GOBP_MYELOID_LEUKOCYTE_MEDIATED_IMMUNITY		100	0.7885298	1.6512166	0.027298851	0.3497073	1.0	1234	tags=23%, list=8%, signal=25%	
GOBP_INTERMEDIATE_FILAMENT_ORGANIZATION	GOBP_INTERMEDIATE_FILAMENT_ORGANIZATION		37	0.85360295	1.6500686	0.02835821	0.35062304	1.0	1167	tags=19%, list=7%, signal=20%	
GOBP_MACROPHAGE_ACTIVATION	GOBP_MACROPHAGE_ACTIVATION		102	0.78367656	1.6482626	0.023323616	0.35282296	1.0	504	tags=14%, list=3%, signal=14%	
GOBP_CHEMOKINE_PRODUCTION	GOBP_CHEMOKINE_PRODUCTION		77	0.79053235	1.6480343	0.023121387	0.3518289	1.0	477	tags=10%, list=3%, signal=11%	
GOBP_ADENYLATE_CYCLASE_INHIBITING_G_PROTEIN_COUPLED_RECEPTOR_SIGNALING_PATHWAY	GOBP_ADENYLATE_CYCLASE_INHIBITING_G_PROTEIN_COUPLED_RECEPTOR_SIGNALING_PATHWAY		84	0.7835591	1.647975	0.027941177	0.3504703	1.0	441	tags=7%, list=3%, signal=7%	
KEGG_CELL_ADHESION_MOLECULES_CAMS	KEGG_CELL_ADHESION_MOLECULES_CAMS		108	0.75812656	1.6472977	0.022922637	0.35038924	1.0	671	tags=18%, list=4%, signal=18%	
GOBP_INFLAMMATORY_RESPONSE_TO_ANTIGENIC_STIMULUS	GOBP_INFLAMMATORY_RESPONSE_TO_ANTIGENIC_STIMULUS		65	0.8009096	1.647245	0.03357664	0.34899226	1.0	663	tags=22%, list=4%, signal=22%	
GOBP_AMYLOID_BETA_CLEARANCE	GOBP_AMYLOID_BETA_CLEARANCE		37	0.8398342	1.6472149	0.020186335	0.34756473	1.0	417	tags=22%, list=3%, signal=22%	
GOBP_REGULATION_OF_CD4_POSITIVE_ALPHA_BETA_T_CELL_ACTIVATION	GOBP_REGULATION_OF_CD4_POSITIVE_ALPHA_BETA_T_CELL_ACTIVATION		69	0.8022391	1.6471609	0.032305434	0.34624165	1.0	1248	tags=17%, list=8%, signal=19%	
GOBP_REGULATION_OF_LIPID_METABOLIC_PROCESS	GOBP_REGULATION_OF_LIPID_METABOLIC_PROCESS		281	0.7428172	1.6450499	0.027359782	0.34903812	1.0	1292	tags=15%, list=8%, signal=16%	
GOBP_REGULATION_OF_CD4_POSITIVE_ALPHA_BETA_T_CELL_DIFFERENTIATION	GOBP_REGULATION_OF_CD4_POSITIVE_ALPHA_BETA_T_CELL_DIFFERENTIATION		57	0.81985354	1.6440786	0.027950311	0.34944397	1.0	1248	tags=19%, list=8%, signal=21%	
GOBP_REGULATION_OF_ALPHA_BETA_T_CELL_DIFFERENTIATION	GOBP_REGULATION_OF_ALPHA_BETA_T_CELL_DIFFERENTIATION		73	0.80951643	1.6433883	0.030487806	0.34942102	1.0	1248	tags=21%, list=8%, signal=22%	
GOBP_REGULATION_OF_ENDOCYTOSIS	GOBP_REGULATION_OF_ENDOCYTOSIS		280	0.73663425	1.6430833	0.026027398	0.3485958	1.0	1108	tags=18%, list=7%, signal=19%	
GOBP_REGULATION_OF_NATURAL_KILLER_CELL_MEDIATED_IMMUNITY	GOBP_REGULATION_OF_NATURAL_KILLER_CELL_MEDIATED_IMMUNITY		46	0.8263921	1.642753	0.02283105	0.34791934	1.0	660	tags=13%, list=4%, signal=14%	
GOBP_G0_TO_G1_TRANSITION	GOBP_G0_TO_G1_TRANSITION		38	0.85051036	1.6426587	0.028657617	0.3466501	1.0	429	tags=11%, list=3%, signal=11%	
GEMMA_GSE117758_CELL-TYPE_SPECIFIC_TRANSCRIPTIONAL_PROFILING_OF_GLUCOCORTICOID_RECEPTOR-DEPENDENT_CHANGES_IN_THE_NUCLEUS_ACCUMBENS_CELL_TYPE_TREATMENT_DEXAMETHASONE_UP	GEMMA_GSE117758_CELL-TYPE_SPECIFIC_TRANSCRIPTIONAL_PROFILING_OF_GLUCOCORTICOID_RECEPTOR-DEPENDENT_CHANGES_IN_THE_NUCLEUS_ACCUMBENS_CELL_TYPE_TREATMENT_DEXAMETHASONE_UP		44	0.8426808	1.6420652	0.03081664	0.34655547	1.0	108	tags=7%, list=1%, signal=7%	
GOBP_POSITIVE_REGULATION_OF_MYOBLAST_DIFFERENTIATION	GOBP_POSITIVE_REGULATION_OF_MYOBLAST_DIFFERENTIATION		41	0.8346714	1.6420422	0.01826484	0.3452252	1.0	571	tags=20%, list=4%, signal=20%	
GOBP_REGULATION_OF_SMALL_MOLECULE_METABOLIC_PROCESS	GOBP_REGULATION_OF_SMALL_MOLECULE_METABOLIC_PROCESS		285	0.72615045	1.6415474	0.027063599	0.34501517	1.0	1381	tags=18%, list=8%, signal=19%	
GOBP_POSITIVE_REGULATION_OF_GRANULOCYTE_CHEMOTAXIS	GOBP_POSITIVE_REGULATION_OF_GRANULOCYTE_CHEMOTAXIS		23	0.9042951	1.6389575	0.01627219	0.34880012	1.0	1	tags=4%, list=0%, signal=4%	
GOBP_AMYLOID_FIBRIL_FORMATION	GOBP_AMYLOID_FIBRIL_FORMATION		37	0.8500304	1.6389517	0.02782071	0.3474149	1.0	313	tags=16%, list=2%, signal=16%	
GOBP_POSITIVE_CHEMOTAXIS	GOBP_POSITIVE_CHEMOTAXIS		56	0.8088909	1.6385701	0.02519685	0.34682423	1.0	378	tags=16%, list=2%, signal=16%	
GOBP_REGULATION_OF_ACUTE_INFLAMMATORY_RESPONSE	GOBP_REGULATION_OF_ACUTE_INFLAMMATORY_RESPONSE		37	0.84689957	1.6360865	0.015797788	0.35057515	1.0	803	tags=19%, list=5%, signal=20%	
GOBP_NEGATIVE_REGULATION_OF_STEROID_BIOSYNTHETIC_PROCESS	GOBP_NEGATIVE_REGULATION_OF_STEROID_BIOSYNTHETIC_PROCESS		22	0.87063307	1.6356912	0.017571885	0.35002446	1.0	1152	tags=23%, list=7%, signal=24%	
KEGG_MEDICUS_PATHOGEN_SHIGELLA_IPGD_TO_ARNO_ARF_ACTB_G_SIGNALING_PATHWAY	KEGG_MEDICUS_PATHOGEN_SHIGELLA_IPGD_TO_ARNO_ARF_ACTB_G_SIGNALING_PATHWAY		29	0.85389405	1.6355654	0.027906977	0.3488791	1.0	389	tags=21%, list=2%, signal=21%	
FAN_EMBRYONIC_CTX_BRAIN_EFFECTOR_T_CELL	FAN_EMBRYONIC_CTX_BRAIN_EFFECTOR_T_CELL		109	0.7676396	1.635266	0.02586207	0.3481034	1.0	742	tags=24%, list=5%, signal=25%	
GOBP_REGULATION_OF_HEMOPOIESIS	GOBP_REGULATION_OF_HEMOPOIESIS		373	0.7233385	1.6350062	0.028493894	0.3472952	1.0	992	tags=16%, list=6%, signal=16%	
GOBP_ALPHA_BETA_T_CELL_DIFFERENTIATION	GOBP_ALPHA_BETA_T_CELL_DIFFERENTIATION		139	0.76008296	1.6334376	0.024926687	0.34912255	1.0	1248	tags=22%, list=8%, signal=23%	
KEGG_MEDICUS_REFERENCE_ADRB3_UCP1_SIGNALING_PATHWAY	KEGG_MEDICUS_REFERENCE_ADRB3_UCP1_SIGNALING_PATHWAY		32	0.8510255	1.6332443	0.036392406	0.34816152	1.0	857	tags=28%, list=5%, signal=30%	
GOBP_POSITIVE_REGULATION_OF_INFLAMMASOME_MEDIATED_SIGNALING_PATHWAY	GOBP_POSITIVE_REGULATION_OF_INFLAMMASOME_MEDIATED_SIGNALING_PATHWAY		28	0.85989386	1.6303755	0.018461538	0.35251212	1.0	773	tags=18%, list=5%, signal=19%	
GOBP_NEGATIVE_REGULATION_OF_INNATE_IMMUNE_RESPONSE	GOBP_NEGATIVE_REGULATION_OF_INNATE_IMMUNE_RESPONSE		85	0.7898711	1.6296462	0.031383738	0.35259262	1.0	1009	tags=27%, list=6%, signal=29%	
GOBP_CD4_POSITIVE_ALPHA_BETA_T_CELL_ACTIVATION	GOBP_CD4_POSITIVE_ALPHA_BETA_T_CELL_ACTIVATION		130	0.751722	1.6291018	0.020028612	0.35220888	1.0	1248	tags=22%, list=8%, signal=23%	
GOBP_NEGATIVE_REGULATION_OF_STEROID_METABOLIC_PROCESS	GOBP_NEGATIVE_REGULATION_OF_STEROID_METABOLIC_PROCESS		25	0.85981053	1.629096	0.026153846	0.35089508	1.0	1152	tags=24%, list=7%, signal=26%	
GOBP_MAINTENANCE_OF_BLOOD_BRAIN_BARRIER	GOBP_MAINTENANCE_OF_BLOOD_BRAIN_BARRIER		35	0.84348965	1.628237	0.027607363	0.35120547	1.0	411	tags=14%, list=3%, signal=15%	
GOBP_MYOBLAST_DIFFERENTIATION	GOBP_MYOBLAST_DIFFERENTIATION		94	0.7702829	1.6280121	0.028860029	0.35036352	1.0	1197	tags=21%, list=7%, signal=23%	
GOBP_REGULATION_OF_SYNAPTIC_VESICLE_RECYCLING	GOBP_REGULATION_OF_SYNAPTIC_VESICLE_RECYCLING		27	0.89383125	1.6259782	0.02173913	0.3533	1.0	215	tags=15%, list=1%, signal=15%	
GOBP_SIGNAL_TRANSDUCTION_IN_RESPONSE_TO_DNA_DAMAGE	GOBP_SIGNAL_TRANSDUCTION_IN_RESPONSE_TO_DNA_DAMAGE		196	0.74648494	1.6251785	0.02173913	0.353595	1.0	562	tags=7%, list=3%, signal=7%	
GOBP_POSITIVE_REGULATION_OF_INFLAMMATORY_RESPONSE	GOBP_POSITIVE_REGULATION_OF_INFLAMMATORY_RESPONSE		149	0.7402397	1.6248332	0.02894356	0.35292926	1.0	1424	tags=20%, list=9%, signal=22%	
KEGG_MEDICUS_PATHOGEN_SALMONELLA_SOPE_TO_RAC_SIGNALING_PATHWAY	KEGG_MEDICUS_PATHOGEN_SALMONELLA_SOPE_TO_RAC_SIGNALING_PATHWAY		20	0.89450675	1.6243494	0.021001615	0.35253304	1.0	389	tags=25%, list=2%, signal=26%	
GOBP_PHAGOCYTOSIS_ENGULFMENT	GOBP_PHAGOCYTOSIS_ENGULFMENT		45	0.80812335	1.6240196	0.020926757	0.35192567	1.0	751	tags=20%, list=5%, signal=21%	
GOBP_REGULATION_OF_LIPID_STORAGE	GOBP_REGULATION_OF_LIPID_STORAGE		37	0.835366	1.6223716	0.015243903	0.35404977	1.0	417	tags=16%, list=3%, signal=17%	
GOBP_POSITIVE_REGULATION_OF_CELL_ADHESION	GOBP_POSITIVE_REGULATION_OF_CELL_ADHESION		437	0.71600354	1.6213053	0.032967035	0.35483882	1.0	1205	tags=18%, list=7%, signal=19%	
GOBP_SENSORY_PERCEPTION_OF_SMELL	GOBP_SENSORY_PERCEPTION_OF_SMELL		27	0.885688	1.6208847	0.028213166	0.35447353	1.0	7	tags=4%, list=0%, signal=4%	
GOBP_T_CELL_DIFFERENTIATION_INVOLVED_IN_IMMUNE_RESPONSE	GOBP_T_CELL_DIFFERENTIATION_INVOLVED_IN_IMMUNE_RESPONSE		104	0.7769589	1.6205562	0.03142857	0.35378963	1.0	1125	tags=20%, list=7%, signal=22%	
GOBP_REGULATION_OF_MYELOID_CELL_DIFFERENTIATION	GOBP_REGULATION_OF_MYELOID_CELL_DIFFERENTIATION		177	0.7503548	1.6203707	0.040638607	0.35293293	1.0	438	tags=8%, list=3%, signal=9%	
RHEIN_ALL_GLUCOCORTICOID_THERAPY_UP	RHEIN_ALL_GLUCOCORTICOID_THERAPY_UP		59	0.79652697	1.6202604	0.026509574	0.3518646	1.0	382	tags=10%, list=2%, signal=10%	
DESCARTES_FETAL_EYE_ASTROCYTES	DESCARTES_FETAL_EYE_ASTROCYTES		24	0.8894909	1.620168	0.019431988	0.3507552	1.0	224	tags=17%, list=1%, signal=17%	
GOBP_ACUTE_INFLAMMATORY_RESPONSE_TO_ANTIGENIC_STIMULUS	GOBP_ACUTE_INFLAMMATORY_RESPONSE_TO_ANTIGENIC_STIMULUS		19	0.8952375	1.6188135	0.01255887	0.35215828	1.0	650	tags=26%, list=4%, signal=27%	
GOBP_REGULATION_OF_MYOBLAST_DIFFERENTIATION	GOBP_REGULATION_OF_MYOBLAST_DIFFERENTIATION		65	0.78914934	1.618042	0.029761905	0.3524784	1.0	571	tags=15%, list=4%, signal=16%	
GOBP_RESPONSE_TO_PROTOZOAN	GOBP_RESPONSE_TO_PROTOZOAN		24	0.86716706	1.6176629	0.030015798	0.35192952	1.0	1033	tags=33%, list=6%, signal=36%	
GOBP_STEROID_CATABOLIC_PROCESS	GOBP_STEROID_CATABOLIC_PROCESS		18	0.89735794	1.6174784	0.014018691	0.3510501	1.0	941	tags=22%, list=6%, signal=24%	
KEGG_MEDICUS_REFERENCE_TIGHT_JUNCTION_ACTIN_SIGNALING_PATHWAY	KEGG_MEDICUS_REFERENCE_TIGHT_JUNCTION_ACTIN_SIGNALING_PATHWAY		23	0.8723617	1.6174583	0.026397515	0.34987628	1.0	389	tags=17%, list=2%, signal=18%	
GOBP_ANTIGEN_RECEPTOR_MEDIATED_SIGNALING_PATHWAY	GOBP_ANTIGEN_RECEPTOR_MEDIATED_SIGNALING_PATHWAY		180	0.74742585	1.6166644	0.0313779	0.35012475	1.0	1378	tags=23%, list=8%, signal=25%	
PARK_2011_COEXPRESSION_HIPPOCAMPUS_MOUSE_CYAN	PARK_2011_COEXPRESSION_HIPPOCAMPUS_MOUSE_CYAN		151	0.75254834	1.616556	0.034334764	0.3491392	1.0	2027	tags=32%, list=12%, signal=36%	
KEGG_MEDICUS_PATHOGEN_ESCHERICHIA_EAE_TIR_TO_ACTIN_SIGNALING_PATHWAY	KEGG_MEDICUS_PATHOGEN_ESCHERICHIA_EAE_TIR_TO_ACTIN_SIGNALING_PATHWAY		17	0.90887934	1.6163634	0.018897638	0.34829035	1.0	457	tags=29%, list=3%, signal=30%	
GOBP_REGULATION_OF_SISTER_CHROMATID_SEGREGATION	GOBP_REGULATION_OF_SISTER_CHROMATID_SEGREGATION		113	0.7429183	1.6161627	0.034285713	0.34753287	1.0	1558	tags=19%, list=10%, signal=20%	
GOBP_NEGATIVE_REGULATION_OF_CELL_ACTIVATION	GOBP_NEGATIVE_REGULATION_OF_CELL_ACTIVATION		207	0.7318984	1.6157364	0.023415977	0.34717697	1.0	901	tags=12%, list=6%, signal=13%	
GOBP_T_CELL_RECEPTOR_SIGNALING_PATHWAY	GOBP_T_CELL_RECEPTOR_SIGNALING_PATHWAY		136	0.75943655	1.6152505	0.032697547	0.3469356	1.0	1378	tags=22%, list=8%, signal=24%	
GOBP_REGULATION_OF_LEUKOCYTE_CHEMOTAXIS	GOBP_REGULATION_OF_LEUKOCYTE_CHEMOTAXIS		112	0.74807787	1.615158	0.028694404	0.34587407	1.0	636	tags=13%, list=4%, signal=13%	
GOBP_POSITIVE_REGULATION_OF_MYELOID_LEUKOCYTE_MEDIATED_IMMUNITY	GOBP_POSITIVE_REGULATION_OF_MYELOID_LEUKOCYTE_MEDIATED_IMMUNITY		19	0.87972325	1.615111	0.018691588	0.34476984	1.0	564	tags=21%, list=3%, signal=22%	
YAO_HOXA10_TARGETS_VIA_PROGESTERONE_UP	YAO_HOXA10_TARGETS_VIA_PROGESTERONE_UP		57	0.8004291	1.6149486	0.029717682	0.34393844	1.0	544	tags=12%, list=3%, signal=13%	
GOBP_PROTEIN_LOCALIZATION_TO_CELL_CELL_JUNCTION	GOBP_PROTEIN_LOCALIZATION_TO_CELL_CELL_JUNCTION		26	0.8524749	1.6137307	0.025518341	0.34517893	1.0	366	tags=15%, list=2%, signal=16%	
GOBP_REGULATION_OF_DOUBLE_STRAND_BREAK_REPAIR	GOBP_REGULATION_OF_DOUBLE_STRAND_BREAK_REPAIR		141	0.7419932	1.6134461	0.015647227	0.34454152	1.0	1589	tags=15%, list=10%, signal=16%	
ASTROCYTE_ALL_CAHOY_JNEURO_2008	ASTROCYTE_ALL_CAHOY_JNEURO_2008		56	0.8046961	1.6128063	0.028735632	0.34453744	1.0	1885	tags=41%, list=12%, signal=46%	
GOBP_PYRIDINE_CONTAINING_COMPOUND_METABOLIC_PROCESS	GOBP_PYRIDINE_CONTAINING_COMPOUND_METABOLIC_PROCESS		162	0.74704564	1.6124585	0.027777778	0.34406933	1.0	1775	tags=33%, list=11%, signal=37%	
GOBP_INTERLEUKIN_6_PRODUCTION	GOBP_INTERLEUKIN_6_PRODUCTION		130	0.74856365	1.6102644	0.035511363	0.34728366	1.0	1069	tags=18%, list=7%, signal=19%	
KEGG_MEDICUS_REFERENCE_ARNO_ARF_ACTB_G_SIGNALING_PATHWAY	KEGG_MEDICUS_REFERENCE_ARNO_ARF_ACTB_G_SIGNALING_PATHWAY		25	0.8725602	1.6096512	0.027113238	0.34727344	1.0	389	tags=20%, list=2%, signal=20%	
GOBP_REGULATION_OF_MYELOID_LEUKOCYTE_DIFFERENTIATION	GOBP_REGULATION_OF_MYELOID_LEUKOCYTE_DIFFERENTIATION		108	0.75897753	1.6092721	0.031944446	0.3468376	1.0	438	tags=6%, list=3%, signal=6%	
GOBP_CYTOKINE_MEDIATED_SIGNALING_PATHWAY	GOBP_CYTOKINE_MEDIATED_SIGNALING_PATHWAY		439	0.7226519	1.6092502	0.046195652	0.34572223	1.0	1196	tags=18%, list=7%, signal=19%	
GOBP_T_CELL_MEDIATED_IMMUNE_RESPONSE_TO_TUMOR_CELL	GOBP_T_CELL_MEDIATED_IMMUNE_RESPONSE_TO_TUMOR_CELL		18	0.8876495	1.6091174	0.01857585	0.3448229	1.0	133	tags=11%, list=1%, signal=11%	
GOBP_T_CELL_CYTOKINE_PRODUCTION	GOBP_T_CELL_CYTOKINE_PRODUCTION		37	0.8262031	1.6088883	0.028346457	0.34406605	1.0	7	tags=3%, list=0%, signal=3%	
GOBP_REGULATION_OF_INTRINSIC_APOPTOTIC_SIGNALING_PATHWAY_IN_RESPONSE_TO_DNA_DAMAGE_BY_P53_CLASS_MEDIATOR	GOBP_REGULATION_OF_INTRINSIC_APOPTOTIC_SIGNALING_PATHWAY_IN_RESPONSE_TO_DNA_DAMAGE_BY_P53_CLASS_MEDIATOR		17	0.9033002	1.6082441	0.021875	0.34425208	1.0	110	tags=12%, list=1%, signal=12%	
GOBP_IMMUNE_RESPONSE_REGULATING_CELL_SURFACE_RECEPTOR_SIGNALING_PATHWAY	GOBP_IMMUNE_RESPONSE_REGULATING_CELL_SURFACE_RECEPTOR_SIGNALING_PATHWAY		317	0.7170768	1.6073269	0.029411765	0.34487727	1.0	1472	tags=24%, list=9%, signal=26%	
GOBP_PYRIDINE_CONTAINING_COMPOUND_CATABOLIC_PROCESS	GOBP_PYRIDINE_CONTAINING_COMPOUND_CATABOLIC_PROCESS		95	0.76788133	1.6068598	0.027900146	0.34467798	1.0	1107	tags=32%, list=7%, signal=34%	
DESCARTES_FETAL_CEREBELLUM_ASTROCYTES	DESCARTES_FETAL_CEREBELLUM_ASTROCYTES		92	0.7645472	1.6065328	0.043026708	0.34416604	1.0	456	tags=9%, list=3%, signal=9%	
GOBP_INTRINSIC_APOPTOTIC_SIGNALING_PATHWAY_IN_RESPONSE_TO_DNA_DAMAGE	GOBP_INTRINSIC_APOPTOTIC_SIGNALING_PATHWAY_IN_RESPONSE_TO_DNA_DAMAGE		110	0.7393158	1.6057891	0.033189032	0.34440884	1.0	443	tags=7%, list=3%, signal=7%	
GOBP_NEGATIVE_REGULATION_OF_T_CELL_PROLIFERATION	GOBP_NEGATIVE_REGULATION_OF_T_CELL_PROLIFERATION		65	0.7643697	1.6054995	0.03529412	0.34383518	1.0	992	tags=14%, list=6%, signal=15%	
GOBP_POSITIVE_REGULATION_OF_CYTOKINE_PRODUCTION	GOBP_POSITIVE_REGULATION_OF_CYTOKINE_PRODUCTION		429	0.7255276	1.6053233	0.04278075	0.3431165	1.0	1199	tags=20%, list=7%, signal=21%	
GOBP_REGULATION_OF_LEUKOCYTE_DIFFERENTIATION	GOBP_REGULATION_OF_LEUKOCYTE_DIFFERENTIATION		304	0.73577416	1.6049134	0.038620688	0.3428905	1.0	992	tags=15%, list=6%, signal=16%	
GOBP_MONOAMINE_TRANSPORT	GOBP_MONOAMINE_TRANSPORT		61	0.8000051	1.6047287	0.046898637	0.34209377	1.0	1277	tags=15%, list=8%, signal=16%	
CERIBELLI_GENES_INACTIVE_AND_BOUND_BY_NFY	CERIBELLI_GENES_INACTIVE_AND_BOUND_BY_NFY		21	0.8789172	1.60424	0.022012578	0.34195814	1.0	769	tags=24%, list=5%, signal=25%	
GOBP_NEGATIVE_REGULATION_OF_AMYLOID_PRECURSOR_PROTEIN_CATABOLIC_PROCESS	GOBP_NEGATIVE_REGULATION_OF_AMYLOID_PRECURSOR_PROTEIN_CATABOLIC_PROCESS		19	0.8679762	1.6036354	0.02631579	0.34197366	1.0	584	tags=21%, list=4%, signal=22%	
JIANG_AGING_HYPOTHALAMUS_UP	JIANG_AGING_HYPOTHALAMUS_UP		41	0.80933666	1.6030446	0.036753446	0.34194353	1.0	159	tags=10%, list=1%, signal=10%	
GOBP_APOPTOTIC_CELL_CLEARANCE	GOBP_APOPTOTIC_CELL_CLEARANCE		37	0.836768	1.6027699	0.019033674	0.34137997	1.0	866	tags=24%, list=5%, signal=26%	
GOBP_CATECHOLAMINE_TRANSPORT	GOBP_CATECHOLAMINE_TRANSPORT		49	0.80352527	1.6017244	0.02690583	0.34237373	1.0	1277	tags=16%, list=8%, signal=18%	
GOBP_REGULATION_OF_CELL_CYCLE_G1_S_PHASE_TRANSITION	GOBP_REGULATION_OF_CELL_CYCLE_G1_S_PHASE_TRANSITION		175	0.74423856	1.6014557	0.036986303	0.3417593	1.0	1575	tags=19%, list=10%, signal=21%	
GOBP_GRANULOCYTE_CHEMOTAXIS	GOBP_GRANULOCYTE_CHEMOTAXIS		102	0.7769088	1.6008664	0.032998566	0.34177485	1.0	527	tags=13%, list=3%, signal=13%	
GOBP_REGULATION_OF_INTRINSIC_APOPTOTIC_SIGNALING_PATHWAY_BY_P53_CLASS_MEDIATOR	GOBP_REGULATION_OF_INTRINSIC_APOPTOTIC_SIGNALING_PATHWAY_BY_P53_CLASS_MEDIATOR		32	0.83254415	1.6008564	0.02887538	0.3407212	1.0	110	tags=6%, list=1%, signal=6%	
GOBP_INTRACELLULAR_SODIUM_ION_HOMEOSTASIS	GOBP_INTRACELLULAR_SODIUM_ION_HOMEOSTASIS		26	0.8629348	1.6008006	0.020249221	0.33976546	1.0	140	tags=23%, list=1%, signal=23%	
GOBP_NATURAL_KILLER_CELL_MEDIATED_IMMUNITY	GOBP_NATURAL_KILLER_CELL_MEDIATED_IMMUNITY		71	0.778409	1.6006374	0.042151164	0.33900666	1.0	1196	tags=27%, list=7%, signal=29%	
GOBP_SYNAPTIC_VESICLE_RECYCLING	GOBP_SYNAPTIC_VESICLE_RECYCLING		84	0.7673166	1.5999942	0.028860029	0.33917335	1.0	1149	tags=30%, list=7%, signal=32%	
GOBP_REGULATION_OF_MYELOID_LEUKOCYTE_MEDIATED_IMMUNITY	GOBP_REGULATION_OF_MYELOID_LEUKOCYTE_MEDIATED_IMMUNITY		51	0.8023557	1.59997	0.031343285	0.3381789	1.0	573	tags=16%, list=4%, signal=16%	
GOBP_APICAL_PROTEIN_LOCALIZATION	GOBP_APICAL_PROTEIN_LOCALIZATION		16	0.90736896	1.5995469	0.012987013	0.33788124	1.0	3	tags=6%, list=0%, signal=6%	
GOBP_CALCIUM_ION_REGULATED_EXOCYTOSIS	GOBP_CALCIUM_ION_REGULATED_EXOCYTOSIS		62	0.7699822	1.5991061	0.028653296	0.33756784	1.0	1539	tags=31%, list=9%, signal=34%	
GOBP_POSTSYNAPTIC_CYTOSKELETON_ORGANIZATION	GOBP_POSTSYNAPTIC_CYTOSKELETON_ORGANIZATION		15	0.9210943	1.5989525	0.011128776	0.33681804	1.0	842	tags=47%, list=5%, signal=49%	
GOBP_POSITIVE_REGULATION_OF_CANONICAL_NF_KAPPAB_SIGNAL_TRANSDUCTION	GOBP_POSITIVE_REGULATION_OF_CANONICAL_NF_KAPPAB_SIGNAL_TRANSDUCTION		202	0.72991705	1.5988169	0.035511363	0.33603075	1.0	531	tags=9%, list=3%, signal=10%	
GOBP_PRESYNAPTIC_ENDOCYTOSIS	GOBP_PRESYNAPTIC_ENDOCYTOSIS		77	0.766136	1.598265	0.032624114	0.33612424	1.0	1149	tags=30%, list=7%, signal=32%	
KEGG_VIBRIO_CHOLERAE_INFECTION	KEGG_VIBRIO_CHOLERAE_INFECTION		47	0.79656917	1.5956994	0.020378457	0.3396698	1.0	858	tags=19%, list=5%, signal=20%	
GOBP_REGULATION_OF_RESPONSE_TO_TUMOR_CELL	GOBP_REGULATION_OF_RESPONSE_TO_TUMOR_CELL		30	0.8491758	1.5951225	0.036585364	0.33970156	1.0	133	tags=7%, list=1%, signal=7%	
GOBP_REGULATION_OF_CARDIAC_CONDUCTION	GOBP_REGULATION_OF_CARDIAC_CONDUCTION		22	0.8741144	1.5919505	0.018867925	0.3447343	1.0	1199	tags=45%, list=7%, signal=49%	
GOBP_DEOXYRIBONUCLEOTIDE_CATABOLIC_PROCESS	GOBP_DEOXYRIBONUCLEOTIDE_CATABOLIC_PROCESS		30	0.8446932	1.5916542	0.04328358	0.34426522	1.0	405	tags=13%, list=2%, signal=14%	
GOBP_POSITIVE_REGULATION_OF_LEUKOCYTE_CHEMOTAXIS	GOBP_POSITIVE_REGULATION_OF_LEUKOCYTE_CHEMOTAXIS		88	0.7695452	1.5910381	0.033946253	0.3444374	1.0	593	tags=13%, list=4%, signal=13%	
GOBP_GLUCOSE_6_PHOSPHATE_METABOLIC_PROCESS	GOBP_GLUCOSE_6_PHOSPHATE_METABOLIC_PROCESS		25	0.838086	1.590561	0.029051987	0.34430477	1.0	1702	tags=40%, list=10%, signal=45%	
GOBP_MYELOID_LEUKOCYTE_DIFFERENTIATION	GOBP_MYELOID_LEUKOCYTE_DIFFERENTIATION		234	0.7126694	1.5904694	0.03429355	0.34345776	1.0	992	tags=12%, list=6%, signal=13%	
GOBP_REGULATION_OF_INNATE_IMMUNE_RESPONSE	GOBP_REGULATION_OF_INNATE_IMMUNE_RESPONSE		434	0.68422216	1.5902519	0.024657534	0.34281588	1.0	1079	tags=20%, list=7%, signal=20%	
GOBP_MAINTENANCE_OF_LOCATION	GOBP_MAINTENANCE_OF_LOCATION		193	0.7199662	1.589926	0.031944446	0.34240916	1.0	1154	tags=25%, list=7%, signal=27%	
JOHNSTONE_PARVB_TARGETS_3_UP	JOHNSTONE_PARVB_TARGETS_3_UP		371	0.7098742	1.5888361	0.032388665	0.3432532	1.0	1224	tags=25%, list=8%, signal=26%	
GOBP_LIPOPROTEIN_LOCALIZATION	GOBP_LIPOPROTEIN_LOCALIZATION		22	0.8569648	1.5877415	0.0234375	0.3441517	1.0	417	tags=18%, list=3%, signal=19%	
KEGG_CARDIAC_MUSCLE_CONTRACTION	KEGG_CARDIAC_MUSCLE_CONTRACTION		64	0.78762835	1.5869784	0.042042043	0.34447795	1.0	144	tags=16%, list=1%, signal=16%	
GOBP_MYELOID_LEUKOCYTE_ACTIVATION	GOBP_MYELOID_LEUKOCYTE_ACTIVATION		236	0.7324741	1.58656	0.030344827	0.34427154	1.0	1234	tags=22%, list=8%, signal=23%	
GOBP_POSITIVE_REGULATION_OF_D_GLUCOSE_TRANSMEMBRANE_TRANSPORT	GOBP_POSITIVE_REGULATION_OF_D_GLUCOSE_TRANSMEMBRANE_TRANSPORT		35	0.8301213	1.5858557	0.028148148	0.34454757	1.0	978	tags=17%, list=6%, signal=18%	
PARK_2011_COEXPRESSION_HIPPOCAMPUS_MOUSE_SADDLEBROWN	PARK_2011_COEXPRESSION_HIPPOCAMPUS_MOUSE_SADDLEBROWN		54	0.79378766	1.5834836	0.054517135	0.34784418	1.0	1709	tags=52%, list=11%, signal=58%	
GOBP_REGULATION_OF_INFLAMMATORY_RESPONSE_TO_ANTIGENIC_STIMULUS	GOBP_REGULATION_OF_INFLAMMATORY_RESPONSE_TO_ANTIGENIC_STIMULUS		44	0.80134225	1.5823041	0.023734177	0.3490627	1.0	650	tags=18%, list=4%, signal=19%	
GOBP_NEGATIVE_REGULATION_OF_LIPID_BIOSYNTHETIC_PROCESS	GOBP_NEGATIVE_REGULATION_OF_LIPID_BIOSYNTHETIC_PROCESS		52	0.78393126	1.5821695	0.03402367	0.34830084	1.0	1240	tags=13%, list=8%, signal=15%	
KEGG_MEDICUS_PATHOGEN_SALMONELLA_SOPB_TO_ARNO_ARF_ACTB_G_SIGNALING_PATHWAY	KEGG_MEDICUS_PATHOGEN_SALMONELLA_SOPB_TO_ARNO_ARF_ACTB_G_SIGNALING_PATHWAY		30	0.840371	1.5810748	0.033898305	0.34922403	1.0	389	tags=17%, list=2%, signal=17%	
GOBP_RESPONSE_TO_MISFOLDED_PROTEIN	GOBP_RESPONSE_TO_MISFOLDED_PROTEIN		20	0.86819625	1.5807147	0.019461079	0.3489045	1.0	143	tags=15%, list=1%, signal=15%	
GOBP_REGULATION_OF_RECEPTOR_MEDIATED_ENDOCYTOSIS	GOBP_REGULATION_OF_RECEPTOR_MEDIATED_ENDOCYTOSIS		114	0.7650299	1.5805126	0.04418262	0.34825924	1.0	1337	tags=20%, list=8%, signal=22%	
FAN_EMBRYONIC_CTX_BIG_GROUPS_MICROGLIA	FAN_EMBRYONIC_CTX_BIG_GROUPS_MICROGLIA		327	0.71674806	1.5798018	0.032122906	0.34859845	1.0	1102	tags=27%, list=7%, signal=28%	
GOBP_REGULATION_OF_HUMORAL_IMMUNE_RESPONSE	GOBP_REGULATION_OF_HUMORAL_IMMUNE_RESPONSE		36	0.8189204	1.5797044	0.024464833	0.34776905	1.0	197	tags=19%, list=1%, signal=20%	
GOBP_NEGATIVE_REGULATION_OF_AMIDE_METABOLIC_PROCESS	GOBP_NEGATIVE_REGULATION_OF_AMIDE_METABOLIC_PROCESS		24	0.86255497	1.5795962	0.03076923	0.3469667	1.0	584	tags=17%, list=4%, signal=17%	
KEGG_LEUKOCYTE_TRANSENDOTHELIAL_MIGRATION	KEGG_LEUKOCYTE_TRANSENDOTHELIAL_MIGRATION		97	0.74385417	1.5762191	0.028901733	0.35232636	1.0	1245	tags=31%, list=8%, signal=33%	
GOBP_REGULATION_OF_LIPID_LOCALIZATION	GOBP_REGULATION_OF_LIPID_LOCALIZATION		134	0.73310596	1.575891	0.033898305	0.35193974	1.0	417	tags=7%, list=3%, signal=7%	
GOBP_IMMUNE_RESPONSE_TO_TUMOR_CELL	GOBP_IMMUNE_RESPONSE_TO_TUMOR_CELL		33	0.8233161	1.5755291	0.038690478	0.35157084	1.0	133	tags=6%, list=1%, signal=6%	
GOBP_POSITIVE_REGULATION_OF_T_CELL_MIGRATION	GOBP_POSITIVE_REGULATION_OF_T_CELL_MIGRATION		33	0.821614	1.5754986	0.032786883	0.35065034	1.0	1393	tags=33%, list=9%, signal=36%	
GOBP_INTRACELLULAR_COPPER_ION_HOMEOSTASIS	GOBP_INTRACELLULAR_COPPER_ION_HOMEOSTASIS		17	0.8795523	1.5740544	0.026101142	0.35227978	1.0	599	tags=18%, list=4%, signal=18%	
GENEWEAVER_DIAZ2011_GS137248_HIPPOCAMPAL GENES DIFFERENTIALLY EXPRESSED BETWEEN GF AND SPF MICE_TOP25_BYEFFECT	GENEWEAVER_DIAZ2011_GS137248_HIPPOCAMPAL GENES DIFFERENTIALLY EXPRESSED BETWEEN GF AND SPF MICE_TOP25_BYEFFECT		19	0.8516295	1.5732272	0.03961965	0.3529318	1.0	5	tags=5%, list=0%, signal=5%	
GOBP_POSITIVE_REGULATION_OF_LYMPHOCYTE_MIGRATION	GOBP_POSITIVE_REGULATION_OF_LYMPHOCYTE_MIGRATION		40	0.79841685	1.5727272	0.03576751	0.35285285	1.0	1772	tags=35%, list=11%, signal=39%	
GOBP_REGULATION_OF_INTRINSIC_APOPTOTIC_SIGNALING_PATHWAY_IN_RESPONSE_TO_DNA_DAMAGE	GOBP_REGULATION_OF_INTRINSIC_APOPTOTIC_SIGNALING_PATHWAY_IN_RESPONSE_TO_DNA_DAMAGE		38	0.80798805	1.5721568	0.039215688	0.35291323	1.0	110	tags=8%, list=1%, signal=8%	
GOBP_PYROPTOTIC_INFLAMMATORY_RESPONSE	GOBP_PYROPTOTIC_INFLAMMATORY_RESPONSE		30	0.83480513	1.5714961	0.037369207	0.3532106	1.0	880	tags=27%, list=5%, signal=28%	
GOBP_POSITIVE_REGULATION_OF_LEUKOCYTE_MIGRATION	GOBP_POSITIVE_REGULATION_OF_LEUKOCYTE_MIGRATION		135	0.74163014	1.5712918	0.04993065	0.35255498	1.0	654	tags=12%, list=4%, signal=12%	
GOBP_T_CELL_CHEMOTAXIS	GOBP_T_CELL_CHEMOTAXIS		22	0.85382336	1.5706801	0.029320987	0.3527112	1.0	1393	tags=45%, list=9%, signal=50%	
GOBP_GLUCOSE_CATABOLIC_PROCESS	GOBP_GLUCOSE_CATABOLIC_PROCESS		24	0.8512403	1.5704435	0.033033032	0.35213703	1.0	974	tags=46%, list=6%, signal=49%	
KEGG_PORPHYRIN_AND_CHLOROPHYLL_METABOLISM	KEGG_PORPHYRIN_AND_CHLOROPHYLL_METABOLISM		22	0.85752827	1.5697931	0.031626508	0.35241216	1.0	97	tags=9%, list=1%, signal=9%	
GOBP_MITOCHONDRIAL_ELECTRON_TRANSPORT_CYTOCHROME_C_TO_OXYGEN	GOBP_MITOCHONDRIAL_ELECTRON_TRANSPORT_CYTOCHROME_C_TO_OXYGEN		17	0.8732236	1.5694158	0.024767801	0.35219514	1.0	144	tags=18%, list=1%, signal=18%	
GOBP_REGULATION_OF_INFLAMMASOME_MEDIATED_SIGNALING_PATHWAY	GOBP_REGULATION_OF_INFLAMMASOME_MEDIATED_SIGNALING_PATHWAY		47	0.80078197	1.5692025	0.03787879	0.35159305	1.0	773	tags=19%, list=5%, signal=20%	
HAY_BONE_MARROW_NK_CELLS	HAY_BONE_MARROW_NK_CELLS		298	0.6926913	1.5690155	0.021828104	0.35099474	1.0	884	tags=16%, list=5%, signal=16%	
ZHONG_PFC_C1_ASTROCYTE	ZHONG_PFC_C1_ASTROCYTE		24	0.8518943	1.5687335	0.0431433	0.35055435	1.0	18	tags=8%, list=0%, signal=8%	
KEGG_MEDICUS_VARIANT_MUTATION_CAUSED_ABERRANT_ABETA_TO_ELECTRON_TRANSFER_IN_COMPLEX_IV	KEGG_MEDICUS_VARIANT_MUTATION_CAUSED_ABERRANT_ABETA_TO_ELECTRON_TRANSFER_IN_COMPLEX_IV		16	0.8892641	1.5681055	0.02652106	0.350811	1.0	144	tags=25%, list=1%, signal=25%	
GOBP_NEGATIVE_REGULATION_OF_CELL_CYCLE_G1_S_PHASE_TRANSITION	GOBP_NEGATIVE_REGULATION_OF_CELL_CYCLE_G1_S_PHASE_TRANSITION		58	0.7792849	1.5676936	0.049848944	0.35059747	1.0	1955	tags=22%, list=12%, signal=25%	
GOBP_REGULATION_OF_INCLUSION_BODY_ASSEMBLY	GOBP_REGULATION_OF_INCLUSION_BODY_ASSEMBLY		17	0.8668238	1.5672684	0.013050571	0.35042155	1.0	18	tags=12%, list=0%, signal=12%	
KEGG_PENTOSE_PHOSPHATE_PATHWAY	KEGG_PENTOSE_PHOSPHATE_PATHWAY		21	0.87416893	1.5672425	0.039087947	0.34952807	1.0	831	tags=38%, list=5%, signal=40%	
GOBP_MYELIN_MAINTENANCE	GOBP_MYELIN_MAINTENANCE		17	0.8910953	1.5672319	0.016447369	0.34860653	1.0	38	tags=12%, list=0%, signal=12%	
GOBP_REGULATION_OF_CELLULAR_SENESCENCE	GOBP_REGULATION_OF_CELLULAR_SENESCENCE		43	0.7978422	1.5667379	0.043010753	0.34857553	1.0	7	tags=2%, list=0%, signal=2%	
KEGG_MEDICUS_REFERENCE_ELECTRON_TRANSFER_IN_COMPLEX_IV	KEGG_MEDICUS_REFERENCE_ELECTRON_TRANSFER_IN_COMPLEX_IV		15	0.87601435	1.566474	0.02177294	0.34810847	1.0	144	tags=20%, list=1%, signal=20%	
GOBP_NEUTROPHIL_MEDIATED_IMMUNITY	GOBP_NEUTROPHIL_MEDIATED_IMMUNITY		33	0.80105233	1.5635401	0.041237112	0.3525305	1.0	1393	tags=27%, list=9%, signal=30%	
GOBP_VASCULAR_ASSOCIATED_SMOOTH_MUSCLE_CELL_DIFFERENTIATION	GOBP_VASCULAR_ASSOCIATED_SMOOTH_MUSCLE_CELL_DIFFERENTIATION		27	0.8353996	1.5629845	0.03313253	0.35263956	1.0	5	tags=4%, list=0%, signal=4%	
GOBP_INFLAMMASOME_MEDIATED_SIGNALING_PATHWAY	GOBP_INFLAMMASOME_MEDIATED_SIGNALING_PATHWAY		57	0.7737958	1.5629542	0.045655377	0.35178116	1.0	815	tags=18%, list=5%, signal=18%	
GOBP_SODIUM_ION_HOMEOSTASIS	GOBP_SODIUM_ION_HOMEOSTASIS		43	0.7901522	1.5624222	0.04148148	0.3518693	1.0	140	tags=14%, list=1%, signal=14%	
GOBP_POSITIVE_REGULATION_OF_PHAGOCYTOSIS	GOBP_POSITIVE_REGULATION_OF_PHAGOCYTOSIS		56	0.7663488	1.5618421	0.03982301	0.3520496	1.0	1193	tags=34%, list=7%, signal=36%	
GOBP_PROTEIN_TRIMERIZATION	GOBP_PROTEIN_TRIMERIZATION		17	0.8885658	1.561812	0.02377179	0.35117888	1.0	229	tags=18%, list=1%, signal=18%	
GOBP_INTERFERON_MEDIATED_SIGNALING_PATHWAY	GOBP_INTERFERON_MEDIATED_SIGNALING_PATHWAY		85	0.7289849	1.5615008	0.047477745	0.3508786	1.0	1955	tags=35%, list=12%, signal=40%	
GOBP_PEPTIDE_METABOLIC_PROCESS	GOBP_PEPTIDE_METABOLIC_PROCESS		53	0.7785106	1.559929	0.049034175	0.3528005	1.0	450	tags=17%, list=3%, signal=17%	
GOBP_POSITIVE_REGULATION_OF_CELL_DEVELOPMENT	GOBP_POSITIVE_REGULATION_OF_CELL_DEVELOPMENT		395	0.69537	1.5597273	0.03457815	0.3522746	1.0	1196	tags=18%, list=7%, signal=19%	
GOBP_THYROID_HORMONE_GENERATION	GOBP_THYROID_HORMONE_GENERATION		18	0.8800315	1.5597165	0.026490066	0.35138035	1.0	252	tags=11%, list=2%, signal=11%	
GOBP_RESPONSE_TO_TESTOSTERONE	GOBP_RESPONSE_TO_TESTOSTERONE		28	0.81709	1.5590253	0.029320987	0.3517909	1.0	1776	tags=32%, list=11%, signal=36%	
GOBP_PURINE_CONTAINING_COMPOUND_CATABOLIC_PROCESS	GOBP_PURINE_CONTAINING_COMPOUND_CATABOLIC_PROCESS		142	0.7224355	1.5575764	0.032763533	0.35355386	1.0	1455	tags=27%, list=9%, signal=30%	
GOBP_DEOXYRIBONUCLEOSIDE_MONOPHOSPHATE_CATABOLIC_PROCESS	GOBP_DEOXYRIBONUCLEOSIDE_MONOPHOSPHATE_CATABOLIC_PROCESS		16	0.8661993	1.5574782	0.031595577	0.35281026	1.0	405	tags=19%, list=2%, signal=19%	
GOBP_MEMBRANE_DEPOLARIZATION_DURING_ACTION_POTENTIAL	GOBP_MEMBRANE_DEPOLARIZATION_DURING_ACTION_POTENTIAL		33	0.80729526	1.5572238	0.036443148	0.352372	1.0	1207	tags=30%, list=7%, signal=33%	
GOBP_POSITIVE_REGULATION_OF_NITRIC_OXIDE_BIOSYNTHETIC_PROCESS	GOBP_POSITIVE_REGULATION_OF_NITRIC_OXIDE_BIOSYNTHETIC_PROCESS		31	0.80584884	1.5567492	0.046476763	0.35229212	1.0	803	tags=29%, list=5%, signal=30%	
GOBP_REGULATED_EXOCYTOSIS	GOBP_REGULATED_EXOCYTOSIS		217	0.7146029	1.5564017	0.03462604	0.3520578	1.0	1931	tags=33%, list=12%, signal=37%	
GOBP_PYRUVATE_METABOLIC_PROCESS	GOBP_PYRUVATE_METABOLIC_PROCESS		112	0.7207275	1.5559382	0.023255814	0.35197547	1.0	1455	tags=31%, list=9%, signal=34%	
KEGG_MEDICUS_ENV_FACTOR_ARSENIC_TO_ELECTRON_TRANSFER_IN_COMPLEX_IV	KEGG_MEDICUS_ENV_FACTOR_ARSENIC_TO_ELECTRON_TRANSFER_IN_COMPLEX_IV		17	0.8660186	1.5555404	0.037459284	0.3517912	1.0	144	tags=18%, list=1%, signal=18%	
GOBP_LEUKOCYTE_CHEMOTAXIS	GOBP_LEUKOCYTE_CHEMOTAXIS		202	0.6990554	1.5547887	0.03206997	0.35224074	1.0	691	tags=14%, list=4%, signal=14%	
GOBP_TYROSINE_PHOSPHORYLATION_OF_STAT_PROTEIN	GOBP_TYROSINE_PHOSPHORYLATION_OF_STAT_PROTEIN		30	0.8067194	1.55351	0.03524229	0.35362193	1.0	614	tags=17%, list=4%, signal=17%	
GOBP_NEGATIVE_REGULATION_OF_STEM_CELL_DIFFERENTIATION	GOBP_NEGATIVE_REGULATION_OF_STEM_CELL_DIFFERENTIATION		23	0.84871334	1.5534998	0.04274809	0.3527549	1.0	1182	tags=39%, list=7%, signal=42%	
GOBP_NEGATIVE_REGULATION_OF_BLOOD_CIRCULATION	GOBP_NEGATIVE_REGULATION_OF_BLOOD_CIRCULATION		18	0.87047863	1.552959	0.027950311	0.35290813	1.0	979	tags=33%, list=6%, signal=35%	
GOBP_REGULATION_OF_DNA_RECOMBINATION	GOBP_REGULATION_OF_DNA_RECOMBINATION		129	0.7201412	1.5524824	0.046783626	0.35285038	1.0	1129	tags=9%, list=7%, signal=9%	
GOBP_NUCLEOSIDE_DIPHOSPHATE_CATABOLIC_PROCESS	GOBP_NUCLEOSIDE_DIPHOSPHATE_CATABOLIC_PROCESS		95	0.74318355	1.5523354	0.05142857	0.35219863	1.0	1455	tags=34%, list=9%, signal=37%	
GOBP_MEMBRANE_INVAGINATION	GOBP_MEMBRANE_INVAGINATION		61	0.75736123	1.5515472	0.04661017	0.35270554	1.0	751	tags=15%, list=5%, signal=15%	
GOBP_SEQUESTERING_OF_CALCIUM_ION	GOBP_SEQUESTERING_OF_CALCIUM_ION		121	0.7217009	1.5512955	0.040333796	0.35224164	1.0	1537	tags=27%, list=9%, signal=30%	
GOBP_REGULATION_OF_THE_FORCE_OF_HEART_CONTRACTION	GOBP_REGULATION_OF_THE_FORCE_OF_HEART_CONTRACTION		20	0.8329901	1.551124	0.034700315	0.3517104	1.0	1039	tags=35%, list=6%, signal=37%	
KEGG_MEDICUS_REFERENCE_GLYCOLYSIS	KEGG_MEDICUS_REFERENCE_GLYCOLYSIS		18	0.87244356	1.5509074	0.030911902	0.35121042	1.0	974	tags=61%, list=6%, signal=65%	
GOBP_ESTABLISHMENT_OF_LYMPHOCYTE_POLARITY	GOBP_ESTABLISHMENT_OF_LYMPHOCYTE_POLARITY		16	0.8639545	1.5503647	0.032659408	0.3512966	1.0	654	tags=25%, list=4%, signal=26%	
GOBP_CELLULAR_RESPONSE_TO_MOLECULE_OF_BACTERIAL_ORIGIN	GOBP_CELLULAR_RESPONSE_TO_MOLECULE_OF_BACTERIAL_ORIGIN		192	0.7076478	1.5501649	0.032348804	0.35083222	1.0	1105	tags=20%, list=7%, signal=21%	
GOBP_PROSTATE_GLAND_DEVELOPMENT	GOBP_PROSTATE_GLAND_DEVELOPMENT		40	0.78557134	1.5498021	0.042386185	0.35063776	1.0	4	tags=3%, list=0%, signal=2%	
GOBP_MYELOID_CELL_DIFFERENTIATION	GOBP_MYELOID_CELL_DIFFERENTIATION		410	0.6851156	1.5490867	0.029494382	0.35101226	1.0	1905	tags=27%, list=12%, signal=29%	
GOBP_POSITIVE_REGULATION_OF_AMIDE_METABOLIC_PROCESS	GOBP_POSITIVE_REGULATION_OF_AMIDE_METABOLIC_PROCESS		27	0.8115058	1.5487127	0.041221373	0.35090056	1.0	1072	tags=30%, list=7%, signal=32%	
GOBP_CALCIUM_ION_TRANSMEMBRANE_IMPORT_INTO_CYTOSOL	GOBP_CALCIUM_ION_TRANSMEMBRANE_IMPORT_INTO_CYTOSOL		166	0.7075401	1.5485858	0.046413504	0.35024306	1.0	1593	tags=27%, list=10%, signal=30%	
GOBP_REGULATION_OF_AMYLOID_BETA_CLEARANCE	GOBP_REGULATION_OF_AMYLOID_BETA_CLEARANCE		18	0.86823934	1.5484508	0.039246466	0.34959975	1.0	359	tags=28%, list=2%, signal=28%	
STARK_PREFRONTAL_CORTEX_22Q11_DELETION_UP	STARK_PREFRONTAL_CORTEX_22Q11_DELETION_UP		176	0.7091483	1.5470613	0.041322313	0.35132265	1.0	2218	tags=45%, list=14%, signal=51%	
GOBP_MONOSACCHARIDE_CATABOLIC_PROCESS	GOBP_MONOSACCHARIDE_CATABOLIC_PROCESS		48	0.7702277	1.5465652	0.053680982	0.35142866	1.0	974	tags=25%, list=6%, signal=27%	
FLORIO_NEOCORTEX_BASAL_RADIAL_GLIA_UP	FLORIO_NEOCORTEX_BASAL_RADIAL_GLIA_UP		247	0.6922704	1.5458049	0.02970297	0.3519885	1.0	136	tags=3%, list=1%, signal=3%	
GOBP_CELLULAR_RESPONSE_TO_BIOTIC_STIMULUS	GOBP_CELLULAR_RESPONSE_TO_BIOTIC_STIMULUS		219	0.70539296	1.5451814	0.05	0.35239014	1.0	1117	tags=20%, list=7%, signal=21%	
GOBP_VASCULAR_ENDOTHELIAL_GROWTH_FACTOR_PRODUCTION	GOBP_VASCULAR_ENDOTHELIAL_GROWTH_FACTOR_PRODUCTION		32	0.79092205	1.5433893	0.04315476	0.3548184	1.0	941	tags=22%, list=6%, signal=23%	
GOBP_NUCLEOSIDE_DIPHOSPHATE_METABOLIC_PROCESS	GOBP_NUCLEOSIDE_DIPHOSPHATE_METABOLIC_PROCESS		120	0.71730036	1.5430583	0.048991356	0.3545901	1.0	1511	tags=33%, list=9%, signal=36%	
GOBP_EXTRACELLULAR_TRANSPORT	GOBP_EXTRACELLULAR_TRANSPORT		48	0.78112537	1.5425123	0.028616853	0.3547018	1.0	31	tags=2%, list=0%, signal=2%	
KEGG_PROXIMAL_TUBULE_BICARBONATE_RECLAMATION	KEGG_PROXIMAL_TUBULE_BICARBONATE_RECLAMATION		20	0.82773066	1.5422677	0.03405573	0.35427848	1.0	140	tags=25%, list=1%, signal=25%	
GOBP_RECOMBINATIONAL_REPAIR	GOBP_RECOMBINATIONAL_REPAIR		182	0.7044047	1.54225	0.030598054	0.35347357	1.0	841	tags=6%, list=5%, signal=6%	
GOBP_REGULATION_OF_AMYLOID_FIBRIL_FORMATION	GOBP_REGULATION_OF_AMYLOID_FIBRIL_FORMATION		15	0.8666787	1.5412779	0.027642276	0.35445082	1.0	70	tags=20%, list=0%, signal=20%	
GOBP_NEUROMUSCULAR_SYNAPTIC_TRANSMISSION	GOBP_NEUROMUSCULAR_SYNAPTIC_TRANSMISSION		32	0.804357	1.541202	0.03816794	0.35374743	1.0	1789	tags=28%, list=11%, signal=32%	
GOBP_NEGATIVE_REGULATION_OF_RESPONSE_TO_BIOTIC_STIMULUS	GOBP_NEGATIVE_REGULATION_OF_RESPONSE_TO_BIOTIC_STIMULUS		116	0.71780103	1.5407461	0.04403409	0.3536383	1.0	1009	tags=22%, list=6%, signal=23%	
GOBP_PROTEIN_FOLDING	GOBP_PROTEIN_FOLDING		198	0.70861065	1.5394813	0.047486033	0.35514793	1.0	808	tags=11%, list=5%, signal=11%	
GOBP_HUMORAL_IMMUNE_RESPONSE_MEDIATED_BY_CIRCULATING_IMMUNOGLOBULIN	GOBP_HUMORAL_IMMUNE_RESPONSE_MEDIATED_BY_CIRCULATING_IMMUNOGLOBULIN		32	0.80417913	1.5391011	0.048742138	0.35498255	1.0	197	tags=22%, list=1%, signal=22%	
GOBP_INTRACELLULAR_IRON_ION_HOMEOSTASIS	GOBP_INTRACELLULAR_IRON_ION_HOMEOSTASIS		71	0.7587024	1.5389922	0.052863438	0.35434243	1.0	284	tags=8%, list=2%, signal=9%	
GOBP_GLYCOLYTIC_PROCESS_THROUGH_GLUCOSE_6_PHOSPHATE	GOBP_GLYCOLYTIC_PROCESS_THROUGH_GLUCOSE_6_PHOSPHATE		19	0.8505339	1.5386417	0.04307692	0.3541783	1.0	974	tags=58%, list=6%, signal=62%	
GOBP_REGULATION_OF_COMPLEMENT_ACTIVATION	GOBP_REGULATION_OF_COMPLEMENT_ACTIVATION		23	0.83165056	1.5383062	0.04	0.35393322	1.0	50	tags=17%, list=0%, signal=17%	
GOBP_UROGENITAL_SYSTEM_DEVELOPMENT	GOBP_UROGENITAL_SYSTEM_DEVELOPMENT		52	0.7741194	1.5382829	0.050221566	0.3531461	1.0	4	tags=2%, list=0%, signal=2%	
GOBP_REGULATION_OF_ERYTHROCYTE_DIFFERENTIATION	GOBP_REGULATION_OF_ERYTHROCYTE_DIFFERENTIATION		44	0.7701576	1.5375339	0.04888889	0.35369453	1.0	327	tags=16%, list=2%, signal=16%	
GOBP_IRON_ION_TRANSPORT	GOBP_IRON_ION_TRANSPORT		49	0.7814842	1.5372432	0.04888889	0.35335898	1.0	433	tags=8%, list=3%, signal=8%	
GOBP_RESPONSE_TO_COPPER_ION	GOBP_RESPONSE_TO_COPPER_ION		30	0.81182516	1.5370286	0.049363058	0.35291898	1.0	599	tags=20%, list=4%, signal=21%	
GOBP_LEUKOCYTE_DEGRANULATION	GOBP_LEUKOCYTE_DEGRANULATION		77	0.74156696	1.5357951	0.0518732	0.3544154	1.0	1931	tags=36%, list=12%, signal=41%	
GOBP_NADPLUS_BIOSYNTHETIC_PROCESS	GOBP_NADPLUS_BIOSYNTHETIC_PROCESS		15	0.8856677	1.5350629	0.03322259	0.354942	1.0	47	tags=7%, list=0%, signal=7%	
GOBP_MULTICELLULAR_ORGANISMAL_LEVEL_CHEMICAL_HOMEOSTASIS	GOBP_MULTICELLULAR_ORGANISMAL_LEVEL_CHEMICAL_HOMEOSTASIS		74	0.7459418	1.5348114	0.0544919	0.35458052	1.0	887	tags=12%, list=5%, signal=13%	
GOBP_SODIUM_ION_TRANSMEMBRANE_TRANSPORT	GOBP_SODIUM_ION_TRANSMEMBRANE_TRANSPORT		146	0.71490014	1.5336114	0.043026708	0.35590482	1.0	2269	tags=30%, list=14%, signal=35%	
GOBP_FATTY_ACID_BIOSYNTHETIC_PROCESS	GOBP_FATTY_ACID_BIOSYNTHETIC_PROCESS		134	0.7118037	1.5334357	0.054380666	0.35543272	1.0	164	tags=4%, list=1%, signal=4%	
GOBP_RESPONSE_TO_ELECTRICAL_STIMULUS	GOBP_RESPONSE_TO_ELECTRICAL_STIMULUS		31	0.78070384	1.5326948	0.03869969	0.35611945	1.0	1152	tags=29%, list=7%, signal=31%	
GOBP_CERAMIDE_TRANSPORT	GOBP_CERAMIDE_TRANSPORT		16	0.8743166	1.53264	0.03672788	0.35542968	1.0	4	tags=6%, list=0%, signal=6%	
GOBP_LYSOSOMAL_TRANSPORT	GOBP_LYSOSOMAL_TRANSPORT		122	0.7121265	1.5315557	0.047826085	0.356629	1.0	1070	tags=14%, list=7%, signal=15%	
GOBP_NEGATIVE_REGULATION_OF_RECEPTOR_MEDIATED_ENDOCYTOSIS	GOBP_NEGATIVE_REGULATION_OF_RECEPTOR_MEDIATED_ENDOCYTOSIS		25	0.8205802	1.5311686	0.037558686	0.3565248	1.0	7	tags=4%, list=0%, signal=4%	
GOBP_GRANULOCYTE_ACTIVATION	GOBP_GRANULOCYTE_ACTIVATION		50	0.7573719	1.5308901	0.046827793	0.35624397	1.0	866	tags=24%, list=5%, signal=25%	
GOBP_ENDOPLASMIC_RETICULUM_CALCIUM_ION_HOMEOSTASIS	GOBP_ENDOPLASMIC_RETICULUM_CALCIUM_ION_HOMEOSTASIS		23	0.81268126	1.5303031	0.047463175	0.35645398	1.0	1509	tags=48%, list=9%, signal=53%	
GOBP_ORGANIC_CATION_TRANSPORT	GOBP_ORGANIC_CATION_TRANSPORT		98	0.7274685	1.5302176	0.050287355	0.3558219	1.0	1373	tags=16%, list=8%, signal=18%	
GOBP_INTERFERON_ALPHA_PRODUCTION	GOBP_INTERFERON_ALPHA_PRODUCTION		31	0.82038987	1.530181	0.04601227	0.3550842	1.0	1956	tags=55%, list=12%, signal=62%	
GOBP_NEGATIVE_REGULATION_OF_INTRINSIC_APOPTOTIC_SIGNALING_PATHWAY	GOBP_NEGATIVE_REGULATION_OF_INTRINSIC_APOPTOTIC_SIGNALING_PATHWAY		99	0.7265515	1.5300568	0.062865496	0.35453823	1.0	927	tags=17%, list=6%, signal=18%	
GOBP_NEGATIVE_REGULATION_OF_SYNAPSE_ORGANIZATION	GOBP_NEGATIVE_REGULATION_OF_SYNAPSE_ORGANIZATION		15	0.85973746	1.5290501	0.031847134	0.35559538	1.0	18	tags=7%, list=0%, signal=7%	
GOBP_POSITIVE_REGULATION_OF_CHEMOTAXIS	GOBP_POSITIVE_REGULATION_OF_CHEMOTAXIS		133	0.70312464	1.5287563	0.048476454	0.35529852	1.0	593	tags=9%, list=4%, signal=9%	
KEGG_FRUCTOSE_AND_MANNOSE_METABOLISM	KEGG_FRUCTOSE_AND_MANNOSE_METABOLISM		32	0.78949237	1.5280478	0.04148148	0.3557657	1.0	907	tags=28%, list=6%, signal=30%	
GOBP_REGULATION_OF_AMIDE_METABOLIC_PROCESS	GOBP_REGULATION_OF_AMIDE_METABOLIC_PROCESS		66	0.74211216	1.5279942	0.056129985	0.35509062	1.0	1469	tags=24%, list=9%, signal=27%	
GOBP_COLLATERAL_SPROUTING	GOBP_COLLATERAL_SPROUTING		30	0.80556214	1.527759	0.045123726	0.35472196	1.0	411	tags=20%, list=3%, signal=20%	
KEGG_HEMATOPOIETIC_CELL_LINEAGE	KEGG_HEMATOPOIETIC_CELL_LINEAGE		66	0.75973874	1.5266042	0.05648855	0.356104	1.0	477	tags=11%, list=3%, signal=11%	
GOBP_CANONICAL_NF_KAPPAB_SIGNAL_TRANSDUCTION	GOBP_CANONICAL_NF_KAPPAB_SIGNAL_TRANSDUCTION		300	0.67663294	1.5256766	0.03125	0.35698605	1.0	875	tags=12%, list=5%, signal=12%	
GOBP_NEGATIVE_REGULATION_OF_CELL_KILLING	GOBP_NEGATIVE_REGULATION_OF_CELL_KILLING		29	0.79375225	1.5252495	0.0556391	0.35697624	1.0	971	tags=17%, list=6%, signal=18%	
GOBP_ASPARTATE_TRANSMEMBRANE_TRANSPORT	GOBP_ASPARTATE_TRANSMEMBRANE_TRANSPORT		19	0.83386385	1.5248688	0.03697997	0.356912	1.0	1325	tags=37%, list=8%, signal=40%	
GOBP_ACYLGLYCEROL_HOMEOSTASIS	GOBP_ACYLGLYCEROL_HOMEOSTASIS		29	0.8191516	1.52401	0.06116208	0.35775816	1.0	891	tags=14%, list=5%, signal=15%	
GOBP_NEUROTRANSMITTER_UPTAKE	GOBP_NEUROTRANSMITTER_UPTAKE		39	0.79325145	1.5233938	0.054095827	0.35812888	1.0	229	tags=18%, list=1%, signal=18%	
GOBP_NEGATIVE_REGULATION_OF_VIRAL_GENOME_REPLICATION	GOBP_NEGATIVE_REGULATION_OF_VIRAL_GENOME_REPLICATION		37	0.78535527	1.5233527	0.05	0.35742423	1.0	1607	tags=32%, list=10%, signal=36%	
NUTT_GBM_VS_AO_GLIOMA_UP	NUTT_GBM_VS_AO_GLIOMA_UP		42	0.7670344	1.5229622	0.04845815	0.35738334	1.0	431	tags=19%, list=3%, signal=20%	
GOBP_NADPLUS_METABOLIC_PROCESS	GOBP_NADPLUS_METABOLIC_PROCESS		40	0.7748986	1.5228704	0.044378698	0.35675356	1.0	1756	tags=28%, list=11%, signal=31%	
GOBP_ORGANIC_ACID_TRANSPORT	GOBP_ORGANIC_ACID_TRANSPORT		281	0.6822125	1.5227542	0.046676096	0.35619015	1.0	1543	tags=15%, list=9%, signal=16%	
GOBP_ADHERENS_JUNCTION_ORGANIZATION	GOBP_ADHERENS_JUNCTION_ORGANIZATION		58	0.73899764	1.5223447	0.04761905	0.35621348	1.0	38	tags=3%, list=0%, signal=3%	
GOBP_POSITIVE_REGULATION_OF_TRANSMEMBRANE_TRANSPORT	GOBP_POSITIVE_REGULATION_OF_TRANSMEMBRANE_TRANSPORT		154	0.7012934	1.5218488	0.047748975	0.35630444	1.0	1633	tags=20%, list=10%, signal=22%	
GOBP_PROTEIN_HOMOOLIGOMERIZATION	GOBP_PROTEIN_HOMOOLIGOMERIZATION		188	0.6961564	1.5212601	0.05116959	0.3565592	1.0	1523	tags=19%, list=9%, signal=21%	
GOBP_FATTY_ACID_METABOLIC_PROCESS	GOBP_FATTY_ACID_METABOLIC_PROCESS		326	0.679716	1.5211494	0.043895748	0.35599616	1.0	576	tags=5%, list=4%, signal=5%	
DESCARTES_MAIN_FETAL_ASTROCYTES	DESCARTES_MAIN_FETAL_ASTROCYTES		191	0.69455355	1.5204357	0.041436464	0.35648724	1.0	456	tags=5%, list=3%, signal=5%	
GOBP_NEGATIVE_REGULATION_OF_SMALL_MOLECULE_METABOLIC_PROCESS	GOBP_NEGATIVE_REGULATION_OF_SMALL_MOLECULE_METABOLIC_PROCESS		92	0.71475387	1.5195261	0.04411765	0.35740793	1.0	1322	tags=16%, list=8%, signal=18%	
GOBP_CELL_COMMUNICATION_INVOLVED_IN_CARDIAC_CONDUCTION	GOBP_CELL_COMMUNICATION_INVOLVED_IN_CARDIAC_CONDUCTION		54	0.7555846	1.5193374	0.0508982	0.3569928	1.0	1207	tags=22%, list=7%, signal=24%	
GOBP_VASCULAR_TRANSPORT	GOBP_VASCULAR_TRANSPORT		85	0.72287977	1.5184174	0.043541364	0.3578931	1.0	1583	tags=26%, list=10%, signal=29%	
GOBP_PLATELET_AGGREGATION	GOBP_PLATELET_AGGREGATION		70	0.74773014	1.5177453	0.04804805	0.35827065	1.0	504	tags=20%, list=3%, signal=21%	
GOBP_NEUTROPHIL_ACTIVATION_INVOLVED_IN_IMMUNE_RESPONSE	GOBP_NEUTROPHIL_ACTIVATION_INVOLVED_IN_IMMUNE_RESPONSE		21	0.81626964	1.5177033	0.04858934	0.3576018	1.0	461	tags=24%, list=3%, signal=24%	
GOBP_RECEPTOR_MEDIATED_ENDOCYTOSIS	GOBP_RECEPTOR_MEDIATED_ENDOCYTOSIS		251	0.6798466	1.5174692	0.050666668	0.3572517	1.0	1345	tags=20%, list=8%, signal=22%	
GOBP_RELAXATION_OF_MUSCLE	GOBP_RELAXATION_OF_MUSCLE		33	0.78820455	1.5172822	0.048818897	0.35686687	1.0	1241	tags=27%, list=8%, signal=29%	
GOBP_RESPONSE_TO_ALDOSTERONE	GOBP_RESPONSE_TO_ALDOSTERONE		16	0.8590635	1.517205	0.043902438	0.3562431	1.0	669	tags=25%, list=4%, signal=26%	
GOBP_CELL_CYCLE_G1_S_PHASE_TRANSITION	GOBP_CELL_CYCLE_G1_S_PHASE_TRANSITION		234	0.6874976	1.5154969	0.038081806	0.3586797	1.0	1870	tags=20%, list=11%, signal=22%	
GOBP_POSITIVE_REGULATION_OF_VASCULAR_ENDOTHELIAL_GROWTH_FACTOR_PRODUCTION	GOBP_POSITIVE_REGULATION_OF_VASCULAR_ENDOTHELIAL_GROWTH_FACTOR_PRODUCTION		27	0.81486887	1.5154564	0.043887146	0.35798183	1.0	254	tags=15%, list=2%, signal=15%	
GOBP_POSITIVE_REGULATION_OF_INTERFERON_ALPHA_PRODUCTION	GOBP_POSITIVE_REGULATION_OF_INTERFERON_ALPHA_PRODUCTION		24	0.82808244	1.5153937	0.051282052	0.3573571	1.0	1956	tags=58%, list=12%, signal=66%	
GOBP_REGULATION_OF_STEM_CELL_POPULATION_MAINTENANCE	GOBP_REGULATION_OF_STEM_CELL_POPULATION_MAINTENANCE		73	0.72980267	1.5152112	0.050724637	0.35697427	1.0	1268	tags=18%, list=8%, signal=19%	
KEGG_GALACTOSE_METABOLISM	KEGG_GALACTOSE_METABOLISM		22	0.81275016	1.5147288	0.048622366	0.35704166	1.0	831	tags=27%, list=5%, signal=29%	
KEGG_ALDOSTERONE_REGULATED_SODIUM_REABSORPTION	KEGG_ALDOSTERONE_REGULATED_SODIUM_REABSORPTION		35	0.77187675	1.5146667	0.05846154	0.35639054	1.0	1288	tags=34%, list=8%, signal=37%	
GOBP_C4_DICARBOXYLATE_TRANSPORT	GOBP_C4_DICARBOXYLATE_TRANSPORT		26	0.8079779	1.5138086	0.055813953	0.35719228	1.0	1325	tags=31%, list=8%, signal=33%	
GOBP_CELL_COMMUNICATION_BY_ELECTRICAL_COUPLING_INVOLVED_IN_CARDIAC_CONDUCTION	GOBP_CELL_COMMUNICATION_BY_ELECTRICAL_COUPLING_INVOLVED_IN_CARDIAC_CONDUCTION		23	0.8101629	1.5136569	0.045801528	0.35676152	1.0	1039	tags=39%, list=6%, signal=42%	
GOBP_POSITIVE_REGULATION_OF_DNA_REPAIR	GOBP_POSITIVE_REGULATION_OF_DNA_REPAIR		136	0.6983098	1.5130434	0.04249292	0.3571579	1.0	1589	tags=15%, list=10%, signal=16%	
GOBP_PROTON_TRANSMEMBRANE_TRANSPORT	GOBP_PROTON_TRANSMEMBRANE_TRANSPORT		159	0.7045146	1.5127319	0.05052006	0.3569999	1.0	1376	tags=19%, list=8%, signal=21%	
GOBP_LYMPHOCYTE_CHEMOTAXIS	GOBP_LYMPHOCYTE_CHEMOTAXIS		40	0.76722395	1.5126565	0.04387292	0.3564061	1.0	1584	tags=38%, list=10%, signal=41%	
GOBP_RIBONUCLEOTIDE_CATABOLIC_PROCESS	GOBP_RIBONUCLEOTIDE_CATABOLIC_PROCESS		124	0.71495306	1.512561	0.052785926	0.35588598	1.0	1455	tags=29%, list=9%, signal=32%	
GOBP_POSITIVE_REGULATION_OF_PATTERN_RECOGNITION_RECEPTOR_SIGNALING_PATHWAY	GOBP_POSITIVE_REGULATION_OF_PATTERN_RECOGNITION_RECEPTOR_SIGNALING_PATHWAY		74	0.71181244	1.5116801	0.047895502	0.3566571	1.0	1009	tags=19%, list=6%, signal=20%	
ZHONG_PFC_MAJOR_TYPES_MICROGLIA	ZHONG_PFC_MAJOR_TYPES_MICROGLIA		384	0.67481107	1.5109884	0.0501355	0.35701618	1.0	900	tags=20%, list=6%, signal=21%	
GOBP_NUTRIENT_STORAGE	GOBP_NUTRIENT_STORAGE		80	0.73116934	1.5107204	0.052781742	0.3567686	1.0	824	tags=19%, list=5%, signal=20%	
GOBP_REGULATION_OF_TYROSINE_PHOSPHORYLATION_OF_STAT_PROTEIN	GOBP_REGULATION_OF_TYROSINE_PHOSPHORYLATION_OF_STAT_PROTEIN		28	0.8083263	1.5097054	0.046616543	0.3579018	1.0	614	tags=18%, list=4%, signal=19%	
GOBP_VESICLE_MEDIATED_TRANSPORT_IN_SYNAPSE	GOBP_VESICLE_MEDIATED_TRANSPORT_IN_SYNAPSE		236	0.67714965	1.5096889	0.054739654	0.35719943	1.0	1872	tags=33%, list=12%, signal=37%	
GOBP_COMPLEMENT_ACTIVATION_CLASSICAL_PATHWAY	GOBP_COMPLEMENT_ACTIVATION_CLASSICAL_PATHWAY		23	0.80579823	1.509178	0.046031747	0.35738105	1.0	132	tags=22%, list=1%, signal=22%	
KEGG_TIGHT_JUNCTION	KEGG_TIGHT_JUNCTION		110	0.7074305	1.5085707	0.06017192	0.3577771	1.0	943	tags=13%, list=6%, signal=13%	
GOBP_GLYCOLYTIC_PROCESS_THROUGH_FRUCTOSE_6_PHOSPHATE	GOBP_GLYCOLYTIC_PROCESS_THROUGH_FRUCTOSE_6_PHOSPHATE		23	0.8243392	1.5084664	0.051829267	0.35728845	1.0	1322	tags=52%, list=8%, signal=57%	
LEIN_ASTROCYTE_MARKERS	LEIN_ASTROCYTE_MARKERS		38	0.767017	1.5059607	0.047904193	0.36125755	1.0	182	tags=26%, list=1%, signal=27%	
GOBP_CARBOHYDRATE_PHOSPHORYLATION	GOBP_CARBOHYDRATE_PHOSPHORYLATION		23	0.811188	1.5041845	0.04524181	0.36394453	1.0	907	tags=22%, list=6%, signal=23%	
GOBP_SYNAPTIC_TRANSMISSION_CHOLINERGIC	GOBP_SYNAPTIC_TRANSMISSION_CHOLINERGIC		30	0.7926664	1.5040979	0.05631659	0.3634009	1.0	70	tags=7%, list=0%, signal=7%	
GOBP_MYELOID_CELL_APOPTOTIC_PROCESS	GOBP_MYELOID_CELL_APOPTOTIC_PROCESS		28	0.7932673	1.503814	0.04258675	0.36323044	1.0	1600	tags=57%, list=10%, signal=63%	
GOBP_POSITIVE_REGULATION_OF_MAPK_CASCADE	GOBP_POSITIVE_REGULATION_OF_MAPK_CASCADE		419	0.6600706	1.5037966	0.03301238	0.3625467	1.0	611	tags=9%, list=4%, signal=9%	
GOBP_INCLUSION_BODY_ASSEMBLY	GOBP_INCLUSION_BODY_ASSEMBLY		26	0.8016384	1.5032637	0.06807867	0.36286104	1.0	808	tags=23%, list=5%, signal=24%	
GOBP_REGULATION_OF_AMYLOID_PRECURSOR_PROTEIN_CATABOLIC_PROCESS	GOBP_REGULATION_OF_AMYLOID_PRECURSOR_PROTEIN_CATABOLIC_PROCESS		43	0.7617399	1.5029094	0.05108359	0.36275294	1.0	1093	tags=28%, list=7%, signal=30%	
GOBP_REGULATION_OF_STEROID_HORMONE_BIOSYNTHETIC_PROCESS	GOBP_REGULATION_OF_STEROID_HORMONE_BIOSYNTHETIC_PROCESS		16	0.83913845	1.5028466	0.040064104	0.36217898	1.0	2158	tags=44%, list=13%, signal=50%	
GOBP_CALCIUM_ION_REGULATED_EXOCYTOSIS_OF_NEUROTRANSMITTER	GOBP_CALCIUM_ION_REGULATED_EXOCYTOSIS_OF_NEUROTRANSMITTER		15	0.85804564	1.5015292	0.04111842	0.36392814	1.0	1539	tags=53%, list=9%, signal=59%	
GOBP_MEMBRANE_PROTEIN_ECTODOMAIN_PROTEOLYSIS	GOBP_MEMBRANE_PROTEIN_ECTODOMAIN_PROTEOLYSIS		49	0.74198	1.5011353	0.055636898	0.3639649	1.0	1393	tags=29%, list=9%, signal=31%	
GOBP_REGULATION_OF_INFLAMMATORY_RESPONSE	GOBP_REGULATION_OF_INFLAMMATORY_RESPONSE		374	0.6714828	1.501039	0.039726026	0.36343643	1.0	1446	tags=19%, list=9%, signal=20%	
GOBP_RESPONSE_TO_TUMOR_CELL	GOBP_RESPONSE_TO_TUMOR_CELL		46	0.75020576	1.5005548	0.06402439	0.36357623	1.0	872	tags=11%, list=5%, signal=11%	
GOBP_INTERMEDIATE_FILAMENT_BASED_PROCESS	GOBP_INTERMEDIATE_FILAMENT_BASED_PROCESS		58	0.7243786	1.5002831	0.06841339	0.36336476	1.0	769	tags=16%, list=5%, signal=16%	
GOBP_CELLULAR_RESPONSE_TO_TYPE_II_INTERFERON	GOBP_CELLULAR_RESPONSE_TO_TYPE_II_INTERFERON		91	0.7104804	1.5002675	0.048175182	0.3626709	1.0	1069	tags=33%, list=7%, signal=35%	
GOBP_POSITIVE_REGULATION_OF_NEUROTRANSMITTER_SECRETION	GOBP_POSITIVE_REGULATION_OF_NEUROTRANSMITTER_SECRETION		18	0.8240125	1.5000886	0.04566929	0.36226577	1.0	1539	tags=39%, list=9%, signal=43%	
GOBP_B_CELL_RECEPTOR_SIGNALING_PATHWAY	GOBP_B_CELL_RECEPTOR_SIGNALING_PATHWAY		60	0.7387962	1.4998388	0.06315789	0.36206853	1.0	1909	tags=37%, list=12%, signal=41%	
GOBP_SYNAPTIC_MEMBRANE_ADHESION	GOBP_SYNAPTIC_MEMBRANE_ADHESION		32	0.77865714	1.4994494	0.048154093	0.36207166	1.0	671	tags=9%, list=4%, signal=10%	
GOBP_COPPER_ION_HOMEOSTASIS	GOBP_COPPER_ION_HOMEOSTASIS		21	0.83108985	1.499139	0.043343652	0.36195222	1.0	1378	tags=24%, list=8%, signal=26%	
GOBP_ORGANIC_HYDROXY_COMPOUND_TRANSPORT	GOBP_ORGANIC_HYDROXY_COMPOUND_TRANSPORT		213	0.67997533	1.4986039	0.051395006	0.362212	1.0	1277	tags=13%, list=8%, signal=14%	
GOBP_NEGATIVE_REGULATION_OF_REPRODUCTIVE_PROCESS	GOBP_NEGATIVE_REGULATION_OF_REPRODUCTIVE_PROCESS		47	0.74275196	1.4984825	0.0421875	0.3617313	1.0	593	tags=13%, list=4%, signal=13%	
GEMMA_GSE113796_MRNA-SEQ_OF_MOUSE_METTL3_CKO_AND_FTO_CKO_HIPPOCAMPUS_AFTER_FEAR_CONDITIONING_GENOTYPE_HOMOZYGOUS.NEGATIVE_FTO.MOUSE.FAT.MASS.AND.OBESITY.ASSOCIATED_UP	GEMMA_GSE113796_MRNA-SEQ_OF_MOUSE_METTL3_CKO_AND_FTO_CKO_HIPPOCAMPUS_AFTER_FEAR_CONDITIONING_GENOTYPE_HOMOZYGOUS.NEGATIVE_FTO.MOUSE.FAT.MASS.AND.OBESITY.ASSOCIATED_UP		38	0.75840724	1.4983735	0.059270516	0.3612523	1.0	951	tags=13%, list=6%, signal=14%	
GOBP_INFLAMMATORY_CELL_APOPTOTIC_PROCESS	GOBP_INFLAMMATORY_CELL_APOPTOTIC_PROCESS		20	0.84238553	1.4979565	0.034954406	0.36131307	1.0	1334	tags=55%, list=8%, signal=60%	
KEGG_ALZHEIMERS_DISEASE	KEGG_ALZHEIMERS_DISEASE		149	0.7011713	1.4979107	0.048158642	0.36069152	1.0	1407	tags=18%, list=9%, signal=20%	
GOBP_REGULATION_OF_NEURONAL_SYNAPTIC_PLASTICITY	GOBP_REGULATION_OF_NEURONAL_SYNAPTIC_PLASTICITY		60	0.7280804	1.497538	0.050670642	0.3607146	1.0	1407	tags=32%, list=9%, signal=35%	
GOBP_POTASSIUM_ION_IMPORT_ACROSS_PLASMA_MEMBRANE	GOBP_POTASSIUM_ION_IMPORT_ACROSS_PLASMA_MEMBRANE		47	0.7412915	1.497295	0.048672568	0.36044595	1.0	775	tags=17%, list=5%, signal=18%	
GOBP_REGULATION_OF_CHROMOSOME_SEGREGATION	GOBP_REGULATION_OF_CHROMOSOME_SEGREGATION		137	0.694871	1.4972109	0.05738881	0.35989887	1.0	1558	tags=17%, list=10%, signal=18%	
"GEMMA_GSE8641_RNF41_IS_ASSOCIATED_WITH_ANXIETY_LIKE_BEHAVIOR,_MAJOR_DEPRESSION_AND_BETA_CARBOLINE_INDUCED_SEIZURE_-_GPL340_STRAINORLINE_A.J_DOWN"	"GEMMA_GSE8641_RNF41_IS_ASSOCIATED_WITH_ANXIETY_LIKE_BEHAVIOR,_MAJOR_DEPRESSION_AND_BETA_CARBOLINE_INDUCED_SEIZURE_-_GPL340_STRAINORLINE_A.J_DOWN"		18	0.821369	1.4971535	0.043338683	0.35931697	1.0	2	tags=6%, list=0%, signal=6%	
GOBP_POSITIVE_REGULATION_OF_AMYLOID_PRECURSOR_PROTEIN_CATABOLIC_PROCESS	GOBP_POSITIVE_REGULATION_OF_AMYLOID_PRECURSOR_PROTEIN_CATABOLIC_PROCESS		25	0.8106801	1.4970977	0.05529226	0.35871813	1.0	1072	tags=32%, list=7%, signal=34%	
GOBP_REGULATION_OF_TISSUE_REMODELING	GOBP_REGULATION_OF_TISSUE_REMODELING		64	0.7366447	1.4969199	0.05232558	0.3583703	1.0	1580	tags=19%, list=10%, signal=21%	
GOBP_PHAGOCYTOSIS_RECOGNITION	GOBP_PHAGOCYTOSIS_RECOGNITION		25	0.7948512	1.4962541	0.049698796	0.35893548	1.0	644	tags=24%, list=4%, signal=25%	
GOBP_RESPONSE_TO_CADMIUM_ION	GOBP_RESPONSE_TO_CADMIUM_ION		32	0.78390664	1.4956008	0.040257648	0.3595542	1.0	1918	tags=44%, list=12%, signal=50%	
GOBP_MEMBRANE_DEPOLARIZATION_DURING_CARDIAC_MUSCLE_CELL_ACTION_POTENTIAL	GOBP_MEMBRANE_DEPOLARIZATION_DURING_CARDIAC_MUSCLE_CELL_ACTION_POTENTIAL		22	0.8050741	1.4952626	0.0503937	0.3595662	1.0	1569	tags=32%, list=10%, signal=35%	
GOBP_REGULATION_OF_SIGNAL_TRANSDUCTION_BY_P53_CLASS_MEDIATOR	GOBP_REGULATION_OF_SIGNAL_TRANSDUCTION_BY_P53_CLASS_MEDIATOR		112	0.70303947	1.4951931	0.05611511	0.35898337	1.0	436	tags=9%, list=3%, signal=9%	
GOBP_POSITIVE_REGULATION_OF_LYMPHOCYTE_CHEMOTAXIS	GOBP_POSITIVE_REGULATION_OF_LYMPHOCYTE_CHEMOTAXIS		16	0.84425765	1.4951581	0.042056076	0.35836256	1.0	1584	tags=38%, list=10%, signal=42%	
STARK_HYPPOCAMPUS_22Q11_DELETION_UP	STARK_HYPPOCAMPUS_22Q11_DELETION_UP		47	0.753813	1.4948772	0.06295754	0.35818437	1.0	1915	tags=51%, list=12%, signal=58%	
KEGG_HYPERTROPHIC_CARDIOMYOPATHY_HCM	KEGG_HYPERTROPHIC_CARDIOMYOPATHY_HCM		77	0.72372836	1.4942133	0.05007153	0.35873386	1.0	285	tags=6%, list=2%, signal=7%	
GOBP_CEREBELLAR_PURKINJE_CELL_LAYER_DEVELOPMENT	GOBP_CEREBELLAR_PURKINJE_CELL_LAYER_DEVELOPMENT		29	0.7885524	1.4934886	0.057542767	0.3593857	1.0	842	tags=28%, list=5%, signal=29%	
KEGG_ARRHYTHMOGENIC_RIGHT_VENTRICULAR_CARDIOMYOPATHY_ARVC	KEGG_ARRHYTHMOGENIC_RIGHT_VENTRICULAR_CARDIOMYOPATHY_ARVC		71	0.71782285	1.492927	0.058139537	0.35969236	1.0	285	tags=7%, list=2%, signal=7%	
GOBP_REGULATION_OF_PHAGOCYTOSIS	GOBP_REGULATION_OF_PHAGOCYTOSIS		83	0.71531683	1.4926106	0.06241135	0.35961348	1.0	1235	tags=28%, list=8%, signal=30%	
GOBP_CHRONIC_INFLAMMATORY_RESPONSE	GOBP_CHRONIC_INFLAMMATORY_RESPONSE		20	0.8039545	1.4918362	0.052884616	0.36029008	1.0	992	tags=20%, list=6%, signal=21%	
GOBP_MIRNA_TRANSCRIPTION	GOBP_MIRNA_TRANSCRIPTION		70	0.72630167	1.491555	0.05248227	0.36010945	1.0	1874	tags=33%, list=12%, signal=37%	
GOBP_REGULATION_OF_PROTEIN_STABILITY	GOBP_REGULATION_OF_PROTEIN_STABILITY		350	0.6657239	1.4914652	0.040983606	0.35960627	1.0	1110	tags=14%, list=7%, signal=15%	
DURANTE_ADULT_OLFACTORY_NEUROEPITHELIUM_CD8_T_CELLS	DURANTE_ADULT_OLFACTORY_NEUROEPITHELIUM_CD8_T_CELLS		58	0.73361415	1.4913963	0.055718474	0.3590614	1.0	2637	tags=53%, list=16%, signal=64%	
GOBP_SYNAPTIC_VESICLE_PRIMING	GOBP_SYNAPTIC_VESICLE_PRIMING		27	0.7815444	1.4912543	0.06379585	0.3586558	1.0	2017	tags=52%, list=12%, signal=59%	
GOBP_REGULATION_OF_HORMONE_BIOSYNTHETIC_PROCESS	GOBP_REGULATION_OF_HORMONE_BIOSYNTHETIC_PROCESS		21	0.8228881	1.4912388	0.060331825	0.35800666	1.0	2158	tags=43%, list=13%, signal=49%	
GOBP_PROTEIN_STABILIZATION	GOBP_PROTEIN_STABILIZATION		226	0.6765406	1.4906998	0.05431755	0.3582736	1.0	767	tags=12%, list=5%, signal=12%	
GOBP_NEGATIVE_REGULATION_OF_LEUKOCYTE_PROLIFERATION	GOBP_NEGATIVE_REGULATION_OF_LEUKOCYTE_PROLIFERATION		84	0.71330416	1.4903314	0.057101026	0.3583055	1.0	992	tags=14%, list=6%, signal=15%	
GOBP_PROTEIN_CONTAINING_COMPLEX_REMODELING	GOBP_PROTEIN_CONTAINING_COMPLEX_REMODELING		28	0.78437346	1.4900807	0.06307692	0.3581003	1.0	156	tags=7%, list=1%, signal=7%	
GOBP_ACTIN_FILAMENT_POLYMERIZATION	GOBP_ACTIN_FILAMENT_POLYMERIZATION		148	0.689195	1.490041	0.054242004	0.35751256	1.0	1616	tags=32%, list=10%, signal=36%	
GOBP_SODIUM_ION_EXPORT_ACROSS_PLASMA_MEMBRANE	GOBP_SODIUM_ION_EXPORT_ACROSS_PLASMA_MEMBRANE		16	0.83218044	1.4896063	0.054517135	0.35765702	1.0	140	tags=31%, list=1%, signal=31%	
GOBP_HOMOTYPIC_CELL_CELL_ADHESION	GOBP_HOMOTYPIC_CELL_CELL_ADHESION		90	0.7158279	1.489203	0.05052006	0.35773104	1.0	504	tags=19%, list=3%, signal=19%	
KEGG_TYPE_II_DIABETES_MELLITUS	KEGG_TYPE_II_DIABETES_MELLITUS		40	0.75323397	1.4887692	0.06431853	0.3577928	1.0	1569	tags=48%, list=10%, signal=52%	
GOBP_POSITIVE_REGULATION_OF_MACROPHAGE_DERIVED_FOAM_CELL_DIFFERENTIATION	GOBP_POSITIVE_REGULATION_OF_MACROPHAGE_DERIVED_FOAM_CELL_DIFFERENTIATION		16	0.820979	1.4883146	0.048172757	0.35796967	1.0	1199	tags=38%, list=7%, signal=40%	
GENEWEAVER_PONDER_2008_GS213157_DIFFERENTIALLY EXPRESSED GENES IN THE HIPPOCAMPUS OF HIGH AND LOW SELECTED LINES FOR FEAR CONDITIONING_TOP25_EFFECT	GENEWEAVER_PONDER_2008_GS213157_DIFFERENTIALLY EXPRESSED GENES IN THE HIPPOCAMPUS OF HIGH AND LOW SELECTED LINES FOR FEAR CONDITIONING_TOP25_EFFECT		23	0.80384964	1.4883096	0.057542767	0.35732225	1.0	1986	tags=48%, list=12%, signal=54%	
GOBP_T_CELL_PROLIFERATION	GOBP_T_CELL_PROLIFERATION		184	0.6735123	1.488297	0.05034965	0.35669345	1.0	1714	tags=25%, list=11%, signal=28%	
KEGG_MEDICUS_REFERENCE_IL2_FAMILY_TO_JAK_STAT_SIGNALING_PATHWAY	KEGG_MEDICUS_REFERENCE_IL2_FAMILY_TO_JAK_STAT_SIGNALING_PATHWAY		15	0.84775394	1.4881424	0.037459284	0.3563049	1.0	2095	tags=67%, list=13%, signal=76%	
GOBP_MODULATION_OF_PROCESS_OF_ANOTHER_ORGANISM	GOBP_MODULATION_OF_PROCESS_OF_ANOTHER_ORGANISM		98	0.6909651	1.4873482	0.04927536	0.35717458	1.0	406	tags=9%, list=2%, signal=9%	
GOBP_POSITIVE_REGULATION_OF_MEMBRANE_PROTEIN_ECTODOMAIN_PROTEOLYSIS	GOBP_POSITIVE_REGULATION_OF_MEMBRANE_PROTEIN_ECTODOMAIN_PROTEOLYSIS		16	0.8203557	1.4872279	0.040453073	0.35676435	1.0	70	tags=13%, list=0%, signal=13%	
GOBP_POSITIVE_REGULATION_OF_INSULIN_SECRETION_INVOLVED_IN_CELLULAR_RESPONSE_TO_GLUCOSE_STIMULUS	GOBP_POSITIVE_REGULATION_OF_INSULIN_SECRETION_INVOLVED_IN_CELLULAR_RESPONSE_TO_GLUCOSE_STIMULUS		30	0.7915018	1.486979	0.041795667	0.35655022	1.0	377	tags=13%, list=2%, signal=14%	
GOBP_NEGATIVE_REGULATION_OF_DEFENSE_RESPONSE	GOBP_NEGATIVE_REGULATION_OF_DEFENSE_RESPONSE		250	0.6601832	1.4867139	0.041608877	0.35638708	1.0	1009	tags=17%, list=6%, signal=18%	
JIANG_AGING_CEREBRAL_CORTEX_DN	JIANG_AGING_CEREBRAL_CORTEX_DN		44	0.754492	1.4866862	0.05736434	0.35577887	1.0	1087	tags=43%, list=7%, signal=46%	
GOBP_SIGNAL_TRANSDUCTION_BY_P53_CLASS_MEDIATOR	GOBP_SIGNAL_TRANSDUCTION_BY_P53_CLASS_MEDIATOR		179	0.67913646	1.4864092	0.06077348	0.35562572	1.0	436	tags=7%, list=3%, signal=7%	
GOBP_B_CELL_DIFFERENTIATION	GOBP_B_CELL_DIFFERENTIATION		129	0.687358	1.4856259	0.05523256	0.35647908	1.0	1541	tags=28%, list=9%, signal=31%	
GOBP_REGULATION_OF_LYMPHOCYTE_CHEMOTAXIS	GOBP_REGULATION_OF_LYMPHOCYTE_CHEMOTAXIS		21	0.8068538	1.485066	0.05357143	0.3569129	1.0	1584	tags=38%, list=10%, signal=42%	
GOBP_INTERLEUKIN_4_PRODUCTION	GOBP_INTERLEUKIN_4_PRODUCTION		31	0.7731801	1.4849404	0.050078247	0.35653594	1.0	246	tags=6%, list=2%, signal=7%	
GOBP_VACUOLAR_TRANSPORT	GOBP_VACUOLAR_TRANSPORT		164	0.6779499	1.484751	0.056818184	0.3562504	1.0	1099	tags=13%, list=7%, signal=14%	
GOBP_DOUBLE_STRAND_BREAK_REPAIR	GOBP_DOUBLE_STRAND_BREAK_REPAIR		305	0.6634428	1.4844847	0.047872342	0.3561378	1.0	1867	tags=14%, list=11%, signal=16%	
GOBP_NEGATIVE_REGULATION_OF_NEURON_DIFFERENTIATION	GOBP_NEGATIVE_REGULATION_OF_NEURON_DIFFERENTIATION		60	0.7363637	1.4840745	0.06020558	0.35625187	1.0	1692	tags=20%, list=10%, signal=22%	
LEIN_NEURON_MARKERS	LEIN_NEURON_MARKERS		62	0.7303532	1.4835722	0.056195967	0.35651654	1.0	1576	tags=42%, list=10%, signal=46%	
GOBP_AMYLOID_BETA_FORMATION	GOBP_AMYLOID_BETA_FORMATION		43	0.7489501	1.4831266	0.06769231	0.35670957	1.0	1469	tags=30%, list=9%, signal=33%	
KEGG_CHEMOKINE_SIGNALING_PATHWAY	KEGG_CHEMOKINE_SIGNALING_PATHWAY		160	0.67626417	1.4828637	0.05608755	0.3565279	1.0	1297	tags=26%, list=8%, signal=28%	
GOBP_POSITIVE_REGULATION_OF_REGULATED_SECRETORY_PATHWAY	GOBP_POSITIVE_REGULATION_OF_REGULATED_SECRETORY_PATHWAY		47	0.7482097	1.4824789	0.06366459	0.35654604	1.0	1931	tags=38%, list=12%, signal=43%	
GOBP_MEMBRANE_DEPOLARIZATION	GOBP_MEMBRANE_DEPOLARIZATION		87	0.71052516	1.481955	0.061870504	0.35691532	1.0	1292	tags=17%, list=8%, signal=19%	
GOBP_POSITIVE_REGULATION_OF_CALCIUM_ION_TRANSPORT	GOBP_POSITIVE_REGULATION_OF_CALCIUM_ION_TRANSPORT		88	0.6992717	1.4811981	0.059766766	0.35765022	1.0	968	tags=17%, list=6%, signal=18%	
GOBP_LIPID_LOCALIZATION	GOBP_LIPID_LOCALIZATION		373	0.65158325	1.4805318	0.042176872	0.35824305	1.0	891	tags=9%, list=5%, signal=10%	
GOBP_REGULATORY_NCRNA_MEDIATED_HETEROCHROMATIN_FORMATION	GOBP_REGULATORY_NCRNA_MEDIATED_HETEROCHROMATIN_FORMATION		21	0.8111026	1.4803387	0.061320756	0.35794193	1.0	488	tags=14%, list=3%, signal=15%	
HAY_BONE_MARROW_EOSINOPHIL	HAY_BONE_MARROW_EOSINOPHIL		40	0.75808334	1.4801724	0.060465116	0.3576223	1.0	36	tags=5%, list=0%, signal=5%	
GOBP_REGULATION_OF_HETEROTYPIC_CELL_CELL_ADHESION	GOBP_REGULATION_OF_HETEROTYPIC_CELL_CELL_ADHESION		17	0.8332879	1.4801205	0.0453125	0.3570806	1.0	1154	tags=24%, list=7%, signal=25%	
KEGG_GLYCOLYSIS_GLUCONEOGENESIS	KEGG_GLYCOLYSIS_GLUCONEOGENESIS		45	0.74356234	1.4793745	0.0775076	0.3577034	1.0	974	tags=36%, list=6%, signal=38%	
GOBP_NEUROTRANSMITTER_TRANSPORT	GOBP_NEUROTRANSMITTER_TRANSPORT		202	0.66687816	1.4791119	0.057827927	0.3575227	1.0	1586	tags=25%, list=10%, signal=28%	
GOBP_POSITIVE_REGULATION_OF_AMYLOID_BETA_FORMATION	GOBP_POSITIVE_REGULATION_OF_AMYLOID_BETA_FORMATION		19	0.8188122	1.478787	0.05466238	0.35755596	1.0	1072	tags=32%, list=7%, signal=34%	
GOBP_HOMEOSTASIS_OF_NUMBER_OF_CELLS	GOBP_HOMEOSTASIS_OF_NUMBER_OF_CELLS		332	0.6551871	1.4781245	0.042062417	0.35819212	1.0	1671	tags=23%, list=10%, signal=26%	
GOBP_TYPE_II_INTERFERON_MEDIATED_SIGNALING_PATHWAY	GOBP_TYPE_II_INTERFERON_MEDIATED_SIGNALING_PATHWAY		25	0.79777527	1.4779702	0.057692308	0.35783085	1.0	1059	tags=44%, list=7%, signal=47%	
KEGG_MEDICUS_REFERENCE_ITGA_B_TALIN_VINCULIN_SIGNALING_PATHWAY	KEGG_MEDICUS_REFERENCE_ITGA_B_TALIN_VINCULIN_SIGNALING_PATHWAY		30	0.77930546	1.477677	0.061933536	0.35775378	1.0	285	tags=13%, list=2%, signal=14%	
DESCARTES_FETAL_EYE_CORNEAL_AND_CONJUNCTIVAL_EPITHELIAL_CELLS	DESCARTES_FETAL_EYE_CORNEAL_AND_CONJUNCTIVAL_EPITHELIAL_CELLS		163	0.67047614	1.4776105	0.053475935	0.35727456	1.0	866	tags=9%, list=5%, signal=10%	
GOBP_PROTEIN_REFOLDING	GOBP_PROTEIN_REFOLDING		26	0.7902937	1.4773924	0.06487342	0.35707718	1.0	325	tags=15%, list=2%, signal=16%	
GOBP_ESTABLISHMENT_OF_SKIN_BARRIER	GOBP_ESTABLISHMENT_OF_SKIN_BARRIER		25	0.8094282	1.4764644	0.06605223	0.3582285	1.0	778	tags=12%, list=5%, signal=13%	
GOBP_DETECTION_OF_BIOTIC_STIMULUS	GOBP_DETECTION_OF_BIOTIC_STIMULUS		33	0.7580119	1.4761877	0.06170886	0.3580839	1.0	471	tags=18%, list=3%, signal=19%	
GOBP_CORTICAL_CYTOSKELETON_ORGANIZATION	GOBP_CORTICAL_CYTOSKELETON_ORGANIZATION		56	0.7241414	1.475971	0.06615385	0.35783607	1.0	1523	tags=38%, list=9%, signal=41%	
GOBP_NEGATIVE_REGULATION_OF_HEMOPOIESIS	GOBP_NEGATIVE_REGULATION_OF_HEMOPOIESIS		108	0.7029882	1.4759382	0.07317073	0.35726905	1.0	325	tags=6%, list=2%, signal=6%	
GOBP_PURINE_DEOXYRIBONUCLEOTIDE_METABOLIC_PROCESS	GOBP_PURINE_DEOXYRIBONUCLEOTIDE_METABOLIC_PROCESS		17	0.81608903	1.475444	0.061417323	0.3575588	1.0	848	tags=29%, list=5%, signal=31%	
GOBP_NEGATIVE_REGULATION_OF_TOLL_LIKE_RECEPTOR_4_SIGNALING_PATHWAY	GOBP_NEGATIVE_REGULATION_OF_TOLL_LIKE_RECEPTOR_4_SIGNALING_PATHWAY		15	0.82570434	1.4739786	0.060606062	0.35967165	1.0	1642	tags=47%, list=10%, signal=52%	
GOBP_REGULATION_OF_PROTEIN_LOCALIZATION_TO_CELL_PERIPHERY	GOBP_REGULATION_OF_PROTEIN_LOCALIZATION_TO_CELL_PERIPHERY		145	0.6704419	1.4736152	0.056463595	0.35970685	1.0	1511	tags=21%, list=9%, signal=23%	
GOBP_CELL_CHEMOTAXIS	GOBP_CELL_CHEMOTAXIS		271	0.66183764	1.4728471	0.045649074	0.36056504	1.0	866	tags=14%, list=5%, signal=14%	
GOBP_ATRIAL_CARDIAC_MUSCLE_CELL_TO_AV_NODE_CELL_COMMUNICATION	GOBP_ATRIAL_CARDIAC_MUSCLE_CELL_TO_AV_NODE_CELL_COMMUNICATION		18	0.82888865	1.4726255	0.06279435	0.36034238	1.0	766	tags=22%, list=5%, signal=23%	
GOBP_NEGATIVE_REGULATION_OF_RESPONSE_TO_ENDOPLASMIC_RETICULUM_STRESS	GOBP_NEGATIVE_REGULATION_OF_RESPONSE_TO_ENDOPLASMIC_RETICULUM_STRESS		49	0.7412415	1.4725889	0.0804769	0.35980353	1.0	894	tags=16%, list=5%, signal=17%	
GOBP_THYROID_HORMONE_METABOLIC_PROCESS	GOBP_THYROID_HORMONE_METABOLIC_PROCESS		23	0.8102563	1.4723473	0.048929665	0.35965052	1.0	252	tags=9%, list=2%, signal=9%	
GOBP_RESPONSE_TO_POTASSIUM_ION	GOBP_RESPONSE_TO_POTASSIUM_ION		18	0.81355923	1.4704813	0.0448	0.36270687	1.0	379	tags=17%, list=2%, signal=17%	
GOBP_INTERLEUKIN_10_PRODUCTION	GOBP_INTERLEUKIN_10_PRODUCTION		59	0.7234258	1.4700888	0.05611511	0.36279926	1.0	246	tags=7%, list=2%, signal=7%	
GOBP_MEIOTIC_SPINDLE_ORGANIZATION	GOBP_MEIOTIC_SPINDLE_ORGANIZATION		24	0.79536575	1.469415	0.057722308	0.36345232	1.0	1164	tags=21%, list=7%, signal=22%	
GOBP_3_UTR_MEDIATED_MRNA_DESTABILIZATION	GOBP_3_UTR_MEDIATED_MRNA_DESTABILIZATION		21	0.8009727	1.4693805	0.052969504	0.36291456	1.0	2667	tags=62%, list=16%, signal=74%	
GOBP_ALCOHOL_CATABOLIC_PROCESS	GOBP_ALCOHOL_CATABOLIC_PROCESS		25	0.7792759	1.4690342	0.056692913	0.3630111	1.0	732	tags=8%, list=5%, signal=8%	
GOBP_TRANSITION_METAL_ION_TRANSPORT	GOBP_TRANSITION_METAL_ION_TRANSPORT		92	0.70398885	1.4685482	0.06364922	0.3633449	1.0	97	tags=4%, list=1%, signal=4%	
GOBP_CELL_COMMUNICATION_BY_ELECTRICAL_COUPLING	GOBP_CELL_COMMUNICATION_BY_ELECTRICAL_COUPLING		32	0.7778547	1.468318	0.07241911	0.36319953	1.0	1039	tags=34%, list=6%, signal=37%	
GOBP_AMYLOID_BETA_METABOLIC_PROCESS	GOBP_AMYLOID_BETA_METABOLIC_PROCESS		56	0.72540164	1.4681946	0.06259097	0.36282292	1.0	1469	tags=27%, list=9%, signal=29%	
HALLMARK_HEDGEHOG_SIGNALING	HALLMARK_HEDGEHOG_SIGNALING		35	0.7473075	1.4672072	0.07208589	0.3640246	1.0	2128	tags=37%, list=13%, signal=43%	
GOBP_REGULATION_OF_MEMBRANE_DEPOLARIZATION	GOBP_REGULATION_OF_MEMBRANE_DEPOLARIZATION		45	0.7416758	1.4671516	0.06521739	0.36351553	1.0	1292	tags=16%, list=8%, signal=17%	
KEGG_PRIMARY_IMMUNODEFICIENCY	KEGG_PRIMARY_IMMUNODEFICIENCY		27	0.76198304	1.4661802	0.0625	0.3647275	1.0	519	tags=15%, list=3%, signal=15%	
GOBP_REGULATION_OF_ALCOHOL_BIOSYNTHETIC_PROCESS	GOBP_REGULATION_OF_ALCOHOL_BIOSYNTHETIC_PROCESS		45	0.73542875	1.4661129	0.075187966	0.36422455	1.0	1288	tags=20%, list=8%, signal=22%	
GOBP_LEUKOTRIENE_METABOLIC_PROCESS	GOBP_LEUKOTRIENE_METABOLIC_PROCESS		22	0.8047858	1.4659848	0.054135337	0.3638398	1.0	508	tags=9%, list=3%, signal=9%	
GOBP_CARDIAC_MUSCLE_CELL_CONTRACTION	GOBP_CARDIAC_MUSCLE_CELL_CONTRACTION		80	0.71540236	1.4649636	0.06534954	0.36520875	1.0	1569	tags=21%, list=10%, signal=23%	
GOBP_POSITIVE_REGULATION_OF_NUCLEOTIDE_METABOLIC_PROCESS	GOBP_POSITIVE_REGULATION_OF_NUCLEOTIDE_METABOLIC_PROCESS		34	0.7555534	1.4647521	0.053491827	0.36499575	1.0	1373	tags=32%, list=8%, signal=35%	
GOBP_REGULATION_OF_CARDIAC_MUSCLE_CELL_MEMBRANE_REPOLARIZATION	GOBP_REGULATION_OF_CARDIAC_MUSCLE_CELL_MEMBRANE_REPOLARIZATION		25	0.7899128	1.4645542	0.06871345	0.36480153	1.0	1207	tags=20%, list=7%, signal=22%	
GOBP_RHYTHMIC_BEHAVIOR	GOBP_RHYTHMIC_BEHAVIOR		44	0.7436847	1.4641947	0.05783866	0.3648417	1.0	1870	tags=30%, list=11%, signal=33%	
GOBP_PYRIDINE_CONTAINING_COMPOUND_BIOSYNTHETIC_PROCESS	GOBP_PYRIDINE_CONTAINING_COMPOUND_BIOSYNTHETIC_PROCESS		21	0.8162514	1.4637215	0.049844235	0.36519444	1.0	859	tags=14%, list=5%, signal=15%	
KEGG_NICOTINATE_AND_NICOTINAMIDE_METABOLISM	KEGG_NICOTINATE_AND_NICOTINAMIDE_METABOLISM		23	0.7978957	1.4630724	0.053882726	0.36580884	1.0	616	tags=17%, list=4%, signal=18%	
GOBP_NEUTRAL_AMINO_ACID_TRANSPORT	GOBP_NEUTRAL_AMINO_ACID_TRANSPORT		48	0.7213249	1.4628847	0.07395994	0.36553994	1.0	2777	tags=38%, list=17%, signal=45%	
GOBP_MONOCARBOXYLIC_ACID_BIOSYNTHETIC_PROCESS	GOBP_MONOCARBOXYLIC_ACID_BIOSYNTHETIC_PROCESS		182	0.67025936	1.4627382	0.057991512	0.36524364	1.0	164	tags=3%, list=1%, signal=3%	
GOBP_DEFENSE_RESPONSE_TO_VIRUS	GOBP_DEFENSE_RESPONSE_TO_VIRUS		258	0.65411556	1.4609652	0.05722071	0.36798745	1.0	1857	tags=26%, list=11%, signal=28%	
KIM_ALL_DISORDERS_OLIGODENDROCYTE_NUMBER_CORR_DN	KIM_ALL_DISORDERS_OLIGODENDROCYTE_NUMBER_CORR_DN		23	0.7911081	1.4609482	0.060278207	0.3674225	1.0	1871	tags=39%, list=12%, signal=44%	
GOBP_NITRIC_OXIDE_MEDIATED_SIGNAL_TRANSDUCTION	GOBP_NITRIC_OXIDE_MEDIATED_SIGNAL_TRANSDUCTION		22	0.7847414	1.4606714	0.07264297	0.36735982	1.0	258	tags=9%, list=2%, signal=9%	
GOBP_ATP_METABOLIC_PROCESS	GOBP_ATP_METABOLIC_PROCESS		213	0.67223847	1.4590286	0.061253563	0.3699141	1.0	1455	tags=24%, list=9%, signal=26%	
KEGG_RIG_I_LIKE_RECEPTOR_SIGNALING_PATHWAY	KEGG_RIG_I_LIKE_RECEPTOR_SIGNALING_PATHWAY		52	0.72578514	1.4585184	0.07467057	0.37029606	1.0	3565	tags=60%, list=22%, signal=76%	
GOBP_RESPONSE_TO_INTERLEUKIN_17	GOBP_RESPONSE_TO_INTERLEUKIN_17		19	0.806426	1.45783	0.0742496	0.3710106	1.0	238	tags=21%, list=1%, signal=21%	
GOBP_OPSONIZATION	GOBP_OPSONIZATION		15	0.83320475	1.457674	0.055194806	0.37070748	1.0	471	tags=33%, list=3%, signal=34%	
GOBP_TOLL_LIKE_RECEPTOR_2_SIGNALING_PATHWAY	GOBP_TOLL_LIKE_RECEPTOR_2_SIGNALING_PATHWAY		18	0.8294329	1.4571589	0.0416	0.37108454	1.0	1513	tags=44%, list=9%, signal=49%	
GOBP_MICROTUBULE_ANCHORING	GOBP_MICROTUBULE_ANCHORING		23	0.7717455	1.45709	0.070754714	0.3706236	1.0	1182	tags=35%, list=7%, signal=37%	
JOHNSON_2016_COEXPRESSION_HIPPOCAMPUS_HUMAN_M9	JOHNSON_2016_COEXPRESSION_HIPPOCAMPUS_HUMAN_M9		144	0.6662183	1.4568094	0.059490085	0.37055153	1.0	2277	tags=35%, list=14%, signal=40%	
GOBP_CELLULAR_RESPIRATION	GOBP_CELLULAR_RESPIRATION		294	0.64915687	1.4556227	0.05882353	0.37217772	1.0	1373	tags=18%, list=8%, signal=20%	
GOBP_RELAXATION_OF_CARDIAC_MUSCLE	GOBP_RELAXATION_OF_CARDIAC_MUSCLE		17	0.82102007	1.4554673	0.0515625	0.37189308	1.0	1241	tags=47%, list=8%, signal=51%	
GOBP_AMYLOID_PRECURSOR_PROTEIN_CATABOLIC_PROCESS	GOBP_AMYLOID_PRECURSOR_PROTEIN_CATABOLIC_PROCESS		56	0.7378062	1.454304	0.0591716	0.3734911	1.0	1515	tags=34%, list=9%, signal=37%	
GOBP_REGULATION_OF_RESPIRATORY_GASEOUS_EXCHANGE	GOBP_REGULATION_OF_RESPIRATORY_GASEOUS_EXCHANGE		20	0.80123156	1.4534863	0.063004844	0.3744489	1.0	37	tags=5%, list=0%, signal=5%	
KEGG_STARCH_AND_SUCROSE_METABOLISM	KEGG_STARCH_AND_SUCROSE_METABOLISM		25	0.77805334	1.4531192	0.05727554	0.3745548	1.0	1595	tags=36%, list=10%, signal=40%	
GOBP_POSITIVE_REGULATION_OF_LEUKOCYTE_DEGRANULATION	GOBP_POSITIVE_REGULATION_OF_LEUKOCYTE_DEGRANULATION		24	0.78305966	1.451989	0.055059522	0.37612057	1.0	1931	tags=42%, list=12%, signal=47%	
GOBP_ACTIN_POLYMERIZATION_OR_DEPOLYMERIZATION	GOBP_ACTIN_POLYMERIZATION_OR_DEPOLYMERIZATION		175	0.66921467	1.4519135	0.066570185	0.37564188	1.0	1616	tags=32%, list=10%, signal=35%	
GOBP_REGULATION_OF_CHROMOSOME_CONDENSATION	GOBP_REGULATION_OF_CHROMOSOME_CONDENSATION		15	0.8187371	1.4517716	0.03732504	0.37528694	1.0	1253	tags=33%, list=8%, signal=36%	
GOBP_REGULATION_OF_VENTRICULAR_CARDIAC_MUSCLE_CELL_MEMBRANE_REPOLARIZATION	GOBP_REGULATION_OF_VENTRICULAR_CARDIAC_MUSCLE_CELL_MEMBRANE_REPOLARIZATION		21	0.77279246	1.4511713	0.07109005	0.3757873	1.0	1207	tags=19%, list=7%, signal=21%	
GOBP_CELLULAR_RESPONSE_TO_INTERFERON_BETA	GOBP_CELLULAR_RESPONSE_TO_INTERFERON_BETA		25	0.77274454	1.4509906	0.066450566	0.37553608	1.0	562	tags=20%, list=3%, signal=21%	
GOBP_MEMBRANE_PROTEIN_PROTEOLYSIS	GOBP_MEMBRANE_PROTEIN_PROTEOLYSIS		60	0.71685654	1.4507424	0.06686478	0.37542644	1.0	1393	tags=23%, list=9%, signal=25%	
ASTROCYTE_ALL_DARMANIS_PNAS_2015	ASTROCYTE_ALL_DARMANIS_PNAS_2015		17	0.8230825	1.4506152	0.061128527	0.3750779	1.0	1199	tags=35%, list=7%, signal=38%	
GOBP_POSITIVE_REGULATION_OF_CHOLESTEROL_METABOLIC_PROCESS	GOBP_POSITIVE_REGULATION_OF_CHOLESTEROL_METABOLIC_PROCESS		19	0.79645216	1.4503268	0.074132495	0.37503815	1.0	1288	tags=32%, list=8%, signal=34%	
GOBP_CELLULAR_RESPONSE_TO_GLUCOSE_STARVATION	GOBP_CELLULAR_RESPONSE_TO_GLUCOSE_STARVATION		47	0.7364269	1.4502951	0.07331378	0.37448877	1.0	683	tags=19%, list=4%, signal=20%	
GOBP_REGULATION_OF_PROTEIN_LOCALIZATION_TO_PLASMA_MEMBRANE	GOBP_REGULATION_OF_PROTEIN_LOCALIZATION_TO_PLASMA_MEMBRANE		109	0.68783605	1.4498941	0.07439199	0.37462288	1.0	1511	tags=21%, list=9%, signal=23%	
GOBP_PLATELET_MORPHOGENESIS	GOBP_PLATELET_MORPHOGENESIS		24	0.7675522	1.4497824	0.07067669	0.37425128	1.0	395	tags=25%, list=2%, signal=26%	
GOBP_REGULATION_OF_RELEASE_OF_SEQUESTERED_CALCIUM_ION_INTO_CYTOSOL	GOBP_REGULATION_OF_RELEASE_OF_SEQUESTERED_CALCIUM_ION_INTO_CYTOSOL		70	0.70586395	1.4496546	0.07857143	0.37391415	1.0	1039	tags=24%, list=6%, signal=26%	
GOBP_ESTABLISHMENT_OF_PROTEIN_LOCALIZATION_TO_VACUOLE	GOBP_ESTABLISHMENT_OF_PROTEIN_LOCALIZATION_TO_VACUOLE		59	0.6939843	1.4487737	0.061561562	0.3749868	1.0	1099	tags=20%, list=7%, signal=22%	
KEGG_ADHERENS_JUNCTION	KEGG_ADHERENS_JUNCTION		72	0.70434326	1.448696	0.06413994	0.37454656	1.0	790	tags=15%, list=5%, signal=16%	
MODY_HIPPOCAMPUS_POSTNATAL	MODY_HIPPOCAMPUS_POSTNATAL		52	0.72441787	1.4482789	0.07646177	0.37473106	1.0	1240	tags=48%, list=8%, signal=52%	
GOBP_INORGANIC_ION_HOMEOSTASIS	GOBP_INORGANIC_ION_HOMEOSTASIS		477	0.63841915	1.4481676	0.043537416	0.37435675	1.0	1380	tags=18%, list=8%, signal=19%	
GOBP_REGULATION_OF_T_CELL_RECEPTOR_SIGNALING_PATHWAY	GOBP_REGULATION_OF_T_CELL_RECEPTOR_SIGNALING_PATHWAY		57	0.70516735	1.44793	0.07313643	0.37425804	1.0	2316	tags=44%, list=14%, signal=51%	
GOBP_CELL_SURFACE_RECEPTOR_SIGNALING_PATHWAY_VIA_JAK_STAT	GOBP_CELL_SURFACE_RECEPTOR_SIGNALING_PATHWAY_VIA_JAK_STAT		112	0.6770888	1.4467193	0.06798867	0.37594834	1.0	1265	tags=21%, list=8%, signal=23%	
KEGG_MEDICUS_REFERENCE_IL6_FAMILY_TO_JAK_STAT_SIGNALING_PATHWAY	KEGG_MEDICUS_REFERENCE_IL6_FAMILY_TO_JAK_STAT_SIGNALING_PATHWAY		22	0.7769729	1.446229	0.06369427	0.37632927	1.0	1125	tags=27%, list=7%, signal=29%	
GOBP_EXOCYTOSIS	GOBP_EXOCYTOSIS		350	0.65197563	1.4459957	0.06077348	0.37618983	1.0	2067	tags=29%, list=13%, signal=32%	
GOBP_CORTICAL_ACTIN_CYTOSKELETON_ORGANIZATION	GOBP_CORTICAL_ACTIN_CYTOSKELETON_ORGANIZATION		40	0.73334557	1.4453541	0.07131783	0.37694862	1.0	1523	tags=40%, list=9%, signal=44%	
ASTROCYTE_ALL_ZHANG_JNEURO_2014	ASTROCYTE_ALL_ZHANG_JNEURO_2014		37	0.74657834	1.4441556	0.07373272	0.37866285	1.0	2434	tags=41%, list=15%, signal=48%	
GOBP_POSITIVE_REGULATION_OF_STEROID_METABOLIC_PROCESS	GOBP_POSITIVE_REGULATION_OF_STEROID_METABOLIC_PROCESS		32	0.7661225	1.4438299	0.05108359	0.37876314	1.0	1288	tags=25%, list=8%, signal=27%	
GOBP_IRE1_MEDIATED_UNFOLDED_PROTEIN_RESPONSE	GOBP_IRE1_MEDIATED_UNFOLDED_PROTEIN_RESPONSE		22	0.77207875	1.4438196	0.0755627	0.37820002	1.0	918	tags=18%, list=6%, signal=19%	
GOBP_REGULATION_OF_MYELOID_CELL_APOPTOTIC_PROCESS	GOBP_REGULATION_OF_MYELOID_CELL_APOPTOTIC_PROCESS		21	0.78721035	1.4437541	0.064914994	0.37776387	1.0	1600	tags=57%, list=10%, signal=63%	
GOBP_T_HELPER_1_TYPE_IMMUNE_RESPONSE	GOBP_T_HELPER_1_TYPE_IMMUNE_RESPONSE		63	0.7079392	1.4433724	0.08676471	0.3779213	1.0	1125	tags=17%, list=7%, signal=19%	
GOBP_NATURAL_KILLER_CELL_ACTIVATION_INVOLVED_IN_IMMUNE_RESPONSE	GOBP_NATURAL_KILLER_CELL_ACTIVATION_INVOLVED_IN_IMMUNE_RESPONSE		16	0.80354583	1.4430683	0.07779579	0.37798738	1.0	1931	tags=44%, list=12%, signal=50%	
GOBP_REGULATION_OF_TYPE_I_INTERFERON_MEDIATED_SIGNALING_PATHWAY	GOBP_REGULATION_OF_TYPE_I_INTERFERON_MEDIATED_SIGNALING_PATHWAY		41	0.73981494	1.4427476	0.06656101	0.37805903	1.0	3199	tags=54%, list=20%, signal=67%	
GOBP_REGULATION_OF_GLYCOLYTIC_PROCESS	GOBP_REGULATION_OF_GLYCOLYTIC_PROCESS		47	0.72525746	1.4426856	0.08296296	0.37758997	1.0	1455	tags=30%, list=9%, signal=33%	
GOBP_REGULATION_OF_CYTOPLASMIC_PATTERN_RECOGNITION_RECEPTOR_SIGNALING_PATHWAY	GOBP_REGULATION_OF_CYTOPLASMIC_PATTERN_RECOGNITION_RECEPTOR_SIGNALING_PATHWAY		123	0.6725391	1.4424825	0.07725322	0.37740824	1.0	2043	tags=28%, list=13%, signal=31%	
GOBP_RESPONSE_TO_CHEMOKINE	GOBP_RESPONSE_TO_CHEMOKINE		78	0.69153184	1.4423888	0.078034684	0.37702313	1.0	798	tags=17%, list=5%, signal=17%	
GEMMA_GSE29417_A_NEW_MOUSE_MODEL_FOR_MANIA_SHARES_GENETIC_CORRELATES_WITH_HUMAN_BIPOLAR_DISORDER_STRAIN_MSN_DOWN	GEMMA_GSE29417_A_NEW_MOUSE_MODEL_FOR_MANIA_SHARES_GENETIC_CORRELATES_WITH_HUMAN_BIPOLAR_DISORDER_STRAIN_MSN_DOWN		18	0.8061051	1.4422334	0.0799373	0.3767462	1.0	406	tags=11%, list=2%, signal=11%	
"GEMMA_GSE8641_RNF41_IS_ASSOCIATED_WITH_ANXIETY_LIKE_BEHAVIOR,_MAJOR_DEPRESSION_AND_BETA_CARBOLINE_INDUCED_SEIZURE_-_GPL339_STRAINORLINE_A.J_DOWN"	"GEMMA_GSE8641_RNF41_IS_ASSOCIATED_WITH_ANXIETY_LIKE_BEHAVIOR,_MAJOR_DEPRESSION_AND_BETA_CARBOLINE_INDUCED_SEIZURE_-_GPL339_STRAINORLINE_A.J_DOWN"		18	0.821369	1.4415362	0.059748426	0.37747678	1.0	2	tags=6%, list=0%, signal=6%	
GOBP_INHIBITORY_SYNAPSE_ASSEMBLY	GOBP_INHIBITORY_SYNAPSE_ASSEMBLY		29	0.76026034	1.4415351	0.066563465	0.37690568	1.0	2881	tags=45%, list=18%, signal=54%	
GOBP_REGULATION_OF_CHEMOTAXIS	GOBP_REGULATION_OF_CHEMOTAXIS		187	0.65627843	1.4414604	0.061643835	0.3764845	1.0	636	tags=9%, list=4%, signal=9%	
GOBP_RESPONSE_TO_DIETARY_EXCESS	GOBP_RESPONSE_TO_DIETARY_EXCESS		27	0.76851434	1.4414368	0.057692308	0.37595192	1.0	584	tags=15%, list=4%, signal=15%	
GOBP_CIRCADIAN_RHYTHM	GOBP_CIRCADIAN_RHYTHM		194	0.650579	1.4412874	0.05865522	0.37565833	1.0	1870	tags=25%, list=11%, signal=28%	
HALLMARK_INFLAMMATORY_RESPONSE	HALLMARK_INFLAMMATORY_RESPONSE		188	0.64816296	1.4388285	0.06534091	0.38000193	1.0	2056	tags=30%, list=13%, signal=34%	
GOBP_RESPONSE_TO_NICOTINE	GOBP_RESPONSE_TO_NICOTINE		43	0.7300239	1.4384686	0.06696428	0.3801515	1.0	238	tags=9%, list=1%, signal=9%	
GEMMA_GSE126678_ENDURING_AND_SEX-SPECIFIC_CHANGES_IN_HIPPOCAMPAL_GENE_EXPRESSION_AFTER_SUBCHRONIC_IMMUNE_CHALLENGE_TREATMENT_LONG.TERM.SUBCHRONIC.IMMUNE.CHALLENGE.ACUTE.IMMUNE.CHALLENGE_LIPOPOLYSACCHARIDE_LIPOPOLYSACCHARIDE_UP	GEMMA_GSE126678_ENDURING_AND_SEX-SPECIFIC_CHANGES_IN_HIPPOCAMPAL_GENE_EXPRESSION_AFTER_SUBCHRONIC_IMMUNE_CHALLENGE_TREATMENT_LONG.TERM.SUBCHRONIC.IMMUNE.CHALLENGE.ACUTE.IMMUNE.CHALLENGE_LIPOPOLYSACCHARIDE_LIPOPOLYSACCHARIDE_UP		33	0.74807644	1.438395	0.066176474	0.37972757	1.0	882	tags=33%, list=5%, signal=35%	
GOBP_REGULATION_OF_CHOLESTEROL_BIOSYNTHETIC_PROCESS	GOBP_REGULATION_OF_CHOLESTEROL_BIOSYNTHETIC_PROCESS		25	0.76651067	1.4364904	0.06677019	0.38282505	1.0	811	tags=20%, list=5%, signal=21%	
GOBP_CELLULAR_SENESCENCE	GOBP_CELLULAR_SENESCENCE		94	0.68676734	1.4364753	0.074858755	0.38228795	1.0	960	tags=11%, list=6%, signal=11%	
GOBP_NEGATIVE_REGULATION_OF_NEURON_PROJECTION_DEVELOPMENT	GOBP_NEGATIVE_REGULATION_OF_NEURON_PROJECTION_DEVELOPMENT		125	0.67446834	1.4362375	0.06866953	0.3821568	1.0	1634	tags=19%, list=10%, signal=21%	
GOBP_REGULATION_OF_ADIPOSE_TISSUE_DEVELOPMENT	GOBP_REGULATION_OF_ADIPOSE_TISSUE_DEVELOPMENT		21	0.8041655	1.4359181	0.056872036	0.38219482	1.0	1164	tags=33%, list=7%, signal=36%	
GOBP_ALPHA_BETA_T_CELL_PROLIFERATION	GOBP_ALPHA_BETA_T_CELL_PROLIFERATION		38	0.71047634	1.4358791	0.07131783	0.38170916	1.0	1877	tags=32%, list=12%, signal=36%	
GOBP_ELECTRON_TRANSPORT_CHAIN	GOBP_ELECTRON_TRANSPORT_CHAIN		111	0.6682263	1.4352131	0.06845238	0.3824261	1.0	458	tags=8%, list=3%, signal=8%	
GOBP_REGULATION_OF_NEUROTRANSMITTER_UPTAKE	GOBP_REGULATION_OF_NEUROTRANSMITTER_UPTAKE		17	0.7998525	1.435167	0.062700965	0.3819481	1.0	182	tags=18%, list=1%, signal=18%	
GOBP_TYPE_I_INTERFERON_MEDIATED_SIGNALING_PATHWAY	GOBP_TYPE_I_INTERFERON_MEDIATED_SIGNALING_PATHWAY		63	0.7017671	1.4345505	0.07913669	0.382659	1.0	3199	tags=48%, list=20%, signal=59%	
GOBP_REGULATION_OF_HORMONE_METABOLIC_PROCESS	GOBP_REGULATION_OF_HORMONE_METABOLIC_PROCESS		33	0.7316173	1.433914	0.09034268	0.38338858	1.0	1272	tags=21%, list=8%, signal=23%	
GOBP_SYNAPTIC_VESICLE_EXOCYTOSIS	GOBP_SYNAPTIC_VESICLE_EXOCYTOSIS		102	0.6632903	1.4330647	0.07906296	0.3844158	1.0	1872	tags=35%, list=12%, signal=40%	
GOBP_CARDIAC_CONDUCTION	GOBP_CARDIAC_CONDUCTION		88	0.69664454	1.4329883	0.07380608	0.38400695	1.0	1207	tags=25%, list=7%, signal=27%	
GENEWEAVER_CZIBERE2011_GS137563_DIFFERENTIALLY EXPRESSED GENES BETWEEN SELECTED HIGH ANXIETY-RELATED BEHAVIOR (HAB) AND (LOW ANXIETY-RELATED BEHAVIOR) LAB MICE IN ALL ANALYZED BRAIN REGIONS_PVAL05	GENEWEAVER_CZIBERE2011_GS137563_DIFFERENTIALLY EXPRESSED GENES BETWEEN SELECTED HIGH ANXIETY-RELATED BEHAVIOR (HAB) AND (LOW ANXIETY-RELATED BEHAVIOR) LAB MICE IN ALL ANALYZED BRAIN REGIONS_PVAL05		27	0.7595916	1.4328743	0.07587253	0.3836522	1.0	383	tags=19%, list=2%, signal=19%	
GOBP_PHAGOCYTOSIS	GOBP_PHAGOCYTOSIS		209	0.65505016	1.4324452	0.062322944	0.38394156	1.0	1505	tags=27%, list=9%, signal=29%	
GOBP_REGULATION_OF_NUCLEAR_TRANSCRIBED_MRNA_POLY_A_TAIL_SHORTENING	GOBP_REGULATION_OF_NUCLEAR_TRANSCRIBED_MRNA_POLY_A_TAIL_SHORTENING		15	0.80127877	1.4324203	0.07154742	0.3834336	1.0	2828	tags=80%, list=17%, signal=97%	
GOBP_SUPEROXIDE_ANION_GENERATION	GOBP_SUPEROXIDE_ANION_GENERATION		36	0.72450626	1.4314092	0.09076433	0.3848484	1.0	1234	tags=33%, list=8%, signal=36%	
GOBP_LIPID_DROPLET_FORMATION	GOBP_LIPID_DROPLET_FORMATION		17	0.79797953	1.4310917	0.0591133	0.3848543	1.0	1312	tags=18%, list=8%, signal=19%	
GOBP_FIBROBLAST_PROLIFERATION	GOBP_FIBROBLAST_PROLIFERATION		80	0.67876244	1.4309983	0.07920792	0.3844911	1.0	97	tags=3%, list=1%, signal=3%	
GOBP_NEGATIVE_REGULATION_OF_CELL_ADHESION	GOBP_NEGATIVE_REGULATION_OF_CELL_ADHESION		274	0.6379922	1.4308513	0.05196629	0.3842791	1.0	1108	tags=14%, list=7%, signal=15%	
GOBP_REGULATION_OF_ACTIN_FILAMENT_LENGTH	GOBP_REGULATION_OF_ACTIN_FILAMENT_LENGTH		144	0.66533196	1.4305946	0.06743185	0.384208	1.0	1611	tags=32%, list=10%, signal=35%	
GOBP_PROTEIN_TARGETING_TO_VACUOLE	GOBP_PROTEIN_TARGETING_TO_VACUOLE		47	0.72481513	1.4305573	0.065476194	0.3837302	1.0	1099	tags=23%, list=7%, signal=25%	
GOBP_ACUTE_INFLAMMATORY_RESPONSE	GOBP_ACUTE_INFLAMMATORY_RESPONSE		75	0.69031185	1.4303478	0.08404558	0.38361967	1.0	803	tags=17%, list=5%, signal=18%	
GOBP_NEGATIVE_REGULATION_OF_SUPRAMOLECULAR_FIBER_ORGANIZATION	GOBP_NEGATIVE_REGULATION_OF_SUPRAMOLECULAR_FIBER_ORGANIZATION		153	0.64986	1.4301145	0.062586926	0.38355005	1.0	1480	tags=26%, list=9%, signal=28%	
GOBP_NK_T_CELL_ACTIVATION	GOBP_NK_T_CELL_ACTIVATION		23	0.77540934	1.4299212	0.0668693	0.3833802	1.0	3213	tags=57%, list=20%, signal=70%	
GOBP_REGULATION_OF_MIRNA_METABOLIC_PROCESS	GOBP_REGULATION_OF_MIRNA_METABOLIC_PROCESS		81	0.68214995	1.4296726	0.083333336	0.38335043	1.0	2334	tags=37%, list=14%, signal=43%	
GOBP_REGULATION_OF_NEUROTRANSMITTER_TRANSPORT	GOBP_REGULATION_OF_NEUROTRANSMITTER_TRANSPORT		97	0.6632767	1.427789	0.07580175	0.3865175	1.0	1539	tags=23%, list=9%, signal=25%	
GOBP_NEURON_MATURATION	GOBP_NEURON_MATURATION		49	0.7142743	1.4274085	0.06962963	0.38672143	1.0	404	tags=10%, list=2%, signal=10%	
GOBP_ESTABLISHMENT_OR_MAINTENANCE_OF_CELL_POLARITY	GOBP_ESTABLISHMENT_OR_MAINTENANCE_OF_CELL_POLARITY		222	0.6563351	1.4270416	0.06056338	0.3869049	1.0	1222	tags=17%, list=8%, signal=18%	
GOBP_NUCLEOSIDE_TRIPHOSPHATE_METABOLIC_PROCESS	GOBP_NUCLEOSIDE_TRIPHOSPHATE_METABOLIC_PROCESS		256	0.6380981	1.4267865	0.05571031	0.38686183	1.0	1455	tags=22%, list=9%, signal=24%	
GOBP_POSITIVE_REGULATION_OF_CHOLESTEROL_EFFLUX	GOBP_POSITIVE_REGULATION_OF_CHOLESTEROL_EFFLUX		23	0.7671138	1.4261005	0.065671645	0.38771918	1.0	238	tags=13%, list=1%, signal=13%	
GOBP_REGULATION_OF_NEURON_DIFFERENTIATION	GOBP_REGULATION_OF_NEURON_DIFFERENTIATION		157	0.6595296	1.4259119	0.08321965	0.38752982	1.0	1182	tags=15%, list=7%, signal=16%	
GOBP_DNA_RECOMBINATION	GOBP_DNA_RECOMBINATION		310	0.6302512	1.4258763	0.059065934	0.38705802	1.0	2333	tags=15%, list=14%, signal=17%	
GOBP_NUCLEOSIDE_PHOSPHATE_CATABOLIC_PROCESS	GOBP_NUCLEOSIDE_PHOSPHATE_CATABOLIC_PROCESS		168	0.6572349	1.4254291	0.06970128	0.3874116	1.0	1107	tags=21%, list=7%, signal=22%	
KEGG_OXIDATIVE_PHOSPHORYLATION	KEGG_OXIDATIVE_PHOSPHORYLATION		110	0.66269636	1.424496	0.07909604	0.3887173	1.0	892	tags=14%, list=5%, signal=14%	
GOBP_ENDOLYSOSOMAL_TOLL_LIKE_RECEPTOR_SIGNALING_PATHWAY	GOBP_ENDOLYSOSOMAL_TOLL_LIKE_RECEPTOR_SIGNALING_PATHWAY		49	0.70961964	1.4242849	0.07239819	0.38859466	1.0	1999	tags=35%, list=12%, signal=39%	
GOBP_MONOSACCHARIDE_BIOSYNTHETIC_PROCESS	GOBP_MONOSACCHARIDE_BIOSYNTHETIC_PROCESS		82	0.70289946	1.4241878	0.086021505	0.38825935	1.0	2520	tags=34%, list=15%, signal=40%	
GOBP_DEOXYRIBONUCLEOTIDE_METABOLIC_PROCESS	GOBP_DEOXYRIBONUCLEOTIDE_METABOLIC_PROCESS		45	0.7246651	1.4239796	0.06861314	0.38812202	1.0	1564	tags=18%, list=10%, signal=20%	
NEURON_ALL_DARMANIS_PNAS_2015	NEURON_ALL_DARMANIS_PNAS_2015		18	0.7798514	1.4238689	0.08503937	0.38777584	1.0	1100	tags=44%, list=7%, signal=48%	
GOBP_MAST_CELL_ACTIVATION_INVOLVED_IN_IMMUNE_RESPONSE	GOBP_MAST_CELL_ACTIVATION_INVOLVED_IN_IMMUNE_RESPONSE		56	0.7033699	1.4237702	0.07932011	0.3874114	1.0	1911	tags=29%, list=12%, signal=32%	
SMID_BREAST_CANCER_RELAPSE_IN_BRAIN_UP	SMID_BREAST_CANCER_RELAPSE_IN_BRAIN_UP		32	0.74436855	1.4233121	0.08231708	0.3877408	1.0	855	tags=13%, list=5%, signal=13%	
GOBP_POSITIVE_REGULATION_OF_ANTIGEN_RECEPTOR_MEDIATED_SIGNALING_PATHWAY	GOBP_POSITIVE_REGULATION_OF_ANTIGEN_RECEPTOR_MEDIATED_SIGNALING_PATHWAY		26	0.7643521	1.4229342	0.08689024	0.3879425	1.0	1154	tags=31%, list=7%, signal=33%	
GOBP_NEGATIVE_REGULATION_OF_IMMUNE_EFFECTOR_PROCESS	GOBP_NEGATIVE_REGULATION_OF_IMMUNE_EFFECTOR_PROCESS		106	0.68344593	1.4227495	0.07725947	0.3877371	1.0	1060	tags=15%, list=7%, signal=16%	
GOBP_RESPONSE_TO_ARSENIC_CONTAINING_SUBSTANCE	GOBP_RESPONSE_TO_ARSENIC_CONTAINING_SUBSTANCE		29	0.7428538	1.4227344	0.07264297	0.38722482	1.0	2467	tags=38%, list=15%, signal=45%	
GOBP_REGULATION_OF_STEROID_HORMONE_SECRETION	GOBP_REGULATION_OF_STEROID_HORMONE_SECRETION		22	0.76836956	1.4226693	0.08888889	0.3868023	1.0	2180	tags=27%, list=13%, signal=31%	
GOBP_NEUROTROPHIN_SIGNALING_PATHWAY	GOBP_NEUROTROPHIN_SIGNALING_PATHWAY		38	0.74010926	1.4223368	0.087878786	0.38695294	1.0	2180	tags=39%, list=13%, signal=45%	
KEGG_DILATED_CARDIOMYOPATHY	KEGG_DILATED_CARDIOMYOPATHY		83	0.6809468	1.4222583	0.081571	0.38657266	1.0	773	tags=10%, list=5%, signal=10%	
GOBP_POSITIVE_REGULATION_OF_NATURAL_KILLER_CELL_MEDIATED_CYTOTOXICITY	GOBP_POSITIVE_REGULATION_OF_NATURAL_KILLER_CELL_MEDIATED_CYTOTOXICITY		24	0.76346594	1.4214652	0.08320493	0.38752303	1.0	2538	tags=46%, list=16%, signal=54%	
GOBP_CELLULAR_RESPONSE_TO_ANGIOTENSIN	GOBP_CELLULAR_RESPONSE_TO_ANGIOTENSIN		33	0.7420465	1.4209795	0.076583214	0.38794044	1.0	1199	tags=27%, list=7%, signal=29%	
GOBP_REGULATION_OF_CHOLESTEROL_EFFLUX	GOBP_REGULATION_OF_CHOLESTEROL_EFFLUX		33	0.742223	1.4209405	0.08643815	0.387456	1.0	359	tags=12%, list=2%, signal=12%	
GOBP_ORGANIC_ANION_TRANSPORT	GOBP_ORGANIC_ANION_TRANSPORT		356	0.6307079	1.4208009	0.05835544	0.38719603	1.0	1543	tags=12%, list=9%, signal=13%	
GOBP_CELLULAR_RESPONSE_TO_ZINC_ION	GOBP_CELLULAR_RESPONSE_TO_ZINC_ION		15	0.79600453	1.419639	0.072463766	0.38882604	1.0	1918	tags=53%, list=12%, signal=60%	
GOBP_REGULATION_OF_ANTIGEN_RECEPTOR_MEDIATED_SIGNALING_PATHWAY	GOBP_REGULATION_OF_ANTIGEN_RECEPTOR_MEDIATED_SIGNALING_PATHWAY		74	0.68375504	1.4193765	0.08308605	0.38883469	1.0	2316	tags=41%, list=14%, signal=47%	
GOBP_REGULATION_OF_ACTIN_FILAMENT_POLYMERIZATION	GOBP_REGULATION_OF_ACTIN_FILAMENT_POLYMERIZATION		122	0.668032	1.4192369	0.07569141	0.3885579	1.0	1611	tags=33%, list=10%, signal=36%	
GOBP_REGULATION_OF_B_CELL_DIFFERENTIATION	GOBP_REGULATION_OF_B_CELL_DIFFERENTIATION		31	0.73103076	1.4189452	0.0830721	0.38862407	1.0	1541	tags=32%, list=9%, signal=36%	
GOBP_NEGATIVE_REGULATION_OF_VASCULAR_PERMEABILITY	GOBP_NEGATIVE_REGULATION_OF_VASCULAR_PERMEABILITY		17	0.7979873	1.4184579	0.0762987	0.38901597	1.0	129	tags=12%, list=1%, signal=12%	
GOBP_PIGMENT_GRANULE_ORGANIZATION	GOBP_PIGMENT_GRANULE_ORGANIZATION		35	0.74166566	1.4184579	0.0960961	0.3884757	1.0	1496	tags=14%, list=9%, signal=16%	
GOBP_POSITIVE_REGULATION_OF_INSULIN_SECRETION	GOBP_POSITIVE_REGULATION_OF_INSULIN_SECRETION		68	0.69814754	1.4180051	0.0742942	0.3888317	1.0	1586	tags=21%, list=10%, signal=23%	
GENEWEAVER_GENENETWORK HIPPOCAMPUS CONSORTIUM_GS34933_HIPPOCAMPUS GENE EXPRESSION CORRELATES OF OPEN FIELD - TOTAL DISTANCE TRAVELED 10-15 MINUTES [BASAL BEHAVIOR] IN MALES BXD_PVAL001	GENEWEAVER_GENENETWORK HIPPOCAMPUS CONSORTIUM_GS34933_HIPPOCAMPUS GENE EXPRESSION CORRELATES OF OPEN FIELD - TOTAL DISTANCE TRAVELED 10-15 MINUTES [BASAL BEHAVIOR] IN MALES BXD_PVAL001		26	0.7579189	1.4179736	0.07911392	0.38836432	1.0	664	tags=12%, list=4%, signal=12%	
GOBP_REGULATION_OF_MICROGLIAL_CELL_ACTIVATION	GOBP_REGULATION_OF_MICROGLIAL_CELL_ACTIVATION		18	0.78025615	1.417105	0.08503937	0.38954195	1.0	1335	tags=28%, list=8%, signal=30%	
GOBP_REGULATION_OF_CHOLESTEROL_METABOLIC_PROCESS	GOBP_REGULATION_OF_CHOLESTEROL_METABOLIC_PROCESS		41	0.7318973	1.4167529	0.077380955	0.38969216	1.0	1288	tags=22%, list=8%, signal=24%	
GOBP_REGULATION_OF_CELLULAR_RESPONSE_TO_HEAT	GOBP_REGULATION_OF_CELLULAR_RESPONSE_TO_HEAT		16	0.79399806	1.4166437	0.08146965	0.3893961	1.0	1182	tags=38%, list=7%, signal=40%	
GOBP_DETECTION_OF_EXTERNAL_BIOTIC_STIMULUS	GOBP_DETECTION_OF_EXTERNAL_BIOTIC_STIMULUS		20	0.77931976	1.4162868	0.07667211	0.38957092	1.0	471	tags=20%, list=3%, signal=21%	
GOBP_REGULATION_OF_INSULIN_SECRETION	GOBP_REGULATION_OF_INSULIN_SECRETION		134	0.6658197	1.416063	0.06916427	0.38948125	1.0	1588	tags=20%, list=10%, signal=22%	
GOBP_REGULATION_OF_IRE1_MEDIATED_UNFOLDED_PROTEIN_RESPONSE	GOBP_REGULATION_OF_IRE1_MEDIATED_UNFOLDED_PROTEIN_RESPONSE		15	0.8048384	1.41599	0.07885906	0.389101	1.0	918	tags=27%, list=6%, signal=28%	
HALLMARK_IL6_JAK_STAT3_SIGNALING	HALLMARK_IL6_JAK_STAT3_SIGNALING		84	0.6972502	1.4157158	0.08532934	0.3891114	1.0	1265	tags=26%, list=8%, signal=28%	
GOBP_INORGANIC_ION_IMPORT_ACROSS_PLASMA_MEMBRANE	GOBP_INORGANIC_ION_IMPORT_ACROSS_PLASMA_MEMBRANE		115	0.6698375	1.4154626	0.07375886	0.3891235	1.0	1638	tags=19%, list=10%, signal=21%	
GOBP_REACTIVE_OXYGEN_SPECIES_BIOSYNTHETIC_PROCESS	GOBP_REACTIVE_OXYGEN_SPECIES_BIOSYNTHETIC_PROCESS		56	0.7020653	1.4149566	0.07703927	0.38957882	1.0	1459	tags=27%, list=9%, signal=29%	
GOBP_TRIGLYCERIDE_CATABOLIC_PROCESS	GOBP_TRIGLYCERIDE_CATABOLIC_PROCESS		24	0.76417154	1.4149282	0.09119011	0.38909695	1.0	964	tags=17%, list=6%, signal=18%	
GOBP_ANATOMICAL_STRUCTURE_ARRANGEMENT	GOBP_ANATOMICAL_STRUCTURE_ARRANGEMENT		15	0.7993554	1.4147502	0.09485531	0.3889392	1.0	655	tags=27%, list=4%, signal=28%	
GOBP_HORMONE_BIOSYNTHETIC_PROCESS	GOBP_HORMONE_BIOSYNTHETIC_PROCESS		50	0.7087783	1.4140979	0.07368421	0.3897161	1.0	1272	tags=16%, list=8%, signal=17%	
GOBP_POSITIVE_REGULATION_OF_DNA_BINDING_TRANSCRIPTION_FACTOR_ACTIVITY	GOBP_POSITIVE_REGULATION_OF_DNA_BINDING_TRANSCRIPTION_FACTOR_ACTIVITY		95	0.6712055	1.4139401	0.09261939	0.38951486	1.0	966	tags=13%, list=6%, signal=13%	
GOBP_CYTOPLASMIC_PATTERN_RECOGNITION_RECEPTOR_SIGNALING_PATHWAY	GOBP_CYTOPLASMIC_PATTERN_RECOGNITION_RECEPTOR_SIGNALING_PATHWAY		181	0.6382924	1.4132375	0.05722071	0.39044526	1.0	2043	tags=30%, list=13%, signal=34%	
GOBP_RESPONSE_TO_THYROID_HORMONE	GOBP_RESPONSE_TO_THYROID_HORMONE		18	0.7737476	1.4129024	0.07278481	0.3905676	1.0	1334	tags=28%, list=8%, signal=30%	
GOBP_HETEROPHILIC_CELL_CELL_ADHESION	GOBP_HETEROPHILIC_CELL_CELL_ADHESION		46	0.70507735	1.4128472	0.086419754	0.39013672	1.0	908	tags=22%, list=6%, signal=23%	
GOBP_CIRCADIAN_REGULATION_OF_GENE_EXPRESSION	GOBP_CIRCADIAN_REGULATION_OF_GENE_EXPRESSION		63	0.6841346	1.4125376	0.0736377	0.39020225	1.0	679	tags=19%, list=4%, signal=20%	
GOBP_FOREBRAIN_GENERATION_OF_NEURONS	GOBP_FOREBRAIN_GENERATION_OF_NEURONS		83	0.67988145	1.4118321	0.09131736	0.39111608	1.0	674	tags=11%, list=4%, signal=11%	
GOBP_REGULATION_OF_SYNAPTIC_VESICLE_CYCLE	GOBP_REGULATION_OF_SYNAPTIC_VESICLE_CYCLE		15	0.78287596	1.4117095	0.09717868	0.39084876	1.0	1373	tags=40%, list=8%, signal=44%	
GOBP_POSITIVE_REGULATION_OF_PEPTIDYL_TYROSINE_PHOSPHORYLATION	GOBP_POSITIVE_REGULATION_OF_PEPTIDYL_TYROSINE_PHOSPHORYLATION		48	0.69744724	1.4117004	0.07727273	0.39033854	1.0	1584	tags=19%, list=10%, signal=21%	
GOBP_POSITIVE_REGULATION_OF_DEFENSE_RESPONSE	GOBP_POSITIVE_REGULATION_OF_DEFENSE_RESPONSE		480	0.62212193	1.411412	0.044414535	0.39036524	1.0	1513	tags=21%, list=9%, signal=22%	
JOHNSON_2016_COEXPRESSION_HIPPOCAMPUS_HUMAN_M12	JOHNSON_2016_COEXPRESSION_HIPPOCAMPUS_HUMAN_M12		52	0.6967784	1.4114083	0.08792847	0.38984504	1.0	2148	tags=42%, list=13%, signal=49%	
GOBP_POSITIVE_REGULATION_OF_RESPONSE_TO_BIOTIC_STIMULUS	GOBP_POSITIVE_REGULATION_OF_RESPONSE_TO_BIOTIC_STIMULUS		380	0.6245598	1.4112931	0.059474412	0.38955364	1.0	2014	tags=28%, list=12%, signal=31%	
GOBP_REGULATION_OF_STEROID_BIOSYNTHETIC_PROCESS	GOBP_REGULATION_OF_STEROID_BIOSYNTHETIC_PROCESS		66	0.6944076	1.4111829	0.09351433	0.38924375	1.0	1292	tags=21%, list=8%, signal=23%	
GOBP_POSITIVE_REGULATION_OF_NATURAL_KILLER_CELL_MEDIATED_IMMUNITY	GOBP_POSITIVE_REGULATION_OF_NATURAL_KILLER_CELL_MEDIATED_IMMUNITY		27	0.7537289	1.4110616	0.08675799	0.3889719	1.0	2538	tags=41%, list=16%, signal=48%	
GOBP_REGULATION_OF_LEUKOCYTE_MIGRATION	GOBP_REGULATION_OF_LEUKOCYTE_MIGRATION		200	0.64532757	1.4108511	0.07912688	0.38885412	1.0	654	tags=11%, list=4%, signal=11%	
GOBP_NEGATIVE_REGULATION_OF_TELOMERE_MAINTENANCE_VIA_TELOMERE_LENGTHENING	GOBP_NEGATIVE_REGULATION_OF_TELOMERE_MAINTENANCE_VIA_TELOMERE_LENGTHENING		27	0.73541373	1.4105116	0.084745765	0.38904822	1.0	2185	tags=30%, list=13%, signal=34%	
GOBP_TAXIS	GOBP_TAXIS		396	0.63820106	1.4103147	0.06530612	0.38890603	1.0	866	tags=12%, list=5%, signal=12%	
GOBP_PEPTIDE_CATABOLIC_PROCESS	GOBP_PEPTIDE_CATABOLIC_PROCESS		17	0.7840969	1.4100192	0.079617836	0.38894486	1.0	450	tags=24%, list=3%, signal=24%	
GOBP_REGULATION_OF_HEMATOPOIETIC_STEM_CELL_DIFFERENTIATION	GOBP_REGULATION_OF_HEMATOPOIETIC_STEM_CELL_DIFFERENTIATION		17	0.7689267	1.4095153	0.08972268	0.38943264	1.0	753	tags=24%, list=5%, signal=25%	
GOBP_FEAR_RESPONSE	GOBP_FEAR_RESPONSE		50	0.69759274	1.4094824	0.08274895	0.38898817	1.0	372	tags=8%, list=2%, signal=8%	
GOBP_COMPLEMENT_ACTIVATION	GOBP_COMPLEMENT_ACTIVATION		39	0.72092456	1.408997	0.07981928	0.38942447	1.0	132	tags=21%, list=1%, signal=21%	
GOBP_AMINO_ACID_IMPORT_ACROSS_PLASMA_MEMBRANE	GOBP_AMINO_ACID_IMPORT_ACROSS_PLASMA_MEMBRANE		52	0.69971097	1.4087344	0.08510638	0.3894387	1.0	1728	tags=27%, list=11%, signal=30%	
GOBP_SISTER_CHROMATID_SEGREGATION	GOBP_SISTER_CHROMATID_SEGREGATION		236	0.6332165	1.4085572	0.066390045	0.38932908	1.0	1558	tags=14%, list=10%, signal=16%	
GOBP_MONOSACCHARIDE_TRANSMEMBRANE_TRANSPORT	GOBP_MONOSACCHARIDE_TRANSMEMBRANE_TRANSPORT		92	0.6587878	1.4084797	0.08695652	0.38897997	1.0	1459	tags=18%, list=9%, signal=20%	
GOBP_REGULATION_OF_NITRIC_OXIDE_METABOLIC_PROCESS	GOBP_REGULATION_OF_NITRIC_OXIDE_METABOLIC_PROCESS		52	0.7070372	1.4083359	0.08231708	0.38873467	1.0	1010	tags=25%, list=6%, signal=27%	
KEGG_REGULATION_OF_ACTIN_CYTOSKELETON	KEGG_REGULATION_OF_ACTIN_CYTOSKELETON		188	0.65154433	1.4079362	0.07681365	0.3890266	1.0	1366	tags=26%, list=8%, signal=28%	
GEMMA_GSE126678_ENDURING_AND_SEX-SPECIFIC_CHANGES_IN_HIPPOCAMPAL_GENE_EXPRESSION_AFTER_SUBCHRONIC_IMMUNE_CHALLENGE_TREATMENT_LIPOPOLYSACCHARIDE_ACUTE.IMMUNE.CHALLENGE._VEHICLE_UP	GEMMA_GSE126678_ENDURING_AND_SEX-SPECIFIC_CHANGES_IN_HIPPOCAMPAL_GENE_EXPRESSION_AFTER_SUBCHRONIC_IMMUNE_CHALLENGE_TREATMENT_LIPOPOLYSACCHARIDE_ACUTE.IMMUNE.CHALLENGE._VEHICLE_UP		34	0.7480639	1.4074315	0.09009009	0.38947344	1.0	882	tags=32%, list=5%, signal=34%	
GOBP_KERATINOCYTE_DIFFERENTIATION	GOBP_KERATINOCYTE_DIFFERENTIATION		95	0.6640346	1.4071215	0.085545726	0.38959587	1.0	1625	tags=19%, list=10%, signal=21%	
GOBP_REACTIVE_NITROGEN_SPECIES_METABOLIC_PROCESS	GOBP_REACTIVE_NITROGEN_SPECIES_METABOLIC_PROCESS		73	0.682256	1.406741	0.077844314	0.38985452	1.0	1088	tags=22%, list=7%, signal=23%	
GOBP_ATP_SYNTHESIS_COUPLED_ELECTRON_TRANSPORT	GOBP_ATP_SYNTHESIS_COUPLED_ELECTRON_TRANSPORT		88	0.6714734	1.4051749	0.068571426	0.3925201	1.0	458	tags=9%, list=3%, signal=9%	
GOBP_MEGAKARYOCYTE_DIFFERENTIATION	GOBP_MEGAKARYOCYTE_DIFFERENTIATION		49	0.7025399	1.4051359	0.08092485	0.39208227	1.0	395	tags=14%, list=2%, signal=15%	
GOBP_POSITIVE_REGULATION_OF_LEUKOCYTE_APOPTOTIC_PROCESS	GOBP_POSITIVE_REGULATION_OF_LEUKOCYTE_APOPTOTIC_PROCESS		26	0.75681376	1.4049749	0.086181276	0.39191929	1.0	1911	tags=42%, list=12%, signal=48%	
GOBP_INSULIN_SECRETION_INVOLVED_IN_CELLULAR_RESPONSE_TO_GLUCOSE_STIMULUS	GOBP_INSULIN_SECRETION_INVOLVED_IN_CELLULAR_RESPONSE_TO_GLUCOSE_STIMULUS		58	0.6857589	1.4048741	0.08018155	0.3915923	1.0	1626	tags=22%, list=10%, signal=25%	
GOBP_POSITIVE_REGULATION_OF_GENE_EXPRESSION_EPIGENETIC	GOBP_POSITIVE_REGULATION_OF_GENE_EXPRESSION_EPIGENETIC		55	0.6967913	1.40471	0.07848837	0.39141372	1.0	1866	tags=31%, list=11%, signal=35%	
GOBP_STEROL_TRANSPORT	GOBP_STEROL_TRANSPORT		97	0.6573417	1.4043089	0.075630255	0.39163044	1.0	887	tags=11%, list=5%, signal=12%	
MECKES_2018_WKYVSF344_DOWNREGULATED_HC	MECKES_2018_WKYVSF344_DOWNREGULATED_HC		409	0.62414527	1.4041245	0.06147541	0.3914801	1.0	1292	tags=16%, list=8%, signal=17%	
GOBP_ORGANIC_ACID_BIOSYNTHETIC_PROCESS	GOBP_ORGANIC_ACID_BIOSYNTHETIC_PROCESS		267	0.6319178	1.4040854	0.06815021	0.39104673	1.0	365	tags=4%, list=2%, signal=4%	
GOBP_REGULATION_OF_METAPHASE_PLATE_CONGRESSION	GOBP_REGULATION_OF_METAPHASE_PLATE_CONGRESSION		15	0.7909866	1.4039979	0.08320251	0.39072752	1.0	1866	tags=33%, list=11%, signal=38%	
GOBP_RIBONUCLEOSIDE_MONOPHOSPHATE_CATABOLIC_PROCESS	GOBP_RIBONUCLEOSIDE_MONOPHOSPHATE_CATABOLIC_PROCESS		16	0.78113115	1.4033536	0.10339506	0.3914379	1.0	405	tags=19%, list=2%, signal=19%	
GOBP_T_CELL_TOLERANCE_INDUCTION	GOBP_T_CELL_TOLERANCE_INDUCTION		16	0.7702782	1.4026235	0.09983897	0.3923005	1.0	2305	tags=50%, list=14%, signal=58%	
GOBP_LIGAND_GATED_ION_CHANNEL_SIGNALING_PATHWAY	GOBP_LIGAND_GATED_ION_CHANNEL_SIGNALING_PATHWAY		32	0.73176974	1.4025224	0.08782743	0.39200214	1.0	1407	tags=28%, list=9%, signal=31%	
GOBP_MAINTENANCE_OF_PROTEIN_LOCALIZATION_IN_ORGANELLE	GOBP_MAINTENANCE_OF_PROTEIN_LOCALIZATION_IN_ORGANELLE		41	0.72098625	1.4022195	0.09270517	0.39211062	1.0	884	tags=24%, list=5%, signal=26%	
GOBP_CELLULAR_RESPONSE_TO_METAL_ION	GOBP_CELLULAR_RESPONSE_TO_METAL_ION		156	0.6446104	1.4018422	0.06798867	0.3923962	1.0	1411	tags=23%, list=9%, signal=25%	
GOBP_NEGATIVE_REGULATION_OF_TYPE_II_INTERFERON_PRODUCTION	GOBP_NEGATIVE_REGULATION_OF_TYPE_II_INTERFERON_PRODUCTION		32	0.7453257	1.4018049	0.07753164	0.3919428	1.0	872	tags=13%, list=5%, signal=13%	
GOBP_PLASMA_MEMBRANE_ORGANIZATION	GOBP_PLASMA_MEMBRANE_ORGANIZATION		146	0.6382651	1.4016947	0.09565217	0.39164686	1.0	989	tags=13%, list=6%, signal=14%	
GOBP_PROTEIN_POLYMERIZATION	GOBP_PROTEIN_POLYMERIZATION		269	0.6222664	1.401485	0.0704023	0.39153513	1.0	1629	tags=26%, list=10%, signal=29%	
GOBP_MAST_CELL_ACTIVATION	GOBP_MAST_CELL_ACTIVATION		67	0.6827248	1.4014615	0.081001475	0.3910919	1.0	2965	tags=39%, list=18%, signal=47%	
GOBP_INSULIN_SECRETION	GOBP_INSULIN_SECRETION		166	0.6401344	1.4011904	0.08262108	0.39118072	1.0	1626	tags=21%, list=10%, signal=23%	
GOBP_NUCLEAR_TRANSCRIBED_MRNA_POLY_A_TAIL_SHORTENING	GOBP_NUCLEAR_TRANSCRIBED_MRNA_POLY_A_TAIL_SHORTENING		34	0.72617507	1.4005924	0.08714919	0.3919533	1.0	2964	tags=59%, list=18%, signal=72%	
GOBP_DOSAGE_COMPENSATION_BY_INACTIVATION_OF_X_CHROMOSOME	GOBP_DOSAGE_COMPENSATION_BY_INACTIVATION_OF_X_CHROMOSOME		21	0.7533748	1.4003634	0.0992	0.39187872	1.0	1833	tags=43%, list=11%, signal=48%	
GOBP_GLYCOSYL_COMPOUND_CATABOLIC_PROCESS	GOBP_GLYCOSYL_COMPOUND_CATABOLIC_PROCESS		17	0.7749371	1.399829	0.083596215	0.3924399	1.0	997	tags=29%, list=6%, signal=31%	
GOBP_REGULATION_OF_STEROID_METABOLIC_PROCESS	GOBP_REGULATION_OF_STEROID_METABOLIC_PROCESS		88	0.6602964	1.3996787	0.07285714	0.3922695	1.0	1292	tags=20%, list=8%, signal=22%	
GOBP_CELL_RECOGNITION	GOBP_CELL_RECOGNITION		130	0.6461693	1.3995731	0.069735005	0.39200586	1.0	654	tags=15%, list=4%, signal=15%	
GOBP_PLASMA_LIPOPROTEIN_PARTICLE_CLEARANCE	GOBP_PLASMA_LIPOPROTEIN_PARTICLE_CLEARANCE		33	0.7321977	1.3995454	0.06959153	0.39156315	1.0	801	tags=18%, list=5%, signal=19%	
GOBP_MONOATOMIC_ANION_HOMEOSTASIS	GOBP_MONOATOMIC_ANION_HOMEOSTASIS		17	0.78448397	1.3994592	0.07484076	0.3912387	1.0	472	tags=12%, list=3%, signal=12%	
GOBP_NEGATIVE_REGULATION_OF_TRANSPORT	GOBP_NEGATIVE_REGULATION_OF_TRANSPORT		349	0.6236413	1.3986351	0.05818674	0.3924001	1.0	989	tags=11%, list=6%, signal=12%	
GOBP_GLIAL_CELL_ACTIVATION	GOBP_GLIAL_CELL_ACTIVATION		51	0.70118415	1.3981853	0.08689024	0.39282075	1.0	1472	tags=31%, list=9%, signal=34%	
GOBP_CELL_SURFACE_RECEPTOR_SIGNALING_PATHWAY_VIA_STAT	GOBP_CELL_SURFACE_RECEPTOR_SIGNALING_PATHWAY_VIA_STAT		127	0.656853	1.3979094	0.083694085	0.39285973	1.0	1265	tags=19%, list=8%, signal=20%	
GOBP_RESPONSE_TO_ZINC_ION	GOBP_RESPONSE_TO_ZINC_ION		35	0.71885484	1.3975657	0.090214066	0.39304423	1.0	2139	tags=34%, list=13%, signal=39%	
GOBP_POSITIVE_REGULATION_OF_STEROL_TRANSPORT	GOBP_POSITIVE_REGULATION_OF_STEROL_TRANSPORT		31	0.7342019	1.3974875	0.09063893	0.39272138	1.0	238	tags=10%, list=1%, signal=10%	
GOBP_ORGAN_GROWTH	GOBP_ORGAN_GROWTH		149	0.6507674	1.3972378	0.082269505	0.39273924	1.0	1131	tags=9%, list=7%, signal=10%	
GOBP_REGULATION_OF_COLLATERAL_SPROUTING	GOBP_REGULATION_OF_COLLATERAL_SPROUTING		20	0.7545862	1.3971381	0.083981335	0.39242873	1.0	154	tags=10%, list=1%, signal=10%	
GOBP_REGULATION_OF_RESPONSE_TO_ENDOPLASMIC_RETICULUM_STRESS	GOBP_REGULATION_OF_RESPONSE_TO_ENDOPLASMIC_RETICULUM_STRESS		91	0.6736428	1.3965963	0.0942029	0.39303753	1.0	978	tags=15%, list=6%, signal=16%	
GOBP_IMMUNOLOGICAL_SYNAPSE_FORMATION	GOBP_IMMUNOLOGICAL_SYNAPSE_FORMATION		18	0.78938305	1.3964365	0.08661418	0.39287704	1.0	654	tags=33%, list=4%, signal=35%	
GOBP_TROPHECTODERMAL_CELL_DIFFERENTIATION	GOBP_TROPHECTODERMAL_CELL_DIFFERENTIATION		16	0.7776957	1.3958995	0.10015898	0.39343718	1.0	1987	tags=44%, list=12%, signal=50%	
GOBP_P_BODY_ASSEMBLY	GOBP_P_BODY_ASSEMBLY		22	0.7442039	1.3957691	0.10866142	0.3931947	1.0	3066	tags=68%, list=19%, signal=84%	
GOBP_BODY_FLUID_SECRETION	GOBP_BODY_FLUID_SECRETION		75	0.6716701	1.3955983	0.09653092	0.3930684	1.0	2107	tags=29%, list=13%, signal=34%	
GOBP_REGULATION_OF_PROTEIN_LOCALIZATION_TO_MEMBRANE	GOBP_REGULATION_OF_PROTEIN_LOCALIZATION_TO_MEMBRANE		165	0.633798	1.3954953	0.06149341	0.39279494	1.0	1601	tags=23%, list=10%, signal=25%	
GOBP_RESPONSE_TO_FUNGUS	GOBP_RESPONSE_TO_FUNGUS		48	0.70910347	1.3947737	0.09288824	0.3937442	1.0	918	tags=17%, list=6%, signal=18%	
GOBP_NEGATIVE_REGULATION_OF_TELOMERE_MAINTENANCE_VIA_TELOMERASE	GOBP_NEGATIVE_REGULATION_OF_TELOMERE_MAINTENANCE_VIA_TELOMERASE		20	0.77391267	1.3945918	0.097133756	0.39361352	1.0	2185	tags=35%, list=13%, signal=40%	
GOBP_T_HELPER_CELL_LINEAGE_COMMITMENT	GOBP_T_HELPER_CELL_LINEAGE_COMMITMENT		28	0.7285811	1.3945189	0.088	0.39325553	1.0	1125	tags=36%, list=7%, signal=38%	
GOBP_POSITIVE_REGULATION_OF_LIPID_TRANSPORT	GOBP_POSITIVE_REGULATION_OF_LIPID_TRANSPORT		71	0.6819633	1.3943703	0.08769448	0.39305645	1.0	238	tags=6%, list=1%, signal=6%	
GOBP_REGULATION_OF_MITOTIC_CELL_CYCLE_PHASE_TRANSITION	GOBP_REGULATION_OF_MITOTIC_CELL_CYCLE_PHASE_TRANSITION		330	0.6214814	1.394333	0.06869221	0.39263943	1.0	1575	tags=14%, list=10%, signal=15%	
GOBP_CELLULAR_RESPONSE_TO_INTERLEUKIN_1	GOBP_CELLULAR_RESPONSE_TO_INTERLEUKIN_1		78	0.6619417	1.3938141	0.089153044	0.39317957	1.0	1079	tags=17%, list=7%, signal=18%	
GOBP_NEUROINFLAMMATORY_RESPONSE	GOBP_NEUROINFLAMMATORY_RESPONSE		81	0.66757494	1.3935522	0.07713885	0.39322558	1.0	1373	tags=28%, list=8%, signal=31%	
GOBP_CARDIAC_MUSCLE_CELL_ACTION_POTENTIAL_INVOLVED_IN_CONTRACTION	GOBP_CARDIAC_MUSCLE_CELL_ACTION_POTENTIAL_INVOLVED_IN_CONTRACTION		56	0.6842137	1.3935187	0.099406525	0.39281255	1.0	2675	tags=32%, list=16%, signal=38%	
GOBP_PROTEIN_LOCALIZATION_TO_CELL_JUNCTION	GOBP_PROTEIN_LOCALIZATION_TO_CELL_JUNCTION		122	0.65430576	1.3932306	0.083577715	0.39289817	1.0	1224	tags=18%, list=8%, signal=19%	
GOBP_POSITIVE_REGULATION_OF_INTERLEUKIN_12_PRODUCTION	GOBP_POSITIVE_REGULATION_OF_INTERLEUKIN_12_PRODUCTION		39	0.7264632	1.3932161	0.106583074	0.3924371	1.0	1956	tags=31%, list=12%, signal=35%	
GOBP_DENDRITIC_CELL_MIGRATION	GOBP_DENDRITIC_CELL_MIGRATION		32	0.7294138	1.393084	0.088455774	0.39220646	1.0	654	tags=16%, list=4%, signal=16%	
GOBP_PORE_COMPLEX_ASSEMBLY	GOBP_PORE_COMPLEX_ASSEMBLY		20	0.75409585	1.3925996	0.0862866	0.39265463	1.0	1683	tags=40%, list=10%, signal=45%	
GOBP_REGULATION_OF_AUTOPHAGOSOME_MATURATION	GOBP_REGULATION_OF_AUTOPHAGOSOME_MATURATION		16	0.78622395	1.392579	0.097288676	0.39220783	1.0	1837	tags=38%, list=11%, signal=42%	
GOBP_POSITIVE_REGULATION_OF_PROTEIN_CONTAINING_COMPLEX_ASSEMBLY	GOBP_POSITIVE_REGULATION_OF_PROTEIN_CONTAINING_COMPLEX_ASSEMBLY		187	0.6320389	1.3924345	0.074966535	0.39200303	1.0	1998	tags=31%, list=12%, signal=35%	
GOBP_LONG_CHAIN_FATTY_ACID_TRANSPORT	GOBP_LONG_CHAIN_FATTY_ACID_TRANSPORT		47	0.7024458	1.3920014	0.07196402	0.39235097	1.0	2191	tags=26%, list=13%, signal=29%	
GOBP_RESPONSE_TO_INTERLEUKIN_1	GOBP_RESPONSE_TO_INTERLEUKIN_1		101	0.66274977	1.3917298	0.08827786	0.39243683	1.0	1079	tags=17%, list=7%, signal=18%	
GOBP_HORMONE_METABOLIC_PROCESS	GOBP_HORMONE_METABOLIC_PROCESS		184	0.6256779	1.3912904	0.07507082	0.3928978	1.0	1521	tags=14%, list=9%, signal=15%	
KEGG_FC_GAMMA_R_MEDIATED_PHAGOCYTOSIS	KEGG_FC_GAMMA_R_MEDIATED_PHAGOCYTOSIS		92	0.6714094	1.3912209	0.07163743	0.39255708	1.0	1777	tags=41%, list=11%, signal=46%	
GOBP_POSITIVE_REGULATION_OF_TUMOR_NECROSIS_FACTOR_SUPERFAMILY_CYTOKINE_PRODUCTION	GOBP_POSITIVE_REGULATION_OF_TUMOR_NECROSIS_FACTOR_SUPERFAMILY_CYTOKINE_PRODUCTION		115	0.6405877	1.3909235	0.07772795	0.3926527	1.0	1560	tags=29%, list=10%, signal=32%	
GOBP_REGULATION_OF_NUCLEOBASE_CONTAINING_COMPOUND_TRANSPORT	GOBP_REGULATION_OF_NUCLEOBASE_CONTAINING_COMPOUND_TRANSPORT		17	0.781846	1.390754	0.08864697	0.39252046	1.0	2209	tags=53%, list=14%, signal=61%	
GENEWEAVER_PONDER_2008_GS137384_GENE EXPRESSIONS IN HIPPOCAMPUS OF RAPID SELECTION RESPONSE FOR CONTEXTUAL FEAR CONDITIONING IN A CROSS BETWEEN C57BL/6J AND A/J_TOP25_EFFECT	GENEWEAVER_PONDER_2008_GS137384_GENE EXPRESSIONS IN HIPPOCAMPUS OF RAPID SELECTION RESPONSE FOR CONTEXTUAL FEAR CONDITIONING IN A CROSS BETWEEN C57BL/6J AND A/J_TOP25_EFFECT		24	0.75247556	1.3907253	0.0900474	0.3920863	1.0	1357	tags=38%, list=8%, signal=41%	
GOBP_NEGATIVE_REGULATION_OF_BLOOD_VESSEL_ENDOTHELIAL_CELL_MIGRATION	GOBP_NEGATIVE_REGULATION_OF_BLOOD_VESSEL_ENDOTHELIAL_CELL_MIGRATION		33	0.70839304	1.3905951	0.10276074	0.39188895	1.0	372	tags=9%, list=2%, signal=9%	
GOBP_NEGATIVE_REGULATION_OF_TYPE_I_INTERFERON_MEDIATED_SIGNALING_PATHWAY	GOBP_NEGATIVE_REGULATION_OF_TYPE_I_INTERFERON_MEDIATED_SIGNALING_PATHWAY		20	0.7584927	1.3904189	0.0992126	0.39177856	1.0	3199	tags=65%, list=20%, signal=81%	
GOBP_POSITIVE_REGULATION_OF_TYPE_I_INTERFERON_MEDIATED_SIGNALING_PATHWAY	GOBP_POSITIVE_REGULATION_OF_TYPE_I_INTERFERON_MEDIATED_SIGNALING_PATHWAY		19	0.7619752	1.3899337	0.101404056	0.39222142	1.0	2953	tags=47%, list=18%, signal=58%	
GOBP_RESPONSE_TO_INTERFERON_BETA	GOBP_RESPONSE_TO_INTERFERON_BETA		32	0.729886	1.3887817	0.082442746	0.39416286	1.0	562	tags=19%, list=3%, signal=19%	
GOBP_ANDROGEN_METABOLIC_PROCESS	GOBP_ANDROGEN_METABOLIC_PROCESS		21	0.75913334	1.3887612	0.09653092	0.39371583	1.0	1059	tags=14%, list=7%, signal=15%	
GOBP_CELL_CELL_SIGNALING_INVOLVED_IN_CARDIAC_CONDUCTION	GOBP_CELL_CELL_SIGNALING_INVOLVED_IN_CARDIAC_CONDUCTION		30	0.72935355	1.3880732	0.083333336	0.39464357	1.0	1569	tags=20%, list=10%, signal=22%	
GOBP_POSITIVE_REGULATION_OF_NUCLEOTIDE_CATABOLIC_PROCESS	GOBP_POSITIVE_REGULATION_OF_NUCLEOTIDE_CATABOLIC_PROCESS		19	0.77451986	1.3874605	0.09034268	0.39542797	1.0	1373	tags=37%, list=8%, signal=40%	
GOBP_CELL_CELL_ADHESION_MEDIATED_BY_INTEGRIN	GOBP_CELL_CELL_ADHESION_MEDIATED_BY_INTEGRIN		28	0.7221553	1.3873959	0.083462134	0.3950791	1.0	1782	tags=43%, list=11%, signal=48%	
GOBP_REGULATION_OF_SHORT_TERM_NEURONAL_SYNAPTIC_PLASTICITY	GOBP_REGULATION_OF_SHORT_TERM_NEURONAL_SYNAPTIC_PLASTICITY		16	0.790921	1.3873005	0.09076433	0.3947764	1.0	1371	tags=38%, list=8%, signal=41%	
GOBP_REGULATION_OF_KETONE_BIOSYNTHETIC_PROCESS	GOBP_REGULATION_OF_KETONE_BIOSYNTHETIC_PROCESS		16	0.77818036	1.3859345	0.09268293	0.39701533	1.0	2158	tags=38%, list=13%, signal=43%	
GOBP_REGULATION_OF_PLATELET_ACTIVATION	GOBP_REGULATION_OF_PLATELET_ACTIVATION		47	0.7094294	1.3856552	0.09667674	0.397078	1.0	504	tags=19%, list=3%, signal=20%	
GOBP_RESPONSE_TO_ENDOPLASMIC_RETICULUM_STRESS	GOBP_RESPONSE_TO_ENDOPLASMIC_RETICULUM_STRESS		264	0.62547576	1.3856467	0.061813187	0.39661252	1.0	1525	tags=20%, list=9%, signal=21%	
GOBP_PURINE_CONTAINING_COMPOUND_SALVAGE	GOBP_PURINE_CONTAINING_COMPOUND_SALVAGE		21	0.7574709	1.3855796	0.0944	0.39628696	1.0	82	tags=10%, list=1%, signal=10%	
GOBP_REGULATION_OF_GLUCONEOGENESIS	GOBP_REGULATION_OF_GLUCONEOGENESIS		44	0.7021235	1.3850344	0.086821705	0.39696974	1.0	1866	tags=25%, list=11%, signal=28%	
FAN_EMBRYONIC_CTX_ASTROCYTE_1	FAN_EMBRYONIC_CTX_ASTROCYTE_1		73	0.66683316	1.3849984	0.09361702	0.39656228	1.0	293	tags=16%, list=2%, signal=17%	
GOBP_NEGATIVE_REGULATION_OF_CELL_DEVELOPMENT	GOBP_NEGATIVE_REGULATION_OF_CELL_DEVELOPMENT		239	0.62958133	1.3847299	0.07725322	0.3966	1.0	1201	tags=11%, list=7%, signal=12%	
GOBP_REGULATION_OF_ACTIN_FILAMENT_BASED_PROCESS	GOBP_REGULATION_OF_ACTIN_FILAMENT_BASED_PROCESS		364	0.6172883	1.3845679	0.060027286	0.39645812	1.0	1615	tags=26%, list=10%, signal=28%	
GOBP_POTASSIUM_ION_HOMEOSTASIS	GOBP_POTASSIUM_ION_HOMEOSTASIS		32	0.72249883	1.384429	0.10660661	0.39626518	1.0	472	tags=22%, list=3%, signal=22%	
GOBP_MYELOID_CELL_HOMEOSTASIS	GOBP_MYELOID_CELL_HOMEOSTASIS		164	0.6337632	1.3844106	0.07872928	0.3958417	1.0	1743	tags=31%, list=11%, signal=34%	
GOBP_POSITIVE_REGULATION_OF_MIRNA_METABOLIC_PROCESS	GOBP_POSITIVE_REGULATION_OF_MIRNA_METABOLIC_PROCESS		57	0.6786889	1.3843155	0.09544787	0.39553687	1.0	2334	tags=35%, list=14%, signal=41%	
GOBP_NEGATIVE_REGULATION_OF_APOPTOTIC_SIGNALING_PATHWAY	GOBP_NEGATIVE_REGULATION_OF_APOPTOTIC_SIGNALING_PATHWAY		211	0.62906724	1.3841652	0.06929348	0.39536116	1.0	927	tags=13%, list=6%, signal=14%	
GOBP_RESPONSE_TO_FATTY_ACID	GOBP_RESPONSE_TO_FATTY_ACID		49	0.6831289	1.3841567	0.11014493	0.3949046	1.0	1292	tags=22%, list=8%, signal=24%	
HU_FETAL_RETINA_BIPOLAR	HU_FETAL_RETINA_BIPOLAR		64	0.68297255	1.3839655	0.10044978	0.39481723	1.0	1180	tags=23%, list=7%, signal=25%	
GOBP_REGULATION_OF_DNA_REPAIR	GOBP_REGULATION_OF_DNA_REPAIR		230	0.6313025	1.3838881	0.075418994	0.39449668	1.0	2185	tags=16%, list=13%, signal=18%	
GOBP_NUCLEOSIDE_MONOPHOSPHATE_CATABOLIC_PROCESS	GOBP_NUCLEOSIDE_MONOPHOSPHATE_CATABOLIC_PROCESS		20	0.7668445	1.3837028	0.10526316	0.39440566	1.0	405	tags=15%, list=2%, signal=15%	
GOBP_ACTIN_FILAMENT_SEVERING	GOBP_ACTIN_FILAMENT_SEVERING		16	0.7744344	1.3828303	0.11006289	0.39574048	1.0	854	tags=44%, list=5%, signal=46%	
GOBP_MIRNA_METABOLIC_PROCESS	GOBP_MIRNA_METABOLIC_PROCESS		97	0.6628373	1.3825781	0.08908046	0.39577365	1.0	2334	tags=37%, list=14%, signal=43%	
GOBP_L_GLUTAMATE_IMPORT_ACROSS_PLASMA_MEMBRANE	GOBP_L_GLUTAMATE_IMPORT_ACROSS_PLASMA_MEMBRANE		19	0.76185256	1.3825521	0.08716323	0.39537382	1.0	229	tags=16%, list=1%, signal=16%	
GOBP_ESTABLISHMENT_OF_EPITHELIAL_CELL_APICAL_BASAL_POLARITY	GOBP_ESTABLISHMENT_OF_EPITHELIAL_CELL_APICAL_BASAL_POLARITY		15	0.78841746	1.3822777	0.078688525	0.3954572	1.0	996	tags=27%, list=6%, signal=28%	
GOBP_REGULATION_OF_EXTRACELLULAR_MATRIX_DISASSEMBLY	GOBP_REGULATION_OF_EXTRACELLULAR_MATRIX_DISASSEMBLY		20	0.76436985	1.3822186	0.095679015	0.3951132	1.0	546	tags=25%, list=3%, signal=26%	
JOHNSON_2016_COEXPRESSION_HIPPOCAMPUS_HUMAN_M11	JOHNSON_2016_COEXPRESSION_HIPPOCAMPUS_HUMAN_M11		125	0.64744073	1.3818545	0.07938719	0.39537054	1.0	1679	tags=30%, list=10%, signal=33%	
GOBP_NEUROTRANSMITTER_SECRETION	GOBP_NEUROTRANSMITTER_SECRETION		150	0.64536554	1.3814901	0.083215795	0.39562997	1.0	1872	tags=29%, list=12%, signal=33%	
GOBP_SIGNALING_RECEPTOR_LIGAND_PRECURSOR_PROCESSING	GOBP_SIGNALING_RECEPTOR_LIGAND_PRECURSOR_PROCESSING		41	0.6954755	1.3813809	0.09893455	0.39539376	1.0	1521	tags=24%, list=9%, signal=27%	
GOBP_IMPORT_ACROSS_PLASMA_MEMBRANE	GOBP_IMPORT_ACROSS_PLASMA_MEMBRANE		192	0.62859094	1.3812435	0.08192091	0.39520267	1.0	1652	tags=21%, list=10%, signal=23%	
GOBP_CALCIUM_ION_TRANSMEMBRANE_TRANSPORT	GOBP_CALCIUM_ION_TRANSMEMBRANE_TRANSPORT		287	0.62445664	1.3809972	0.064120054	0.39518207	1.0	1633	tags=21%, list=10%, signal=23%	
KEGG_RENIN_ANGIOTENSIN_SYSTEM	KEGG_RENIN_ANGIOTENSIN_SYSTEM		15	0.7871275	1.3804879	0.10413476	0.3957282	1.0	1199	tags=27%, list=7%, signal=29%	
GOBP_REGULATION_OF_D_GLUCOSE_TRANSMEMBRANE_TRANSPORT	GOBP_REGULATION_OF_D_GLUCOSE_TRANSMEMBRANE_TRANSPORT		62	0.6824037	1.380233	0.09143686	0.39576617	1.0	1458	tags=21%, list=9%, signal=23%	
GOBP_PROTEIN_LOCALIZATION_TO_PLASMA_MEMBRANE	GOBP_PROTEIN_LOCALIZATION_TO_PLASMA_MEMBRANE		271	0.6147686	1.3800718	0.082993194	0.39564568	1.0	1601	tags=22%, list=10%, signal=24%	
HALLMARK_COMPLEMENT	HALLMARK_COMPLEMENT		174	0.6363073	1.3797266	0.0900277	0.3959159	1.0	992	tags=25%, list=6%, signal=27%	
GOBP_NEGATIVE_REGULATION_OF_MITOTIC_CELL_CYCLE_PHASE_TRANSITION	GOBP_NEGATIVE_REGULATION_OF_MITOTIC_CELL_CYCLE_PHASE_TRANSITION		176	0.63459754	1.3796983	0.07660167	0.39553285	1.0	1870	tags=14%, list=11%, signal=16%	
GOBP_REGULATION_OF_DNA_BINDING_TRANSCRIPTION_FACTOR_ACTIVITY	GOBP_REGULATION_OF_DNA_BINDING_TRANSCRIPTION_FACTOR_ACTIVITY		153	0.6338941	1.3792828	0.08732394	0.39586675	1.0	1444	tags=17%, list=9%, signal=18%	
GOBP_EXOCYTIC_PROCESS	GOBP_EXOCYTIC_PROCESS		92	0.66538626	1.3791778	0.09186747	0.39562285	1.0	2020	tags=32%, list=12%, signal=36%	
GOBP_FC_EPSILON_RECEPTOR_SIGNALING_PATHWAY	GOBP_FC_EPSILON_RECEPTOR_SIGNALING_PATHWAY		26	0.7342964	1.379157	0.108728945	0.39520162	1.0	3159	tags=58%, list=19%, signal=71%	
GEMMA_GSE12457_COMPARISON_OF_ENVIRONMENTAL_AND_GENETIC_MODELS_OF_ADHD_TREATMENT_AROCLOR.1254_AROCLOR.1260_DOWN	GEMMA_GSE12457_COMPARISON_OF_ENVIRONMENTAL_AND_GENETIC_MODELS_OF_ADHD_TREATMENT_AROCLOR.1254_AROCLOR.1260_DOWN		269	0.6205432	1.3790638	0.06666667	0.3949268	1.0	1279	tags=24%, list=8%, signal=25%	
DESCARTES_FETAL_EYE_LENS_FIBRE_CELLS	DESCARTES_FETAL_EYE_LENS_FIBRE_CELLS		42	0.7001155	1.3789515	0.08689024	0.39471713	1.0	428	tags=7%, list=3%, signal=7%	
GOBP_CIRCADIAN_SLEEP_WAKE_CYCLE_SLEEP	GOBP_CIRCADIAN_SLEEP_WAKE_CYCLE_SLEEP		18	0.7690654	1.3785017	0.12096774	0.39517984	1.0	669	tags=17%, list=4%, signal=17%	
GOBP_OXIDATIVE_PHOSPHORYLATION	GOBP_OXIDATIVE_PHOSPHORYLATION		130	0.64734656	1.3781452	0.08073654	0.3954076	1.0	219	tags=8%, list=1%, signal=8%	
GOBP_REGULATION_OF_PROTEIN_COMPLEX_STABILITY	GOBP_REGULATION_OF_PROTEIN_COMPLEX_STABILITY		16	0.7776477	1.3779389	0.10897436	0.39536855	1.0	1281	tags=38%, list=8%, signal=41%	
GOBP_CELLULAR_RESPONSE_TO_ARSENIC_CONTAINING_SUBSTANCE	GOBP_CELLULAR_RESPONSE_TO_ARSENIC_CONTAINING_SUBSTANCE		17	0.7855697	1.3777157	0.115072936	0.3953153	1.0	1720	tags=35%, list=11%, signal=39%	
GOBP_REGULATION_OF_PLASMA_MEMBRANE_ORGANIZATION	GOBP_REGULATION_OF_PLASMA_MEMBRANE_ORGANIZATION		16	0.7756449	1.3773953	0.0955414	0.39546528	1.0	931	tags=31%, list=6%, signal=33%	
GOBP_CARDIAC_LEFT_VENTRICLE_MORPHOGENESIS	GOBP_CARDIAC_LEFT_VENTRICLE_MORPHOGENESIS		16	0.77000237	1.3771758	0.09667674	0.3954065	1.0	766	tags=25%, list=5%, signal=26%	
REPLICATED_INTERNALIZINGBEHAVIOR_DIFFERENTIALLYEXPRESSED_HC	REPLICATED_INTERNALIZINGBEHAVIOR_DIFFERENTIALLYEXPRESSED_HC		271	0.61777	1.3762649	0.06995885	0.39674842	1.0	809	tags=11%, list=5%, signal=12%	
GOBP_NEGATIVE_REGULATION_OF_IMMUNE_RESPONSE	GOBP_NEGATIVE_REGULATION_OF_IMMUNE_RESPONSE		192	0.6196421	1.376206	0.08760108	0.39642373	1.0	1060	tags=18%, list=7%, signal=19%	
GOBP_REGULATION_OF_RECEPTOR_SIGNALING_PATHWAY_VIA_JAK_STAT	GOBP_REGULATION_OF_RECEPTOR_SIGNALING_PATHWAY_VIA_JAK_STAT		65	0.6698569	1.3760781	0.08708273	0.39621472	1.0	1190	tags=18%, list=7%, signal=20%	
GOBP_VENTRICULAR_CARDIAC_MUSCLE_CELL_MEMBRANE_REPOLARIZATION	GOBP_VENTRICULAR_CARDIAC_MUSCLE_CELL_MEMBRANE_REPOLARIZATION		27	0.7191056	1.376059	0.09774436	0.3958165	1.0	1511	tags=22%, list=9%, signal=24%	
GOBP_PLATELET_DERIVED_GROWTH_FACTOR_RECEPTOR_SIGNALING_PATHWAY	GOBP_PLATELET_DERIVED_GROWTH_FACTOR_RECEPTOR_SIGNALING_PATHWAY		57	0.6736786	1.3757263	0.107361965	0.3959853	1.0	717	tags=21%, list=4%, signal=22%	
GOBP_REGULATION_OF_CELLULAR_COMPONENT_SIZE	GOBP_REGULATION_OF_CELLULAR_COMPONENT_SIZE		335	0.61373824	1.3753697	0.063025214	0.39620438	1.0	1638	tags=26%, list=10%, signal=29%	
GOBP_POSITIVE_REGULATION_OF_INTERLEUKIN_1_PRODUCTION	GOBP_POSITIVE_REGULATION_OF_INTERLEUKIN_1_PRODUCTION		59	0.67239976	1.3750776	0.0915805	0.39635217	1.0	815	tags=20%, list=5%, signal=21%	
GOBP_CYTOPLASMIC_MICROTUBULE_ORGANIZATION	GOBP_CYTOPLASMIC_MICROTUBULE_ORGANIZATION		69	0.6636519	1.3749932	0.09411765	0.3960972	1.0	1835	tags=29%, list=11%, signal=33%	
GOBP_POSITIVE_REGULATION_OF_POTASSIUM_ION_TRANSMEMBRANE_TRANSPORT	GOBP_POSITIVE_REGULATION_OF_POTASSIUM_ION_TRANSMEMBRANE_TRANSPORT		21	0.762381	1.3741146	0.08371385	0.39744058	1.0	968	tags=29%, list=6%, signal=30%	
GOBP_NEGATIVE_REGULATION_OF_RELEASE_OF_CYTOCHROME_C_FROM_MITOCHONDRIA	GOBP_NEGATIVE_REGULATION_OF_RELEASE_OF_CYTOCHROME_C_FROM_MITOCHONDRIA		18	0.7643319	1.3734277	0.09667195	0.3983953	1.0	1362	tags=28%, list=8%, signal=30%	
GOBP_VESICLE_FUSION_TO_PLASMA_MEMBRANE	GOBP_VESICLE_FUSION_TO_PLASMA_MEMBRANE		30	0.71366614	1.3732864	0.11128284	0.39822215	1.0	2017	tags=37%, list=12%, signal=42%	
GOBP_RESPONSE_TO_METAL_ION	GOBP_RESPONSE_TO_METAL_ION		291	0.6201332	1.3730463	0.08016305	0.3982519	1.0	1411	tags=20%, list=9%, signal=21%	
HALLMARK_HEME_METABOLISM	HALLMARK_HEME_METABOLISM		175	0.6237722	1.3727508	0.08908046	0.39843693	1.0	2344	tags=26%, list=14%, signal=30%	
DROPVIZ_STR_ASTROCYTE_GJA1_CLUSTER-MARKERS.CSV	DROPVIZ_STR_ASTROCYTE_GJA1_CLUSTER-MARKERS.CSV		131	0.6307885	1.3725268	0.08215298	0.39845031	1.0	514	tags=14%, list=3%, signal=14%	
GOBP_REGULATION_OF_HORMONE_SECRETION	GOBP_REGULATION_OF_HORMONE_SECRETION		216	0.62559414	1.3724635	0.086713284	0.39810807	1.0	1882	tags=20%, list=12%, signal=22%	
GOBP_POSITIVE_REGULATION_OF_VASCULATURE_DEVELOPMENT	GOBP_POSITIVE_REGULATION_OF_VASCULATURE_DEVELOPMENT		151	0.6378929	1.3723646	0.09117647	0.39783084	1.0	481	tags=14%, list=3%, signal=14%	
GOBP_MYELOID_LEUKOCYTE_MIGRATION	GOBP_MYELOID_LEUKOCYTE_MIGRATION		190	0.6199603	1.3722708	0.091412745	0.3975956	1.0	571	tags=10%, list=4%, signal=10%	
GOBP_POSITIVE_REGULATION_OF_VASCULAR_PERMEABILITY	GOBP_POSITIVE_REGULATION_OF_VASCULAR_PERMEABILITY		17	0.7777565	1.372242	0.103174604	0.3971943	1.0	18	tags=6%, list=0%, signal=6%	
GOBP_LEUKOCYTE_MIGRATION	GOBP_LEUKOCYTE_MIGRATION		338	0.616816	1.3718313	0.08232119	0.39759934	1.0	728	tags=12%, list=4%, signal=12%	
GOBP_RESPONSE_TO_CORTICOSTERONE	GOBP_RESPONSE_TO_CORTICOSTERONE		16	0.75595313	1.3717314	0.09767442	0.39738896	1.0	2548	tags=44%, list=16%, signal=52%	
HALLMARK_TNFA_SIGNALING_VIA_NFKB	HALLMARK_TNFA_SIGNALING_VIA_NFKB		196	0.6266645	1.3715934	0.087201126	0.39721262	1.0	2114	tags=33%, list=13%, signal=37%	
GOBP_INTRACELLULAR_RECEPTOR_SIGNALING_PATHWAY	GOBP_INTRACELLULAR_RECEPTOR_SIGNALING_PATHWAY		371	0.60971326	1.3712355	0.07417583	0.3975045	1.0	2043	tags=29%, list=13%, signal=32%	
GOBP_CD4_POSITIVE_OR_CD8_POSITIVE_ALPHA_BETA_T_CELL_LINEAGE_COMMITMENT	GOBP_CD4_POSITIVE_OR_CD8_POSITIVE_ALPHA_BETA_T_CELL_LINEAGE_COMMITMENT		34	0.7089145	1.370983	0.09589041	0.39753333	1.0	1334	tags=35%, list=8%, signal=38%	
GOBP_L_ALPHA_AMINO_ACID_TRANSMEMBRANE_TRANSPORT	GOBP_L_ALPHA_AMINO_ACID_TRANSMEMBRANE_TRANSPORT		66	0.6705228	1.3707519	0.1083815	0.397554	1.0	1543	tags=21%, list=9%, signal=23%	
CHESLER_BRAIN_HIGHEST_EXPRESSION	CHESLER_BRAIN_HIGHEST_EXPRESSION		39	0.7042409	1.3706733	0.08885542	0.39726755	1.0	864	tags=26%, list=5%, signal=27%	
GOBP_CELLULAR_RESPONSE_TO_FATTY_ACID	GOBP_CELLULAR_RESPONSE_TO_FATTY_ACID		32	0.71795034	1.3705262	0.077380955	0.39711863	1.0	1292	tags=22%, list=8%, signal=24%	
GOBP_REGULATION_OF_G_PROTEIN_COUPLED_RECEPTOR_SIGNALING_PATHWAY	GOBP_REGULATION_OF_G_PROTEIN_COUPLED_RECEPTOR_SIGNALING_PATHWAY		143	0.6432252	1.3703977	0.1	0.39692134	1.0	1279	tags=15%, list=8%, signal=16%	
GOBP_TUMOR_NECROSIS_FACTOR_SUPERFAMILY_CYTOKINE_PRODUCTION	GOBP_TUMOR_NECROSIS_FACTOR_SUPERFAMILY_CYTOKINE_PRODUCTION		169	0.631266	1.3703945	0.08287293	0.39648327	1.0	1568	tags=25%, list=10%, signal=27%	
GOBP_CARBOHYDRATE_CATABOLIC_PROCESS	GOBP_CARBOHYDRATE_CATABOLIC_PROCESS		158	0.61984235	1.370322	0.09405256	0.3961821	1.0	1455	tags=23%, list=9%, signal=25%	
HALLMARK_APICAL_JUNCTION	HALLMARK_APICAL_JUNCTION		180	0.6189845	1.3694929	0.08154506	0.39733866	1.0	1049	tags=16%, list=6%, signal=17%	
GOBP_REGULATION_OF_BROWN_FAT_CELL_DIFFERENTIATION	GOBP_REGULATION_OF_BROWN_FAT_CELL_DIFFERENTIATION		24	0.7394118	1.369337	0.10048623	0.39717686	1.0	803	tags=17%, list=5%, signal=18%	
GOBP_NEGATIVE_REGULATION_OF_RESPONSE_TO_EXTERNAL_STIMULUS	GOBP_NEGATIVE_REGULATION_OF_RESPONSE_TO_EXTERNAL_STIMULUS		361	0.60083646	1.3693157	0.0776699	0.39677614	1.0	1009	tags=14%, list=6%, signal=15%	
GOBP_DENDRITIC_CELL_CHEMOTAXIS	GOBP_DENDRITIC_CELL_CHEMOTAXIS		25	0.7375602	1.3691036	0.1112782	0.396785	1.0	593	tags=16%, list=4%, signal=17%	
KEGG_PARKINSONS_DISEASE	KEGG_PARKINSONS_DISEASE		113	0.642759	1.3681265	0.10632184	0.39831457	1.0	582	tags=12%, list=4%, signal=12%	
NEURON_CORTICOSPINAL_DOYLE_CELL_2008	NEURON_CORTICOSPINAL_DOYLE_CELL_2008		17	0.76255846	1.367722	0.106583074	0.39865696	1.0	1909	tags=41%, list=12%, signal=47%	
GOBP_REGULATION_OF_REGULATED_SECRETORY_PATHWAY	GOBP_REGULATION_OF_REGULATED_SECRETORY_PATHWAY		120	0.6308608	1.3676938	0.08815427	0.3982798	1.0	1785	tags=28%, list=11%, signal=31%	
GOBP_SARCOMERE_ORGANIZATION	GOBP_SARCOMERE_ORGANIZATION		44	0.68059826	1.3676817	0.114074074	0.39786404	1.0	1264	tags=18%, list=8%, signal=20%	
GOBP_REGULATION_OF_MEGAKARYOCYTE_DIFFERENTIATION	GOBP_REGULATION_OF_MEGAKARYOCYTE_DIFFERENTIATION		21	0.73468554	1.3675821	0.11661342	0.39763668	1.0	372	tags=14%, list=2%, signal=15%	
GOBP_REGULATION_OF_VIRAL_GENOME_REPLICATION	GOBP_REGULATION_OF_VIRAL_GENOME_REPLICATION		62	0.6725417	1.3671792	0.1002907	0.39800584	1.0	1164	tags=26%, list=7%, signal=28%	
GOBP_REGULATION_OF_CALCIUM_ION_DEPENDENT_EXOCYTOSIS	GOBP_REGULATION_OF_CALCIUM_ION_DEPENDENT_EXOCYTOSIS		38	0.6806351	1.3667958	0.09730539	0.3983286	1.0	1746	tags=32%, list=11%, signal=35%	
GOBP_CELL_VOLUME_HOMEOSTASIS	GOBP_CELL_VOLUME_HOMEOSTASIS		35	0.7042672	1.3657175	0.10622155	0.39998046	1.0	1638	tags=23%, list=10%, signal=25%	
GOBP_LACTATION	GOBP_LACTATION		36	0.69609493	1.365484	0.11029412	0.40004992	1.0	1596	tags=28%, list=10%, signal=31%	
GOBP_CELLULAR_RESPONSE_TO_GROWTH_HORMONE_STIMULUS	GOBP_CELLULAR_RESPONSE_TO_GROWTH_HORMONE_STIMULUS		21	0.7485083	1.3651536	0.1002994	0.40028495	1.0	2095	tags=52%, list=13%, signal=60%	
GOBP_REGULATION_OF_NUCLEOTIDE_METABOLIC_PROCESS	GOBP_REGULATION_OF_NUCLEOTIDE_METABOLIC_PROCESS		75	0.6529125	1.3647727	0.11275964	0.40060505	1.0	1775	tags=29%, list=11%, signal=33%	
GOBP_CARDIAC_MUSCLE_CELL_ACTION_POTENTIAL	GOBP_CARDIAC_MUSCLE_CELL_ACTION_POTENTIAL		80	0.6588577	1.3647041	0.10755814	0.4003085	1.0	1207	tags=21%, list=7%, signal=23%	
GOBP_AMYLOID_PRECURSOR_PROTEIN_METABOLIC_PROCESS	GOBP_AMYLOID_PRECURSOR_PROTEIN_METABOLIC_PROCESS		73	0.6602943	1.3644056	0.094151214	0.40054592	1.0	1515	tags=30%, list=9%, signal=33%	
GOBP_REGULATION_OF_PATTERN_RECOGNITION_RECEPTOR_SIGNALING_PATHWAY	GOBP_REGULATION_OF_PATTERN_RECOGNITION_RECEPTOR_SIGNALING_PATHWAY		173	0.6265329	1.3631097	0.09214092	0.40261143	1.0	2043	tags=28%, list=13%, signal=32%	
GOBP_ACTIVATION_OF_INNATE_IMMUNE_RESPONSE	GOBP_ACTIVATION_OF_INNATE_IMMUNE_RESPONSE		298	0.5976784	1.3628855	0.07539118	0.4026446	1.0	2043	tags=30%, list=13%, signal=33%	
GOBP_COLLAGEN_CATABOLIC_PROCESS	GOBP_COLLAGEN_CATABOLIC_PROCESS		36	0.69630945	1.3625158	0.11424332	0.40291178	1.0	252	tags=14%, list=2%, signal=14%	
LEE_AGING_CEREBELLUM_UP	LEE_AGING_CEREBELLUM_UP		69	0.6672012	1.3623381	0.099270076	0.40283248	1.0	635	tags=26%, list=4%, signal=27%	
GOBP_L_AMINO_ACID_TRANSPORT	GOBP_L_AMINO_ACID_TRANSPORT		86	0.6557437	1.3623236	0.098981075	0.40242186	1.0	1543	tags=20%, list=9%, signal=22%	
GOBP_SYNAPTIC_VESICLE_MEMBRANE_ORGANIZATION	GOBP_SYNAPTIC_VESICLE_MEMBRANE_ORGANIZATION		36	0.7176691	1.3621575	0.09730539	0.40235615	1.0	2017	tags=39%, list=12%, signal=44%	
GOBP_POSITIVE_REGULATION_OF_TRANSCRIPTION_BY_RNA_POLYMERASE_III	GOBP_POSITIVE_REGULATION_OF_TRANSCRIPTION_BY_RNA_POLYMERASE_III		21	0.73618156	1.3620876	0.1324201	0.40202755	1.0	1612	tags=38%, list=10%, signal=42%	
GOBP_POSITIVE_REGULATION_OF_BONE_RESORPTION	GOBP_POSITIVE_REGULATION_OF_BONE_RESORPTION		15	0.7703434	1.3616415	0.112561174	0.40250564	1.0	45	tags=7%, list=0%, signal=7%	
GOBP_REGULATION_OF_NEURON_PROJECTION_ARBORIZATION	GOBP_REGULATION_OF_NEURON_PROJECTION_ARBORIZATION		15	0.7719103	1.3603305	0.12599681	0.40463486	1.0	1041	tags=20%, list=6%, signal=21%	
HALLMARK_MITOTIC_SPINDLE	HALLMARK_MITOTIC_SPINDLE		194	0.6270875	1.360022	0.08401084	0.40486068	1.0	2523	tags=45%, list=16%, signal=52%	
GOBP_PROTEIN_TARGETING_TO_LYSOSOME	GOBP_PROTEIN_TARGETING_TO_LYSOSOME		31	0.71933764	1.3592687	0.10550459	0.4059629	1.0	1040	tags=19%, list=6%, signal=21%	
GOBP_SMOOTH_MUSCLE_CELL_DIFFERENTIATION	GOBP_SMOOTH_MUSCLE_CELL_DIFFERENTIATION		62	0.67436355	1.3590744	0.096726194	0.4059198	1.0	692	tags=8%, list=4%, signal=8%	
GOBP_REGULATION_OF_PROTEIN_CONTAINING_COMPLEX_ASSEMBLY	GOBP_REGULATION_OF_PROTEIN_CONTAINING_COMPLEX_ASSEMBLY		402	0.6099514	1.3590503	0.06919946	0.4055178	1.0	1789	tags=27%, list=11%, signal=29%	
GOBP_LONG_TERM_MEMORY	GOBP_LONG_TERM_MEMORY		36	0.7025288	1.3589444	0.11411411	0.40529138	1.0	694	tags=19%, list=4%, signal=20%	
GOBP_POSITIVE_REGULATION_OF_UBIQUITIN_DEPENDENT_PROTEIN_CATABOLIC_PROCESS	GOBP_POSITIVE_REGULATION_OF_UBIQUITIN_DEPENDENT_PROTEIN_CATABOLIC_PROCESS		102	0.64091516	1.3587874	0.10744986	0.4051615	1.0	1373	tags=18%, list=8%, signal=19%	
GOBP_NEGATIVE_REGULATION_OF_IMMUNE_SYSTEM_PROCESS	GOBP_NEGATIVE_REGULATION_OF_IMMUNE_SYSTEM_PROCESS		483	0.6056325	1.3586457	0.076177284	0.40500975	1.0	1125	tags=14%, list=7%, signal=15%	
GOBP_PENTOSE_PHOSPHATE_SHUNT	GOBP_PENTOSE_PHOSPHATE_SHUNT		17	0.7446897	1.358085	0.13866232	0.4056753	1.0	1702	tags=29%, list=10%, signal=33%	
ZHENG_GLIOBLASTOMA_PLASTICITY_UP	ZHENG_GLIOBLASTOMA_PLASTICITY_UP		229	0.61802685	1.3580694	0.09052334	0.4052733	1.0	1534	tags=20%, list=9%, signal=22%	
GOBP_TOLL_LIKE_RECEPTOR_3_SIGNALING_PATHWAY	GOBP_TOLL_LIKE_RECEPTOR_3_SIGNALING_PATHWAY		24	0.71802163	1.357799	0.107086614	0.40539327	1.0	2277	tags=38%, list=14%, signal=44%	
GOBP_SODIUM_ION_TRANSPORT	GOBP_SODIUM_ION_TRANSPORT		196	0.61768585	1.3576546	0.0947226	0.4052726	1.0	1566	tags=20%, list=10%, signal=22%	
GOBP_POSITIVE_REGULATION_OF_PROTEOLYSIS	GOBP_POSITIVE_REGULATION_OF_PROTEOLYSIS		189	0.62061304	1.3575433	0.08028169	0.4050882	1.0	1272	tags=14%, list=8%, signal=15%	
GOBP_CYTOKINETIC_PROCESS	GOBP_CYTOKINETIC_PROCESS		51	0.6757583	1.3574055	0.10413476	0.4049453	1.0	746	tags=10%, list=5%, signal=10%	
GOBP_T_CELL_LINEAGE_COMMITMENT	GOBP_T_CELL_LINEAGE_COMMITMENT		37	0.6900723	1.357128	0.12162162	0.40508845	1.0	1334	tags=32%, list=8%, signal=35%	
GOBP_RIBOSE_PHOSPHATE_METABOLIC_PROCESS	GOBP_RIBOSE_PHOSPHATE_METABOLIC_PROCESS		343	0.6062915	1.3569545	0.07608695	0.40504906	1.0	1409	tags=18%, list=9%, signal=20%	
GOBP_POSTSYNAPSE_ORGANIZATION	GOBP_POSTSYNAPSE_ORGANIZATION		232	0.60953057	1.3569294	0.08437068	0.4046719	1.0	1616	tags=24%, list=10%, signal=26%	
GOBP_CALCIUM_ION_IMPORT_ACROSS_PLASMA_MEMBRANE	GOBP_CALCIUM_ION_IMPORT_ACROSS_PLASMA_MEMBRANE		36	0.701034	1.3568294	0.099843994	0.40441468	1.0	1569	tags=25%, list=10%, signal=28%	
GOBP_MYELOID_CELL_ACTIVATION_INVOLVED_IN_IMMUNE_RESPONSE	GOBP_MYELOID_CELL_ACTIVATION_INVOLVED_IN_IMMUNE_RESPONSE		98	0.6399223	1.3567432	0.08827786	0.40413287	1.0	1234	tags=22%, list=8%, signal=24%	
GOBP_CARBOHYDRATE_TRANSPORT	GOBP_CARBOHYDRATE_TRANSPORT		101	0.6365518	1.3565443	0.101892285	0.40410724	1.0	1459	tags=17%, list=9%, signal=18%	
GOBP_NEUTROPHIL_HOMEOSTASIS	GOBP_NEUTROPHIL_HOMEOSTASIS		18	0.74587893	1.3560071	0.125	0.4047537	1.0	1323	tags=44%, list=8%, signal=48%	
GOBP_MICROTUBULE_ORGANIZING_CENTER_LOCALIZATION	GOBP_MICROTUBULE_ORGANIZING_CENTER_LOCALIZATION		28	0.711177	1.3558654	0.095022626	0.40462926	1.0	886	tags=29%, list=5%, signal=30%	
GOBP_GLYCEROLIPID_BIOSYNTHETIC_PROCESS	GOBP_GLYCEROLIPID_BIOSYNTHETIC_PROCESS		225	0.6040758	1.3557733	0.0941337	0.4043666	1.0	1439	tags=12%, list=9%, signal=13%	
GOBP_REGULATION_OF_ACTIN_FILAMENT_BASED_MOVEMENT	GOBP_REGULATION_OF_ACTIN_FILAMENT_BASED_MOVEMENT		38	0.70190287	1.3545197	0.13063763	0.406434	1.0	766	tags=16%, list=5%, signal=17%	
GOBP_RESPONSE_TO_MINERALOCORTICOID	GOBP_RESPONSE_TO_MINERALOCORTICOID		34	0.6948492	1.3542924	0.12912913	0.4065254	1.0	2548	tags=35%, list=16%, signal=42%	
GOBP_ACIDIC_AMINO_ACID_TRANSPORT	GOBP_ACIDIC_AMINO_ACID_TRANSPORT		75	0.6621333	1.3541276	0.11373708	0.406424	1.0	1373	tags=24%, list=8%, signal=26%	
GOBP_NEGATIVE_REGULATION_OF_HORMONE_SECRETION	GOBP_NEGATIVE_REGULATION_OF_HORMONE_SECRETION		53	0.68621093	1.3540415	0.11026034	0.4061921	1.0	2180	tags=30%, list=13%, signal=35%	
GOBP_REGULATION_OF_STEROL_TRANSPORT	GOBP_REGULATION_OF_STEROL_TRANSPORT		49	0.682843	1.3537141	0.12079511	0.40646973	1.0	887	tags=12%, list=5%, signal=13%	
GOBP_INOSITOL_PHOSPHATE_BIOSYNTHETIC_PROCESS	GOBP_INOSITOL_PHOSPHATE_BIOSYNTHETIC_PROCESS		21	0.74686944	1.353603	0.11755486	0.40624526	1.0	1593	tags=24%, list=10%, signal=26%	
HAY_BONE_MARROW_NEUTROPHIL	HAY_BONE_MARROW_NEUTROPHIL		378	0.60625136	1.3533808	0.06995885	0.40626138	1.0	1549	tags=21%, list=10%, signal=23%	
GOBP_ORGANOPHOSPHATE_CATABOLIC_PROCESS	GOBP_ORGANOPHOSPHATE_CATABOLIC_PROCESS		221	0.62338203	1.3532454	0.089871615	0.40612596	1.0	1455	tags=21%, list=9%, signal=23%	
GOBP_PLASMA_MEMBRANE_REPAIR	GOBP_PLASMA_MEMBRANE_REPAIR		28	0.72556335	1.3531826	0.1197411	0.40584418	1.0	842	tags=18%, list=5%, signal=19%	
GOBP_REGULATION_OF_INTRINSIC_APOPTOTIC_SIGNALING_PATHWAY	GOBP_REGULATION_OF_INTRINSIC_APOPTOTIC_SIGNALING_PATHWAY		169	0.6183779	1.3530401	0.077241376	0.4056751	1.0	927	tags=14%, list=6%, signal=14%	
GOBP_AMINO_ACID_TRANSMEMBRANE_TRANSPORT	GOBP_AMINO_ACID_TRANSMEMBRANE_TRANSPORT		97	0.64515305	1.3529583	0.10787172	0.40541163	1.0	1728	tags=22%, list=11%, signal=24%	
GOBP_STEROID_HORMONE_BIOSYNTHETIC_PROCESS	GOBP_STEROID_HORMONE_BIOSYNTHETIC_PROCESS		36	0.7039018	1.3527522	0.116099074	0.4053923	1.0	2158	tags=22%, list=13%, signal=26%	
GOBP_CALCIUM_ION_HOMEOSTASIS	GOBP_CALCIUM_ION_HOMEOSTASIS		284	0.6050905	1.3525405	0.08378378	0.40538016	1.0	1537	tags=21%, list=9%, signal=23%	
GOBP_REGULATION_OF_EXOCYTOSIS	GOBP_REGULATION_OF_EXOCYTOSIS		183	0.619564	1.3519081	0.09589041	0.406218	1.0	1839	tags=28%, list=11%, signal=32%	
HAY_BONE_MARROW_MONOCYTE	HAY_BONE_MARROW_MONOCYTE		184	0.62078094	1.3517547	0.10451978	0.40611264	1.0	1189	tags=20%, list=7%, signal=21%	
GOBP_DNA_REPAIR_DEPENDENT_CHROMATIN_REMODELING	GOBP_DNA_REPAIR_DEPENDENT_CHROMATIN_REMODELING		25	0.72919184	1.3515474	0.11076923	0.40608805	1.0	1361	tags=24%, list=8%, signal=26%	
GOBP_PROTEIN_LOCALIZATION_TO_LYSOSOME	GOBP_PROTEIN_LOCALIZATION_TO_LYSOSOME		51	0.6720198	1.3515459	0.10962963	0.4056704	1.0	1040	tags=18%, list=6%, signal=19%	
GOBP_ACTIN_FILAMENT_BASED_MOVEMENT	GOBP_ACTIN_FILAMENT_BASED_MOVEMENT		132	0.6281054	1.3511729	0.1011396	0.40600303	1.0	1294	tags=20%, list=8%, signal=22%	
GOBP_CELLULAR_RESPONSE_TO_LIPOPROTEIN_PARTICLE_STIMULUS	GOBP_CELLULAR_RESPONSE_TO_LIPOPROTEIN_PARTICLE_STIMULUS		33	0.7000289	1.3510046	0.10992366	0.40587386	1.0	685	tags=24%, list=4%, signal=25%	
GOBP_REGULATION_OF_HORMONE_LEVELS	GOBP_REGULATION_OF_HORMONE_LEVELS		439	0.5901186	1.3502499	0.064986736	0.4069977	1.0	1626	tags=16%, list=10%, signal=17%	
GOBP_PLATELET_ACTIVATION	GOBP_PLATELET_ACTIVATION		128	0.641953	1.3500229	0.0877193	0.4070035	1.0	756	tags=16%, list=5%, signal=16%	
GOBP_GRANULOCYTE_MACROPHAGE_COLONY_STIMULATING_FACTOR_PRODUCTION	GOBP_GRANULOCYTE_MACROPHAGE_COLONY_STIMULATING_FACTOR_PRODUCTION		15	0.76987994	1.3498108	0.11326861	0.40700153	1.0	564	tags=13%, list=3%, signal=14%	
GOBP_ADENYLATE_CYCLASE_MODULATING_G_PROTEIN_COUPLED_RECEPTOR_SIGNALING_PATHWAY	GOBP_ADENYLATE_CYCLASE_MODULATING_G_PROTEIN_COUPLED_RECEPTOR_SIGNALING_PATHWAY		232	0.6082313	1.3495136	0.07837838	0.40719756	1.0	968	tags=8%, list=6%, signal=9%	
GOBP_INTERLEUKIN_12_PRODUCTION	GOBP_INTERLEUKIN_12_PRODUCTION		55	0.67004085	1.3494041	0.11282844	0.40699708	1.0	2062	tags=29%, list=13%, signal=33%	
GOBP_FLUID_TRANSPORT	GOBP_FLUID_TRANSPORT		24	0.72942156	1.3479359	0.11954766	0.40950912	1.0	1050	tags=17%, list=6%, signal=18%	
GOBP_POSITIVE_REGULATION_OF_PROTEASOMAL_UBIQUITIN_DEPENDENT_PROTEIN_CATABOLIC_PROCESS	GOBP_POSITIVE_REGULATION_OF_PROTEASOMAL_UBIQUITIN_DEPENDENT_PROTEIN_CATABOLIC_PROCESS		78	0.63928	1.3476385	0.12053572	0.40971702	1.0	1373	tags=15%, list=8%, signal=17%	
GOBP_REGULATION_OF_NUCLEAR_TRANSCRIBED_MRNA_CATABOLIC_PROCESS_NONSENSE_MEDIATED_DECAY	GOBP_REGULATION_OF_NUCLEAR_TRANSCRIBED_MRNA_CATABOLIC_PROCESS_NONSENSE_MEDIATED_DECAY		17	0.76179075	1.3474128	0.12277868	0.4097544	1.0	893	tags=18%, list=5%, signal=19%	
GOBP_PRESYNAPSE_ORGANIZATION	GOBP_PRESYNAPSE_ORGANIZATION		52	0.66646904	1.3464301	0.119266056	0.41128406	1.0	626	tags=15%, list=4%, signal=16%	
GOBP_NEGATIVE_REGULATION_OF_ENDOTHELIAL_CELL_MIGRATION	GOBP_NEGATIVE_REGULATION_OF_ENDOTHELIAL_CELL_MIGRATION		48	0.6734869	1.3462298	0.12405446	0.41128018	1.0	644	tags=13%, list=4%, signal=13%	
GOBP_REGULATION_OF_VASCULAR_PERMEABILITY	GOBP_REGULATION_OF_VASCULAR_PERMEABILITY		46	0.68427473	1.3461314	0.1183432	0.41104504	1.0	399	tags=9%, list=2%, signal=9%	
GOBP_POSITIVE_REGULATION_OF_EXOCYTOSIS	GOBP_POSITIVE_REGULATION_OF_EXOCYTOSIS		84	0.6423557	1.3459198	0.11982881	0.41107592	1.0	1931	tags=33%, list=12%, signal=38%	
GOBP_MYELOID_DENDRITIC_CELL_ACTIVATION	GOBP_MYELOID_DENDRITIC_CELL_ACTIVATION		29	0.7078742	1.3457772	0.13497823	0.4109434	1.0	3494	tags=52%, list=21%, signal=66%	
GOBP_GENERATION_OF_PRECURSOR_METABOLITES_AND_ENERGY	GOBP_GENERATION_OF_PRECURSOR_METABOLITES_AND_ENERGY		426	0.60593635	1.3457034	0.06925208	0.41066375	1.0	1733	tags=19%, list=11%, signal=21%	
GOBP_SPLEEN_DEVELOPMENT	GOBP_SPLEEN_DEVELOPMENT		34	0.68733376	1.345602	0.12443778	0.41045845	1.0	3469	tags=50%, list=21%, signal=63%	
GOBP_NEGATIVE_REGULATION_OF_LIPID_TRANSPORT	GOBP_NEGATIVE_REGULATION_OF_LIPID_TRANSPORT		25	0.7322063	1.3453785	0.123558484	0.41047186	1.0	824	tags=16%, list=5%, signal=17%	
GOBP_REGULATION_OF_CARBOHYDRATE_CATABOLIC_PROCESS	GOBP_REGULATION_OF_CARBOHYDRATE_CATABOLIC_PROCESS		57	0.6600214	1.3450186	0.10622155	0.41080517	1.0	1955	tags=30%, list=12%, signal=34%	
GOBP_POSITIVE_REGULATION_OF_CELLULAR_COMPONENT_BIOGENESIS	GOBP_POSITIVE_REGULATION_OF_CELLULAR_COMPONENT_BIOGENESIS		481	0.5870779	1.3446878	0.06338028	0.41104844	1.0	2001	tags=27%, list=12%, signal=30%	
GOBP_PROTEIN_DEPOLYMERIZATION	GOBP_PROTEIN_DEPOLYMERIZATION		119	0.62786233	1.3445885	0.10610465	0.41082084	1.0	1290	tags=29%, list=8%, signal=31%	
GOBP_POSITIVE_REGULATION_OF_HORMONE_SECRETION	GOBP_POSITIVE_REGULATION_OF_HORMONE_SECRETION		120	0.62184274	1.344573	0.09913793	0.41044715	1.0	1586	tags=16%, list=10%, signal=17%	
GOBP_POSITIVE_REGULATION_OF_RELEASE_OF_SEQUESTERED_CALCIUM_ION_INTO_CYTOSOL	GOBP_POSITIVE_REGULATION_OF_RELEASE_OF_SEQUESTERED_CALCIUM_ION_INTO_CYTOSOL		28	0.7102208	1.344529	0.12913387	0.4101445	1.0	968	tags=18%, list=6%, signal=19%	
FAN_EMBRYONIC_CTX_EX_4_EXCITATORY_NEURON	FAN_EMBRYONIC_CTX_EX_4_EXCITATORY_NEURON		124	0.6243347	1.3444312	0.09327846	0.4099228	1.0	1907	tags=24%, list=12%, signal=27%	
GOBP_NEGATIVE_REGULATION_OF_RECEPTOR_SIGNALING_PATHWAY_VIA_STAT	GOBP_NEGATIVE_REGULATION_OF_RECEPTOR_SIGNALING_PATHWAY_VIA_STAT		26	0.7070762	1.3442942	0.13323353	0.40977836	1.0	1190	tags=19%, list=7%, signal=21%	
GOBP_REGULATION_OF_PRESYNAPSE_ORGANIZATION	GOBP_REGULATION_OF_PRESYNAPSE_ORGANIZATION		31	0.7070257	1.3442404	0.10581222	0.4094825	1.0	217	tags=10%, list=1%, signal=10%	
GOBP_NEGATIVE_REGULATION_OF_PROTEIN_CONTAINING_COMPLEX_DISASSEMBLY	GOBP_NEGATIVE_REGULATION_OF_PROTEIN_CONTAINING_COMPLEX_DISASSEMBLY		84	0.63978463	1.3441379	0.0867052	0.40927902	1.0	2315	tags=42%, list=14%, signal=48%	
GOBP_METABOLIC_COMPOUND_SALVAGE	GOBP_METABOLIC_COMPOUND_SALVAGE		40	0.691197	1.344093	0.11975116	0.4089787	1.0	82	tags=5%, list=1%, signal=5%	
HAY_BONE_MARROW_CD34_POS_MKP	HAY_BONE_MARROW_CD34_POS_MKP		58	0.66490334	1.343915	0.11958147	0.40891725	1.0	964	tags=9%, list=6%, signal=9%	
GOBP_MIRNA_MEDIATED_GENE_SILENCING_BY_INHIBITION_OF_TRANSLATION	GOBP_MIRNA_MEDIATED_GENE_SILENCING_BY_INHIBITION_OF_TRANSLATION		16	0.75933224	1.3437704	0.12111801	0.40881023	1.0	2828	tags=63%, list=17%, signal=76%	
GOBP_REGULATION_OF_POSTSYNAPTIC_NEUROTRANSMITTER_RECEPTOR_INTERNALIZATION	GOBP_REGULATION_OF_POSTSYNAPTIC_NEUROTRANSMITTER_RECEPTOR_INTERNALIZATION		26	0.71720076	1.3436276	0.13910356	0.4086955	1.0	1741	tags=31%, list=11%, signal=34%	
GOBP_PROTEIN_LIPID_COMPLEX_ASSEMBLY	GOBP_PROTEIN_LIPID_COMPLEX_ASSEMBLY		20	0.7297654	1.3435515	0.11666667	0.40847197	1.0	293	tags=10%, list=2%, signal=10%	
GOBP_OLEFINIC_COMPOUND_BIOSYNTHETIC_PROCESS	GOBP_OLEFINIC_COMPOUND_BIOSYNTHETIC_PROCESS		21	0.7405289	1.3435309	0.12695925	0.40811366	1.0	2158	tags=29%, list=13%, signal=33%	
GOBP_GLYCEROLIPID_METABOLIC_PROCESS	GOBP_GLYCEROLIPID_METABOLIC_PROCESS		347	0.60456276	1.3425238	0.08299866	0.40972817	1.0	1498	tags=14%, list=9%, signal=15%	
GOBP_REGULATION_OF_RIG_I_SIGNALING_PATHWAY	GOBP_REGULATION_OF_RIG_I_SIGNALING_PATHWAY		20	0.7373265	1.3424922	0.13522013	0.40936923	1.0	2624	tags=60%, list=16%, signal=71%	
GEMMA_GSE156925_TRAP-SEQ_UNCOVERS_POST-TRANSCRIPTIONAL_GENE_REGULATION_AFTER_ACUTE_SLEEP_DEPRIVATION_TREATMENT_SLEEP.DEPRIVATION_UP	GEMMA_GSE156925_TRAP-SEQ_UNCOVERS_POST-TRANSCRIPTIONAL_GENE_REGULATION_AFTER_ACUTE_SLEEP_DEPRIVATION_TREATMENT_SLEEP.DEPRIVATION_UP		121	0.63318145	1.3422922	0.10310735	0.40940806	1.0	2652	tags=33%, list=16%, signal=39%	
OLIGODENDROCYTE_MATURE_DARMANIS_PNAS_2015	OLIGODENDROCYTE_MATURE_DARMANIS_PNAS_2015		17	0.7450447	1.3421725	0.14285715	0.40926346	1.0	20	tags=6%, list=0%, signal=6%	
GOBP_POSITIVE_REGULATION_OF_ALPHA_BETA_T_CELL_PROLIFERATION	GOBP_POSITIVE_REGULATION_OF_ALPHA_BETA_T_CELL_PROLIFERATION		21	0.74833065	1.3420849	0.11937985	0.40904808	1.0	1513	tags=19%, list=9%, signal=21%	
GOBP_PROTEIN_LOCALIZATION_TO_GOLGI_APPARATUS	GOBP_PROTEIN_LOCALIZATION_TO_GOLGI_APPARATUS		29	0.6863298	1.341867	0.11773472	0.40908083	1.0	1099	tags=28%, list=7%, signal=30%	
GOBP_NEGATIVE_REGULATION_OF_ACTIN_FILAMENT_POLYMERIZATION	GOBP_NEGATIVE_REGULATION_OF_ACTIN_FILAMENT_POLYMERIZATION		56	0.6697235	1.3416528	0.10479042	0.40909785	1.0	1261	tags=32%, list=8%, signal=35%	
GOBP_POSITIVE_REGULATION_OF_CALCIUM_ION_DEPENDENT_EXOCYTOSIS	GOBP_POSITIVE_REGULATION_OF_CALCIUM_ION_DEPENDENT_EXOCYTOSIS		17	0.747451	1.3411951	0.13570274	0.40961003	1.0	1746	tags=41%, list=11%, signal=46%	
GOBP_TOLL_LIKE_RECEPTOR_SIGNALING_PATHWAY	GOBP_TOLL_LIKE_RECEPTOR_SIGNALING_PATHWAY		77	0.6310376	1.3410182	0.10682493	0.40957293	1.0	2599	tags=40%, list=16%, signal=48%	
GOBP_REGULATION_OF_CHROMOSOME_ORGANIZATION	GOBP_REGULATION_OF_CHROMOSOME_ORGANIZATION		243	0.6071871	1.3409851	0.1084507	0.40922934	1.0	1702	tags=17%, list=10%, signal=19%	
GOBP_REGULATION_OF_NEUROTRANSMITTER_SECRETION	GOBP_REGULATION_OF_NEUROTRANSMITTER_SECRETION		82	0.634049	1.3409485	0.095375724	0.40889835	1.0	1539	tags=23%, list=9%, signal=25%	
KEGG_HUNTINGTONS_DISEASE	KEGG_HUNTINGTONS_DISEASE		158	0.5980776	1.3408852	0.0964539	0.4086155	1.0	1292	tags=16%, list=8%, signal=17%	
GOBP_POSITIVE_REGULATION_OF_EXTRINSIC_APOPTOTIC_SIGNALING_PATHWAY	GOBP_POSITIVE_REGULATION_OF_EXTRINSIC_APOPTOTIC_SIGNALING_PATHWAY		56	0.6640306	1.3405547	0.1189759	0.40893885	1.0	1541	tags=23%, list=9%, signal=26%	
GOBP_PROTEIN_LOCALIZATION_TO_CELL_PERIPHERY	GOBP_PROTEIN_LOCALIZATION_TO_CELL_PERIPHERY		337	0.6059179	1.3405315	0.07681365	0.40858167	1.0	1529	tags=20%, list=9%, signal=21%	
GOBP_REPRODUCTIVE_SYSTEM_DEVELOPMENT	GOBP_REPRODUCTIVE_SYSTEM_DEVELOPMENT		238	0.6042472	1.3401754	0.09585121	0.40884078	1.0	1546	tags=14%, list=10%, signal=16%	
GOBP_SPHINGOLIPID_METABOLIC_PROCESS	GOBP_SPHINGOLIPID_METABOLIC_PROCESS		150	0.62862796	1.3399711	0.09232955	0.40882346	1.0	1026	tags=9%, list=6%, signal=10%	
GOBP_REGULATION_OF_RECEPTOR_SIGNALING_PATHWAY_VIA_STAT	GOBP_REGULATION_OF_RECEPTOR_SIGNALING_PATHWAY_VIA_STAT		73	0.6455059	1.3399053	0.12743628	0.40856397	1.0	1190	tags=16%, list=7%, signal=18%	
GOBP_SECRETORY_GRANULE_LOCALIZATION	GOBP_SECRETORY_GRANULE_LOCALIZATION		23	0.71454793	1.3390163	0.12804878	0.40994677	1.0	522	tags=30%, list=3%, signal=31%	
GOBP_NUCLEAR_CHROMOSOME_SEGREGATION	GOBP_NUCLEAR_CHROMOSOME_SEGREGATION		304	0.60431457	1.3389986	0.08839779	0.4095903	1.0	1558	tags=13%, list=10%, signal=14%	
GOBP_REGULATION_OF_CHROMATIN_ORGANIZATION	GOBP_REGULATION_OF_CHROMATIN_ORGANIZATION		30	0.70402	1.3385305	0.12836768	0.41012475	1.0	2392	tags=37%, list=15%, signal=43%	
GOBP_POSITIVE_REGULATION_OF_T_CELL_PROLIFERATION	GOBP_POSITIVE_REGULATION_OF_T_CELL_PROLIFERATION		89	0.63513535	1.3380938	0.11468531	0.41060716	1.0	1714	tags=22%, list=11%, signal=25%	
GOBP_RESPONSE_TO_CORTICOSTEROID	GOBP_RESPONSE_TO_CORTICOSTEROID		125	0.62752193	1.3380483	0.0990099	0.4103037	1.0	1777	tags=27%, list=11%, signal=30%	
GOBP_TRANSMISSION_OF_NERVE_IMPULSE	GOBP_TRANSMISSION_OF_NERVE_IMPULSE		74	0.6317688	1.3380195	0.10549777	0.40994954	1.0	1207	tags=19%, list=7%, signal=20%	
GOBP_FC_RECEPTOR_MEDIATED_STIMULATORY_SIGNALING_PATHWAY	GOBP_FC_RECEPTOR_MEDIATED_STIMULATORY_SIGNALING_PATHWAY		35	0.68722385	1.3379658	0.14461538	0.40965584	1.0	2062	tags=40%, list=13%, signal=46%	
SMID_BREAST_CANCER_RELAPSE_IN_BRAIN_DN	SMID_BREAST_CANCER_RELAPSE_IN_BRAIN_DN		66	0.65337163	1.3373979	0.12831858	0.41038263	1.0	2204	tags=24%, list=14%, signal=28%	
GOBP_PROTEIN_K63_LINKED_DEUBIQUITINATION	GOBP_PROTEIN_K63_LINKED_DEUBIQUITINATION		27	0.7103508	1.337336	0.12948518	0.4101347	1.0	1079	tags=22%, list=7%, signal=24%	
GOBP_STEROID_HORMONE_SECRETION	GOBP_STEROID_HORMONE_SECRETION		26	0.7099296	1.3369733	0.12179487	0.41040725	1.0	2180	tags=23%, list=13%, signal=27%	
GOBP_REGULATION_OF_SUPRAMOLECULAR_FIBER_ORGANIZATION	GOBP_REGULATION_OF_SUPRAMOLECULAR_FIBER_ORGANIZATION		362	0.59536046	1.3367615	0.0807947	0.41046855	1.0	1998	tags=31%, list=12%, signal=35%	
GOBP_POSITIVE_REGULATION_OF_PEPTIDE_SECRETION	GOBP_POSITIVE_REGULATION_OF_PEPTIDE_SECRETION		91	0.63640624	1.3367422	0.12518409	0.41010433	1.0	1586	tags=16%, list=10%, signal=18%	
GOBP_NEGATIVE_REGULATION_OF_CELL_PROJECTION_ORGANIZATION	GOBP_NEGATIVE_REGULATION_OF_CELL_PROJECTION_ORGANIZATION		177	0.60693115	1.3362347	0.10533515	0.41078508	1.0	1491	tags=18%, list=9%, signal=19%	
GOBP_CELLULAR_RESPONSE_TO_CORTICOSTEROID_STIMULUS	GOBP_CELLULAR_RESPONSE_TO_CORTICOSTEROID_STIMULUS		56	0.6629673	1.3356453	0.10298508	0.41150925	1.0	1777	tags=29%, list=11%, signal=32%	
GOBP_MEGAKARYOCYTE_DEVELOPMENT	GOBP_MEGAKARYOCYTE_DEVELOPMENT		20	0.74452305	1.3349291	0.118644066	0.41259402	1.0	2380	tags=40%, list=15%, signal=47%	
GOBP_NEGATIVE_REGULATION_OF_RESPONSE_TO_CYTOKINE_STIMULUS	GOBP_NEGATIVE_REGULATION_OF_RESPONSE_TO_CYTOKINE_STIMULUS		78	0.6404866	1.3345249	0.12481203	0.41303745	1.0	1079	tags=22%, list=7%, signal=23%	
GOBP_NEGATIVE_REGULATION_OF_LIPID_METABOLIC_PROCESS	GOBP_NEGATIVE_REGULATION_OF_LIPID_METABOLIC_PROCESS		87	0.6351122	1.3337356	0.107828654	0.4142137	1.0	1279	tags=16%, list=8%, signal=17%	
GOBP_PROTEIN_LOCALIZATION_TO_CHROMATIN	GOBP_PROTEIN_LOCALIZATION_TO_CHROMATIN		47	0.6767782	1.3335645	0.117221415	0.4141724	1.0	2088	tags=32%, list=13%, signal=37%	
JIANG_AGING_HYPOTHALAMUS_DN	JIANG_AGING_HYPOTHALAMUS_DN		34	0.68823165	1.332959	0.12839879	0.41495985	1.0	377	tags=26%, list=2%, signal=27%	
GOBP_POSITIVE_REGULATION_OF_SYNAPTIC_TRANSMISSION	GOBP_POSITIVE_REGULATION_OF_SYNAPTIC_TRANSMISSION		154	0.621389	1.3327637	0.11290322	0.41495937	1.0	1416	tags=25%, list=9%, signal=27%	
GOBP_MYD88_INDEPENDENT_TOLL_LIKE_RECEPTOR_SIGNALING_PATHWAY	GOBP_MYD88_INDEPENDENT_TOLL_LIKE_RECEPTOR_SIGNALING_PATHWAY		15	0.75678414	1.3327584	0.1178344	0.41457564	1.0	3494	tags=73%, list=21%, signal=93%	
GOBP_POSITIVE_REGULATION_OF_MONOATOMIC_ION_TRANSPORT	GOBP_POSITIVE_REGULATION_OF_MONOATOMIC_ION_TRANSPORT		162	0.60879505	1.3321939	0.10449927	0.41534227	1.0	2260	tags=26%, list=14%, signal=30%	
GOBP_REGULATION_OF_TOLERANCE_INDUCTION	GOBP_REGULATION_OF_TOLERANCE_INDUCTION		19	0.73708856	1.332169	0.1196319	0.4149902	1.0	3797	tags=63%, list=23%, signal=82%	
GOBP_NONRIBOSOMAL_PEPTIDE_BIOSYNTHETIC_PROCESS	GOBP_NONRIBOSOMAL_PEPTIDE_BIOSYNTHETIC_PROCESS		15	0.7654022	1.331928	0.12191358	0.4151023	1.0	1323	tags=20%, list=8%, signal=22%	
GOBP_REGULATION_OF_PLATELET_DERIVED_GROWTH_FACTOR_RECEPTOR_SIGNALING_PATHWAY	GOBP_REGULATION_OF_PLATELET_DERIVED_GROWTH_FACTOR_RECEPTOR_SIGNALING_PATHWAY		24	0.7138929	1.3319268	0.10839695	0.414705	1.0	404	tags=17%, list=2%, signal=17%	
GOBP_CELL_CELL_JUNCTION_ASSEMBLY	GOBP_CELL_CELL_JUNCTION_ASSEMBLY		127	0.61265457	1.3319045	0.10055866	0.41435003	1.0	790	tags=8%, list=5%, signal=8%	
GOBP_CIRCADIAN_SLEEP_WAKE_CYCLE	GOBP_CIRCADIAN_SLEEP_WAKE_CYCLE		22	0.72382015	1.3315849	0.14396285	0.41460037	1.0	669	tags=14%, list=4%, signal=14%	
GOBP_REGULATION_OF_PROTEIN_DEPOLYMERIZATION	GOBP_REGULATION_OF_PROTEIN_DEPOLYMERIZATION		93	0.6371555	1.331571	0.117732555	0.41423768	1.0	1243	tags=29%, list=8%, signal=31%	
GOBP_CHAPERONE_MEDIATED_PROTEIN_COMPLEX_ASSEMBLY	GOBP_CHAPERONE_MEDIATED_PROTEIN_COMPLEX_ASSEMBLY		22	0.7122535	1.3311733	0.13546424	0.4145895	1.0	1089	tags=23%, list=7%, signal=24%	
GOBP_ACROSOME_REACTION	GOBP_ACROSOME_REACTION		26	0.71214455	1.3311002	0.14132105	0.41435444	1.0	2114	tags=27%, list=13%, signal=31%	
GOBP_CELLULAR_RESPONSE_TO_STEROID_HORMONE_STIMULUS	GOBP_CELLULAR_RESPONSE_TO_STEROID_HORMONE_STIMULUS		189	0.60708797	1.3309449	0.097527474	0.41429672	1.0	1987	tags=29%, list=12%, signal=32%	
GOBP_NEGATIVE_REGULATION_OF_CELL_CYCLE_PROCESS	GOBP_NEGATIVE_REGULATION_OF_CELL_CYCLE_PROCESS		294	0.589244	1.3302923	0.092541434	0.41527778	1.0	1986	tags=15%, list=12%, signal=16%	
GEMMA_GSE12284_GENE_EXPRESSION_CHANGES_IN_LPS-INDUCED_NEUROINFLAMMATION_TREATMENT_LIPOPOLYSACCHARIDE_UP	GEMMA_GSE12284_GENE_EXPRESSION_CHANGES_IN_LPS-INDUCED_NEUROINFLAMMATION_TREATMENT_LIPOPOLYSACCHARIDE_UP		16	0.7369456	1.3301576	0.14263566	0.41515952	1.0	1690	tags=31%, list=10%, signal=35%	
GOBP_ERYTHROCYTE_HOMEOSTASIS	GOBP_ERYTHROCYTE_HOMEOSTASIS		138	0.62477136	1.3296323	0.10511363	0.4158044	1.0	1699	tags=29%, list=10%, signal=32%	
"GEMMA_GSE139684_TRANSCRIPTIONAL_PROFILING_OF_ASTROCYTES_IN_THE_PREFRONTAL_CORTEX,_HIPPOCAMPUS,_ACCUMBENS_NUCLEUS_AND_CAUDATE_PUTAMEN_OF_A_ALDH1L1-TRAP_(JD130)_MOUSE_LINE_AFTER_CHRONIC_SOCIAL_DEFEAT_STRESS_TREATMENT_STRESS_UP"	"GEMMA_GSE139684_TRANSCRIPTIONAL_PROFILING_OF_ASTROCYTES_IN_THE_PREFRONTAL_CORTEX,_HIPPOCAMPUS,_ACCUMBENS_NUCLEUS_AND_CAUDATE_PUTAMEN_OF_A_ALDH1L1-TRAP_(JD130)_MOUSE_LINE_AFTER_CHRONIC_SOCIAL_DEFEAT_STRESS_TREATMENT_STRESS_UP"		276	0.5991141	1.3296074	0.08648649	0.41548547	1.0	1088	tags=11%, list=7%, signal=12%	
GOBP_MYD88_DEPENDENT_TOLL_LIKE_RECEPTOR_SIGNALING_PATHWAY	GOBP_MYD88_DEPENDENT_TOLL_LIKE_RECEPTOR_SIGNALING_PATHWAY		21	0.7219421	1.329013	0.13902053	0.41630083	1.0	2277	tags=33%, list=14%, signal=39%	
KEGG_MEDICUS_REFERENCE_PRNP_PI3K_NOX2_SIGNALING_PATHWAY	KEGG_MEDICUS_REFERENCE_PRNP_PI3K_NOX2_SIGNALING_PATHWAY		27	0.70511955	1.3289133	0.13084112	0.41609183	1.0	1378	tags=44%, list=8%, signal=48%	
GOBP_RESPONSE_TO_VITAMIN_D	GOBP_RESPONSE_TO_VITAMIN_D		32	0.6796856	1.3286189	0.12995246	0.41627777	1.0	1541	tags=22%, list=9%, signal=24%	
GOBP_POSITIVE_REGULATION_OF_CYTOKINE_PRODUCTION_INVOLVED_IN_INFLAMMATORY_RESPONSE	GOBP_POSITIVE_REGULATION_OF_CYTOKINE_PRODUCTION_INVOLVED_IN_INFLAMMATORY_RESPONSE		26	0.7122464	1.3285855	0.12613982	0.41594282	1.0	960	tags=15%, list=6%, signal=16%	
GOBP_MEMBRANE_REPOLARIZATION	GOBP_MEMBRANE_REPOLARIZATION		50	0.66494226	1.3281155	0.12426901	0.41649657	1.0	1207	tags=24%, list=7%, signal=26%	
GOBP_AMINO_ACID_TRANSPORT	GOBP_AMINO_ACID_TRANSPORT		146	0.60055035	1.3279597	0.11078287	0.41644028	1.0	2777	tags=30%, list=17%, signal=36%	
GOBP_INTERLEUKIN_6_MEDIATED_SIGNALING_PATHWAY	GOBP_INTERLEUKIN_6_MEDIATED_SIGNALING_PATHWAY		19	0.73256826	1.3279524	0.13622291	0.41606602	1.0	504	tags=21%, list=3%, signal=22%	
ZHONG_PFC_MAJOR_TYPES_ASTROCYTES	ZHONG_PFC_MAJOR_TYPES_ASTROCYTES		291	0.5974174	1.3275294	0.097428955	0.41654983	1.0	752	tags=15%, list=5%, signal=15%	
GOBP_REGULATION_OF_SUPEROXIDE_METABOLIC_PROCESS	GOBP_REGULATION_OF_SUPEROXIDE_METABOLIC_PROCESS		27	0.70846313	1.3273305	0.11620795	0.416604	1.0	1297	tags=41%, list=8%, signal=44%	
GOBP_NEGATIVE_REGULATION_OF_DNA_BIOSYNTHETIC_PROCESS	GOBP_NEGATIVE_REGULATION_OF_DNA_BIOSYNTHETIC_PROCESS		27	0.7070365	1.3270617	0.13322884	0.41674426	1.0	2185	tags=26%, list=13%, signal=30%	
GOBP_HORMONE_TRANSPORT	GOBP_HORMONE_TRANSPORT		277	0.59987086	1.3268952	0.0890411	0.41669422	1.0	1882	tags=19%, list=12%, signal=21%	
GOBP_PURINE_NUCLEOSIDE_METABOLIC_PROCESS	GOBP_PURINE_NUCLEOSIDE_METABOLIC_PROCESS		23	0.72217274	1.3266567	0.13091482	0.41676375	1.0	997	tags=17%, list=6%, signal=19%	
GOBP_XENOPHAGY	GOBP_XENOPHAGY		15	0.75172514	1.3266375	0.13461539	0.4164152	1.0	1790	tags=53%, list=11%, signal=60%	
GOBP_COGNITION	GOBP_COGNITION		300	0.5967239	1.3261462	0.085553996	0.41701746	1.0	1430	tags=20%, list=9%, signal=22%	
GANDAL_2018_BIPOLARDISORDER_UPREGULATED_CORTEX	GANDAL_2018_BIPOLARDISORDER_UPREGULATED_CORTEX		146	0.6114078	1.326059	0.10313901	0.41680315	1.0	2439	tags=25%, list=15%, signal=30%	
GOBP_REGULATION_OF_VESICLE_FUSION	GOBP_REGULATION_OF_VESICLE_FUSION		32	0.6939419	1.3259437	0.14351144	0.41665843	1.0	2362	tags=41%, list=15%, signal=47%	
GOBP_L_GLUTAMATE_IMPORT	GOBP_L_GLUTAMATE_IMPORT		42	0.6738049	1.3253286	0.12788907	0.41752937	1.0	1373	tags=21%, list=8%, signal=23%	
GOBP_REGULATION_OF_SYNAPTIC_PLASTICITY	GOBP_REGULATION_OF_SYNAPTIC_PLASTICITY		211	0.5939894	1.3250499	0.082417585	0.41771123	1.0	1601	tags=28%, list=10%, signal=31%	
GOBP_RESPONSE_TO_LIPOPROTEIN_PARTICLE	GOBP_RESPONSE_TO_LIPOPROTEIN_PARTICLE		29	0.7131112	1.3250391	0.13375796	0.41733682	1.0	685	tags=28%, list=4%, signal=29%	
GOBP_NEURON_CELL_CELL_ADHESION	GOBP_NEURON_CELL_CELL_ADHESION		17	0.72966313	1.3249588	0.12738854	0.41711622	1.0	2118	tags=53%, list=13%, signal=61%	
GOBP_DNA_METHYLATION_DEPENDENT_CONSTITUTIVE_HETEROCHROMATIN_FORMATION	GOBP_DNA_METHYLATION_DEPENDENT_CONSTITUTIVE_HETEROCHROMATIN_FORMATION		31	0.6873402	1.3249528	0.14329268	0.41673577	1.0	1978	tags=26%, list=12%, signal=29%	
GOBP_POSITIVE_REGULATION_OF_TYPE_I_INTERFERON_PRODUCTION	GOBP_POSITIVE_REGULATION_OF_TYPE_I_INTERFERON_PRODUCTION		73	0.63875073	1.3248452	0.12656467	0.41657746	1.0	2180	tags=40%, list=13%, signal=46%	
GOBP_REGULATION_OF_MAST_CELL_DEGRANULATION	GOBP_REGULATION_OF_MAST_CELL_DEGRANULATION		27	0.6966002	1.3248286	0.14513557	0.41621584	1.0	3389	tags=52%, list=21%, signal=65%	
GOBP_ACTION_POTENTIAL	GOBP_ACTION_POTENTIAL		165	0.60928434	1.3244412	0.113372095	0.41665873	1.0	1624	tags=21%, list=10%, signal=23%	
GOBP_REGULATION_OF_LEUKOCYTE_DEGRANULATION	GOBP_REGULATION_OF_LEUKOCYTE_DEGRANULATION		43	0.6691595	1.3240399	0.12946428	0.41705287	1.0	1931	tags=33%, list=12%, signal=37%	
GOBP_T_CELL_MIGRATION	GOBP_T_CELL_MIGRATION		67	0.6459606	1.3235209	0.1396731	0.41771352	1.0	1227	tags=27%, list=8%, signal=29%	
"GEMMA_GSE151807_EXPRESSION_DATA_FROM_BRAIN_PARTS_(AMYGDALA,_HIPPOCAMPUS,_PREFRONTAL_CORTEX,_AND_CEREBRAL_CORTEX)_FROM_MICE_WITH_OR_WITHOUT_CHRONIC_MILD_STRESS_(CMS)_TREATMENTS._TREATMENT_CHRONIC.MILD.STRESS_UP"	"GEMMA_GSE151807_EXPRESSION_DATA_FROM_BRAIN_PARTS_(AMYGDALA,_HIPPOCAMPUS,_PREFRONTAL_CORTEX,_AND_CEREBRAL_CORTEX)_FROM_MICE_WITH_OR_WITHOUT_CHRONIC_MILD_STRESS_(CMS)_TREATMENTS._TREATMENT_CHRONIC.MILD.STRESS_UP"		70	0.64148474	1.3233052	0.122627735	0.4177628	1.0	2165	tags=44%, list=13%, signal=51%	
GOBP_SIGNAL_RELEASE	GOBP_SIGNAL_RELEASE		435	0.59756076	1.3231436	0.08469945	0.4177237	1.0	1882	tags=22%, list=12%, signal=24%	
GOBP_CELLULAR_RESPONSE_TO_COPPER_ION	GOBP_CELLULAR_RESPONSE_TO_COPPER_ION		17	0.7409128	1.322969	0.1539735	0.41768187	1.0	1617	tags=47%, list=10%, signal=52%	
GOBP_RESPONSE_TO_MOLECULE_OF_BACTERIAL_ORIGIN	GOBP_RESPONSE_TO_MOLECULE_OF_BACTERIAL_ORIGIN		298	0.5894918	1.3226562	0.0941337	0.417913	1.0	1105	tags=16%, list=7%, signal=17%	
GOBP_TOLL_LIKE_RECEPTOR_9_SIGNALING_PATHWAY	GOBP_TOLL_LIKE_RECEPTOR_9_SIGNALING_PATHWAY		21	0.73303854	1.3224925	0.13070866	0.41785222	1.0	1642	tags=38%, list=10%, signal=42%	
GOBP_REGULATION_OF_TRANSCRIPTION_BY_RNA_POLYMERASE_III	GOBP_REGULATION_OF_TRANSCRIPTION_BY_RNA_POLYMERASE_III		32	0.706738	1.3224392	0.13097073	0.41758192	1.0	1612	tags=31%, list=10%, signal=35%	
GOBP_RETINOIC_ACID_RECEPTOR_SIGNALING_PATHWAY	GOBP_RETINOIC_ACID_RECEPTOR_SIGNALING_PATHWAY		33	0.67488396	1.3224329	0.11846154	0.41721454	1.0	1173	tags=21%, list=7%, signal=23%	
GOBP_REGULATION_OF_MEMBRANE_PROTEIN_ECTODOMAIN_PROTEOLYSIS	GOBP_REGULATION_OF_MEMBRANE_PROTEIN_ECTODOMAIN_PROTEOLYSIS		26	0.7161556	1.3219979	0.14490446	0.4177112	1.0	1139	tags=19%, list=7%, signal=21%	
GOBP_NEGATIVE_REGULATION_OF_TELOMERE_MAINTENANCE	GOBP_NEGATIVE_REGULATION_OF_TELOMERE_MAINTENANCE		36	0.6692109	1.3219222	0.12759644	0.41748276	1.0	1702	tags=19%, list=10%, signal=22%	
FAN_EMBRYONIC_CTX_ASTROCYTE_2	FAN_EMBRYONIC_CTX_ASTROCYTE_2		131	0.60946155	1.3219012	0.11764706	0.41714633	1.0	1364	tags=26%, list=8%, signal=28%	
GOBP_REGULATION_OF_TRANSCRIPTION_BY_RNA_POLYMERASE_I	GOBP_REGULATION_OF_TRANSCRIPTION_BY_RNA_POLYMERASE_I		45	0.67174196	1.3216753	0.11598746	0.41719863	1.0	1767	tags=27%, list=11%, signal=30%	
GOBP_OLIGOPEPTIDE_TRANSMEMBRANE_TRANSPORT	GOBP_OLIGOPEPTIDE_TRANSMEMBRANE_TRANSPORT		16	0.734466	1.321134	0.1484375	0.41791916	1.0	3213	tags=50%, list=20%, signal=62%	
GOBP_CEREBELLAR_PURKINJE_CELL_LAYER_MORPHOGENESIS	GOBP_CEREBELLAR_PURKINJE_CELL_LAYER_MORPHOGENESIS		17	0.73735404	1.3206909	0.13880126	0.41845226	1.0	1304	tags=24%, list=8%, signal=26%	
GOBP_NEGATIVE_REGULATION_OF_PROTEIN_SECRETION	GOBP_NEGATIVE_REGULATION_OF_PROTEIN_SECRETION		55	0.6482129	1.3206531	0.13836478	0.4181488	1.0	1882	tags=25%, list=12%, signal=29%	
GOBP_ALCOHOL_BIOSYNTHETIC_PROCESS	GOBP_ALCOHOL_BIOSYNTHETIC_PROCESS		119	0.61006767	1.3204122	0.1173913	0.4182477	1.0	2237	tags=22%, list=14%, signal=25%	
GOBP_DICARBOXYLIC_ACID_TRANSPORT	GOBP_DICARBOXYLIC_ACID_TRANSPORT		100	0.6226673	1.3201393	0.1264706	0.41841063	1.0	1476	tags=18%, list=9%, signal=20%	
GOBP_REGULATION_OF_SYNAPTIC_VESICLE_MEMBRANE_ORGANIZATION	GOBP_REGULATION_OF_SYNAPTIC_VESICLE_MEMBRANE_ORGANIZATION		20	0.7146544	1.3200781	0.1530303	0.41815475	1.0	1486	tags=35%, list=9%, signal=38%	
GOBP_NEGATIVE_REGULATION_OF_T_CELL_RECEPTOR_SIGNALING_PATHWAY	GOBP_NEGATIVE_REGULATION_OF_T_CELL_RECEPTOR_SIGNALING_PATHWAY		36	0.6759957	1.3197562	0.14392804	0.4183959	1.0	2316	tags=47%, list=14%, signal=55%	
GOBP_REGULATION_OF_SUPEROXIDE_ANION_GENERATION	GOBP_REGULATION_OF_SUPEROXIDE_ANION_GENERATION		20	0.7208631	1.3193142	0.1433121	0.4189469	1.0	1234	tags=45%, list=8%, signal=49%	
GOBP_NEGATIVE_REGULATION_OF_MONOATOMIC_ION_TRANSPORT	GOBP_NEGATIVE_REGULATION_OF_MONOATOMIC_ION_TRANSPORT		79	0.63045883	1.3192363	0.12209302	0.4187127	1.0	507	tags=9%, list=3%, signal=9%	
GANDAL_2018_SCHIZOPHRENIA_UPREGULATED_CORTEX	GANDAL_2018_SCHIZOPHRENIA_UPREGULATED_CORTEX		389	0.5937039	1.3186287	0.09903714	0.41957426	1.0	1551	tags=21%, list=10%, signal=23%	
KEGG_MEDICUS_VARIANT_MLL_AF4_FUSION_TO_TRANSCRIPTIONAL_ACTIVATION	KEGG_MEDICUS_VARIANT_MLL_AF4_FUSION_TO_TRANSCRIPTIONAL_ACTIVATION		24	0.69594276	1.3182514	0.13707165	0.4199579	1.0	2334	tags=46%, list=14%, signal=53%	
GOBP_ACTIVATION_OF_GTPASE_ACTIVITY	GOBP_ACTIVATION_OF_GTPASE_ACTIVITY		22	0.72277325	1.318134	0.13935682	0.4197883	1.0	1982	tags=41%, list=12%, signal=47%	
GOBP_SLEEP	GOBP_SLEEP		22	0.71785104	1.3178393	0.13601236	0.42005002	1.0	1851	tags=23%, list=11%, signal=26%	
GOBP_NEGATIVE_REGULATION_OF_CALCIUM_MEDIATED_SIGNALING	GOBP_NEGATIVE_REGULATION_OF_CALCIUM_MEDIATED_SIGNALING		20	0.7319213	1.3178226	0.12244898	0.41970256	1.0	1378	tags=30%, list=8%, signal=33%	
GOBP_FERROPTOSIS	GOBP_FERROPTOSIS		30	0.6841495	1.3176692	0.12769231	0.4196193	1.0	2090	tags=47%, list=13%, signal=53%	
GOBP_MACROPHAGE_DIFFERENTIATION	GOBP_MACROPHAGE_DIFFERENTIATION		65	0.6399187	1.31757	0.1266766	0.41942418	1.0	814	tags=14%, list=5%, signal=15%	
GOBP_VIRAL_GENOME_REPLICATION	GOBP_VIRAL_GENOME_REPLICATION		92	0.6217669	1.3161417	0.1362963	0.42194426	1.0	1164	tags=21%, list=7%, signal=22%	
GOBP_POSITIVE_REGULATION_OF_T_CELL_RECEPTOR_SIGNALING_PATHWAY	GOBP_POSITIVE_REGULATION_OF_T_CELL_RECEPTOR_SIGNALING_PATHWAY		19	0.7304139	1.3160828	0.13978495	0.42167804	1.0	1154	tags=32%, list=7%, signal=34%	
GOBP_CORPUS_CALLOSUM_DEVELOPMENT	GOBP_CORPUS_CALLOSUM_DEVELOPMENT		26	0.68647915	1.3155698	0.12942989	0.422306	1.0	1549	tags=27%, list=10%, signal=30%	
GOBP_NEGATIVE_REGULATION_OF_RECEPTOR_SIGNALING_PATHWAY_VIA_JAK_STAT	GOBP_NEGATIVE_REGULATION_OF_RECEPTOR_SIGNALING_PATHWAY_VIA_JAK_STAT		23	0.7243403	1.3153926	0.140625	0.42228207	1.0	1190	tags=22%, list=7%, signal=23%	
GOBP_NEGATIVE_REGULATION_OF_INFLAMMATORY_RESPONSE	GOBP_NEGATIVE_REGULATION_OF_INFLAMMATORY_RESPONSE		166	0.6067974	1.3152767	0.11452514	0.42212555	1.0	888	tags=14%, list=5%, signal=15%	
GOBP_VIRAL_LIFE_CYCLE	GOBP_VIRAL_LIFE_CYCLE		242	0.5760505	1.3150108	0.10384069	0.42226785	1.0	1487	tags=20%, list=9%, signal=22%	
GOBP_CARBOHYDRATE_DERIVATIVE_TRANSPORT	GOBP_CARBOHYDRATE_DERIVATIVE_TRANSPORT		80	0.6210152	1.3148869	0.11911765	0.42217165	1.0	4	tags=1%, list=0%, signal=1%	
GOBP_MAINTENANCE_OF_PROTEIN_LOCATION	GOBP_MAINTENANCE_OF_PROTEIN_LOCATION		58	0.66047215	1.3144752	0.13293944	0.42264652	1.0	1099	tags=29%, list=7%, signal=31%	
GOBP_POSITIVE_REGULATION_OF_PHOSPHORUS_METABOLIC_PROCESS	GOBP_POSITIVE_REGULATION_OF_PHOSPHORUS_METABOLIC_PROCESS		280	0.5958169	1.3141392	0.09243698	0.42292485	1.0	1868	tags=20%, list=11%, signal=22%	
GOBP_POSITIVE_REGULATION_OF_GLIAL_CELL_PROLIFERATION	GOBP_POSITIVE_REGULATION_OF_GLIAL_CELL_PROLIFERATION		15	0.73331046	1.3141243	0.13517666	0.42257255	1.0	2987	tags=47%, list=18%, signal=57%	
GOBP_REGULATION_OF_NON_CANONICAL_WNT_SIGNALING_PATHWAY	GOBP_REGULATION_OF_NON_CANONICAL_WNT_SIGNALING_PATHWAY		23	0.71680987	1.3140757	0.14831804	0.42232168	1.0	2473	tags=26%, list=15%, signal=31%	
GOBP_REGULATION_OF_ACTIN_NUCLEATION	GOBP_REGULATION_OF_ACTIN_NUCLEATION		36	0.6745469	1.3139364	0.1267388	0.42221814	1.0	1984	tags=28%, list=12%, signal=32%	
GOBP_WHITE_FAT_CELL_DIFFERENTIATION	GOBP_WHITE_FAT_CELL_DIFFERENTIATION		18	0.7330904	1.3138127	0.15079366	0.42209682	1.0	1355	tags=22%, list=8%, signal=24%	
GOBP_NADPPLUS_METABOLIC_PROCESS	GOBP_NADPPLUS_METABOLIC_PROCESS		36	0.67748797	1.3133866	0.13963965	0.42261028	1.0	1702	tags=28%, list=10%, signal=31%	
GOBP_ESTABLISHMENT_OR_MAINTENANCE_OF_MONOPOLAR_CELL_POLARITY	GOBP_ESTABLISHMENT_OR_MAINTENANCE_OF_MONOPOLAR_CELL_POLARITY		22	0.72090507	1.3130635	0.14459665	0.42288285	1.0	996	tags=23%, list=6%, signal=24%	
GOBP_NEUROTRANSMITTER_GATED_ION_CHANNEL_CLUSTERING	GOBP_NEUROTRANSMITTER_GATED_ION_CHANNEL_CLUSTERING		19	0.72200936	1.3122396	0.14599685	0.42412934	1.0	1323	tags=26%, list=8%, signal=29%	
GOBP_L_GLUTAMATE_TRANSMEMBRANE_TRANSPORT	GOBP_L_GLUTAMATE_TRANSMEMBRANE_TRANSPORT		32	0.69000816	1.3120562	0.13787879	0.42410493	1.0	752	tags=16%, list=5%, signal=16%	
KEGG_MEDICUS_ENV_FACTOR_METALS_TO_NFKB_SIGNALING_PATHWAY	KEGG_MEDICUS_ENV_FACTOR_METALS_TO_NFKB_SIGNALING_PATHWAY		15	0.74031323	1.3119031	0.13771518	0.42405203	1.0	824	tags=27%, list=5%, signal=28%	
GOBP_RESPONSE_TO_TYPE_I_INTERFERON	GOBP_RESPONSE_TO_TYPE_I_INTERFERON		105	0.6078706	1.3117719	0.11982249	0.42394292	1.0	1955	tags=27%, list=12%, signal=30%	
GOBP_CALCIUM_IMPORT_INTO_THE_MITOCHONDRION	GOBP_CALCIUM_IMPORT_INTO_THE_MITOCHONDRION		16	0.7324766	1.3114113	0.14599685	0.4243007	1.0	331	tags=19%, list=2%, signal=19%	
GOBP_NUCLEOTIDE_METABOLIC_PROCESS	GOBP_NUCLEOTIDE_METABOLIC_PROCESS		444	0.59170246	1.3108917	0.09820194	0.4249802	1.0	1820	tags=20%, list=11%, signal=22%	
GOBP_PROTEIN_LOCALIZATION_TO_VACUOLE	GOBP_PROTEIN_LOCALIZATION_TO_VACUOLE		78	0.63948303	1.3107401	0.117052026	0.4248789	1.0	1283	tags=19%, list=8%, signal=21%	
GOBP_INTRINSIC_APOPTOTIC_SIGNALING_PATHWAY	GOBP_INTRINSIC_APOPTOTIC_SIGNALING_PATHWAY		301	0.59684986	1.3092551	0.09612626	0.4275482	1.0	1154	tags=15%, list=7%, signal=16%	
GOBP_POSITIVE_REGULATION_OF_MONOATOMIC_ION_TRANSMEMBRANE_TRANSPORT	GOBP_POSITIVE_REGULATION_OF_MONOATOMIC_ION_TRANSMEMBRANE_TRANSPORT		106	0.60939085	1.3091575	0.1253482	0.4273807	1.0	2471	tags=27%, list=15%, signal=32%	
LU_AGING_BRAIN_DN	LU_AGING_BRAIN_DN		138	0.5972351	1.3086183	0.113259666	0.4281149	1.0	1924	tags=36%, list=12%, signal=40%	
GOBP_REGULATION_OF_RELEASE_OF_CYTOCHROME_C_FROM_MITOCHONDRIA	GOBP_REGULATION_OF_RELEASE_OF_CYTOCHROME_C_FROM_MITOCHONDRIA		40	0.65629864	1.3085092	0.13157895	0.42796633	1.0	1834	tags=20%, list=11%, signal=22%	
GOBP_TYPE_I_INTERFERON_PRODUCTION	GOBP_TYPE_I_INTERFERON_PRODUCTION		130	0.59915924	1.3084995	0.12133891	0.427603	1.0	1956	tags=33%, list=12%, signal=37%	
GOBP_ALTERNATIVE_MRNA_SPLICING_VIA_SPLICEOSOME	GOBP_ALTERNATIVE_MRNA_SPLICING_VIA_SPLICEOSOME		84	0.61603856	1.3084372	0.12605043	0.42734882	1.0	2400	tags=35%, list=15%, signal=40%	
GOBP_POSITIVE_REGULATION_OF_PROTEOLYSIS_INVOLVED_IN_PROTEIN_CATABOLIC_PROCESS	GOBP_POSITIVE_REGULATION_OF_PROTEOLYSIS_INVOLVED_IN_PROTEIN_CATABOLIC_PROCESS		129	0.6043897	1.3083856	0.12227074	0.42707425	1.0	1456	tags=16%, list=9%, signal=17%	
FAN_EMBRYONIC_CTX_BRAIN_NAIVE_LIKE_T_CELL	FAN_EMBRYONIC_CTX_BRAIN_NAIVE_LIKE_T_CELL		133	0.6107003	1.307944	0.11908178	0.42759508	1.0	1388	tags=23%, list=9%, signal=24%	
GOBP_ACTIN_MEDIATED_CELL_CONTRACTION	GOBP_ACTIN_MEDIATED_CELL_CONTRACTION		110	0.6186388	1.3079387	0.1209564	0.42723137	1.0	1294	tags=18%, list=8%, signal=20%	
GOBP_HEMATOPOIETIC_STEM_CELL_DIFFERENTIATION	GOBP_HEMATOPOIETIC_STEM_CELL_DIFFERENTIATION		34	0.68059367	1.3075209	0.14008942	0.42770013	1.0	2392	tags=29%, list=15%, signal=34%	
GOBP_SYNAPTIC_VESICLE_CYTOSKELETAL_TRANSPORT	GOBP_SYNAPTIC_VESICLE_CYTOSKELETAL_TRANSPORT		18	0.7170427	1.3074921	0.16403785	0.4273811	1.0	2265	tags=33%, list=14%, signal=39%	
GOBP_REGULATION_OF_BODY_FLUID_LEVELS	GOBP_REGULATION_OF_BODY_FLUID_LEVELS		330	0.5837342	1.3074118	0.10096819	0.42713782	1.0	1505	tags=18%, list=9%, signal=20%	
GOBP_GAMMA_DELTA_T_CELL_ACTIVATION	GOBP_GAMMA_DELTA_T_CELL_ACTIVATION		26	0.68558306	1.3074052	0.13728549	0.42677486	1.0	2396	tags=38%, list=15%, signal=45%	
GOBP_REGULATION_OF_ANDROGEN_RECEPTOR_SIGNALING_PATHWAY	GOBP_REGULATION_OF_ANDROGEN_RECEPTOR_SIGNALING_PATHWAY		29	0.68390566	1.3072046	0.1464497	0.4268236	1.0	1776	tags=45%, list=11%, signal=50%	
GOBP_CALCIUM_MEDIATED_SIGNALING	GOBP_CALCIUM_MEDIATED_SIGNALING		221	0.5903918	1.3060966	0.1097561	0.42873314	1.0	1641	tags=18%, list=10%, signal=20%	
GOBP_LYMPHOCYTE_MIGRATION	GOBP_LYMPHOCYTE_MIGRATION		102	0.6206991	1.3059679	0.12802276	0.42861766	1.0	1616	tags=28%, list=10%, signal=31%	
GOBP_POSITIVE_REGULATION_OF_PROTEIN_MATURATION	GOBP_POSITIVE_REGULATION_OF_PROTEIN_MATURATION		21	0.70792574	1.3056885	0.1613924	0.4288299	1.0	530	tags=14%, list=3%, signal=15%	
GOBP_ACTIN_NUCLEATION	GOBP_ACTIN_NUCLEATION		55	0.6438182	1.3054396	0.13210446	0.4289514	1.0	1984	tags=25%, list=12%, signal=29%	
KEGG_PATHOGENIC_ESCHERICHIA_COLI_INFECTION	KEGG_PATHOGENIC_ESCHERICHIA_COLI_INFECTION		49	0.64066577	1.3051354	0.14285715	0.429191	1.0	950	tags=29%, list=6%, signal=30%	
GOBP_ADAPTIVE_THERMOGENESIS	GOBP_ADAPTIVE_THERMOGENESIS		151	0.59688425	1.3048773	0.11016949	0.42934802	1.0	1454	tags=21%, list=9%, signal=22%	
GOBP_PLATELET_DERIVED_GROWTH_FACTOR_RECEPTOR_BETA_SIGNALING_PATHWAY	GOBP_PLATELET_DERIVED_GROWTH_FACTOR_RECEPTOR_BETA_SIGNALING_PATHWAY		15	0.75513864	1.304761	0.13787639	0.4291917	1.0	425	tags=13%, list=3%, signal=14%	
GOBP_NEUROTROPHIN_TRK_RECEPTOR_SIGNALING_PATHWAY	GOBP_NEUROTROPHIN_TRK_RECEPTOR_SIGNALING_PATHWAY		25	0.69924444	1.3047097	0.14060031	0.4289383	1.0	2180	tags=36%, list=13%, signal=42%	
GOBP_GOLGI_TO_VACUOLE_TRANSPORT	GOBP_GOLGI_TO_VACUOLE_TRANSPORT		23	0.7051854	1.304223	0.14862682	0.42952138	1.0	1496	tags=35%, list=9%, signal=38%	
GOBP_POSITIVE_REGULATION_OF_BROWN_FAT_CELL_DIFFERENTIATION	GOBP_POSITIVE_REGULATION_OF_BROWN_FAT_CELL_DIFFERENTIATION		16	0.73556113	1.3041905	0.14645669	0.4292034	1.0	2188	tags=31%, list=13%, signal=36%	
GEMMA_GSE23182_SYSTEMIC_INFLAMMATION_MODULATES_FC_RECEPTOR_EXPRESSION_ON_MICROGLIA_IN_CHRONIC_NEURODEGENERATION_DISEASE_PRION.DISEASE_DOWN	GEMMA_GSE23182_SYSTEMIC_INFLAMMATION_MODULATES_FC_RECEPTOR_EXPRESSION_ON_MICROGLIA_IN_CHRONIC_NEURODEGENERATION_DISEASE_PRION.DISEASE_DOWN		364	0.58863026	1.3034383	0.09483961	0.43031064	1.0	2758	tags=33%, list=17%, signal=39%	
GENEWEAVER_ORDONES_2021_GS399879 _MALE_LIST OF DIFFERENTIALLY EXPRESSED GENES (DEGS) IN THE NAC OF MALES AND FEMALES IN RESPONSE TO LBN_TOP25_BYPVAL	GENEWEAVER_ORDONES_2021_GS399879 _MALE_LIST OF DIFFERENTIALLY EXPRESSED GENES (DEGS) IN THE NAC OF MALES AND FEMALES IN RESPONSE TO LBN_TOP25_BYPVAL		23	0.69821256	1.3031437	0.16153847	0.43053216	1.0	483	tags=13%, list=3%, signal=13%	
KEGG_COMPLEMENT_AND_COAGULATION_CASCADES	KEGG_COMPLEMENT_AND_COAGULATION_CASCADES		50	0.65238833	1.3031352	0.13751869	0.4301688	1.0	132	tags=12%, list=1%, signal=12%	
GOBP_NEGATIVE_REGULATION_OF_ACTIN_FILAMENT_DEPOLYMERIZATION	GOBP_NEGATIVE_REGULATION_OF_ACTIN_FILAMENT_DEPOLYMERIZATION		45	0.6557094	1.3030022	0.14567527	0.43007255	1.0	1243	tags=31%, list=8%, signal=34%	
GOBP_POLARIZED_EPITHELIAL_CELL_DIFFERENTIATION	GOBP_POLARIZED_EPITHELIAL_CELL_DIFFERENTIATION		21	0.73176175	1.3027694	0.15730338	0.4302163	1.0	996	tags=19%, list=6%, signal=20%	
GOBP_ALDEHYDE_BIOSYNTHETIC_PROCESS	GOBP_ALDEHYDE_BIOSYNTHETIC_PROCESS		15	0.7323136	1.3026795	0.15615141	0.43001628	1.0	2335	tags=47%, list=14%, signal=54%	
GOBP_MEIOTIC_CHROMOSOME_SEGREGATION	GOBP_MEIOTIC_CHROMOSOME_SEGREGATION		79	0.6133355	1.301703	0.13642961	0.4317019	1.0	2615	tags=19%, list=16%, signal=23%	
GOBP_POSTSYNAPTIC_MODULATION_OF_CHEMICAL_SYNAPTIC_TRANSMISSION	GOBP_POSTSYNAPTIC_MODULATION_OF_CHEMICAL_SYNAPTIC_TRANSMISSION		29	0.68216234	1.3016222	0.14736842	0.43150082	1.0	2592	tags=48%, list=16%, signal=57%	
GOBP_REGULATION_OF_PROTEIN_CONTAINING_COMPLEX_DISASSEMBLY	GOBP_REGULATION_OF_PROTEIN_CONTAINING_COMPLEX_DISASSEMBLY		130	0.6041836	1.3013276	0.13445379	0.4317421	1.0	1643	tags=29%, list=10%, signal=32%	
GOBP_REGULATION_OF_CELL_CYCLE_PHASE_TRANSITION	GOBP_REGULATION_OF_CELL_CYCLE_PHASE_TRANSITION		430	0.59709334	1.3006727	0.100662254	0.43272647	1.0	1870	tags=15%, list=11%, signal=17%	
GOBP_POSITIVE_REGULATION_OF_PHOSPHORYLATION	GOBP_POSITIVE_REGULATION_OF_PHOSPHORYLATION		227	0.583198	1.3003237	0.11171662	0.43300685	1.0	1995	tags=20%, list=12%, signal=22%	
GOBP_POSITIVE_REGULATION_OF_NF_KAPPAB_TRANSCRIPTION_FACTOR_ACTIVITY	GOBP_POSITIVE_REGULATION_OF_NF_KAPPAB_TRANSCRIPTION_FACTOR_ACTIVITY		71	0.63309	1.3001395	0.13402061	0.43303332	1.0	966	tags=11%, list=6%, signal=12%	
KIM_ALL_DISORDERS_CALB1_CORR_UP	KIM_ALL_DISORDERS_CALB1_CORR_UP		497	0.5788161	1.2999666	0.09659864	0.43302247	1.0	1664	tags=28%, list=10%, signal=30%	
GOBP_NEGATIVE_REGULATION_OF_CHROMOSOME_ORGANIZATION	GOBP_NEGATIVE_REGULATION_OF_CHROMOSOME_ORGANIZATION		99	0.6149824	1.2999313	0.13706294	0.43271586	1.0	1702	tags=19%, list=10%, signal=21%	
GOBP_NUCLEOSIDE_METABOLIC_PROCESS	GOBP_NUCLEOSIDE_METABOLIC_PROCESS		39	0.65615255	1.2996736	0.14561664	0.43290094	1.0	997	tags=10%, list=6%, signal=11%	
GOBP_VACUOLAR_LOCALIZATION	GOBP_VACUOLAR_LOCALIZATION		85	0.61092	1.2990832	0.13314448	0.4337654	1.0	1580	tags=21%, list=10%, signal=23%	
GOBP_RELEASE_OF_SEQUESTERED_CALCIUM_ION_INTO_CYTOSOL_BY_ENDOPLASMIC_RETICULUM	GOBP_RELEASE_OF_SEQUESTERED_CALCIUM_ION_INTO_CYTOSOL_BY_ENDOPLASMIC_RETICULUM		38	0.6653335	1.2989283	0.14308426	0.43370745	1.0	1039	tags=21%, list=6%, signal=22%	
GOBP_REGULATION_OF_SYSTEMIC_ARTERIAL_BLOOD_PRESSURE_BY_RENIN_ANGIOTENSIN	GOBP_REGULATION_OF_SYSTEMIC_ARTERIAL_BLOOD_PRESSURE_BY_RENIN_ANGIOTENSIN		30	0.6706702	1.2988281	0.16079633	0.43356133	1.0	1521	tags=20%, list=9%, signal=22%	
GOBP_SYNAPTIC_VESICLE_MATURATION	GOBP_SYNAPTIC_VESICLE_MATURATION		23	0.69132537	1.2987657	0.14329737	0.43332693	1.0	858	tags=35%, list=5%, signal=37%	
GEMMA_GSE95740_ENVIRONMENTAL_ENRICHMENT_INCREASES_TRANSCRIPTIONAL_AND_EPIGENETIC_DIFFERENTIATION_BETWEEN_MOUSE_DORSAL_AND_VENTRAL_DENTATE_GYRUS_NEURONS_TREATMENT_ENRICHED.ENVIRONMENT_UP	GEMMA_GSE95740_ENVIRONMENTAL_ENRICHMENT_INCREASES_TRANSCRIPTIONAL_AND_EPIGENETIC_DIFFERENTIATION_BETWEEN_MOUSE_DORSAL_AND_VENTRAL_DENTATE_GYRUS_NEURONS_TREATMENT_ENRICHED.ENVIRONMENT_UP		69	0.6327657	1.298699	0.1263318	0.43310082	1.0	1760	tags=16%, list=11%, signal=18%	
GOBP_INTRACELLULAR_POTASSIUM_ION_HOMEOSTASIS	GOBP_INTRACELLULAR_POTASSIUM_ION_HOMEOSTASIS		18	0.7289658	1.298674	0.14308175	0.432775	1.0	140	tags=28%, list=1%, signal=28%	
GOBP_SUPEROXIDE_METABOLIC_PROCESS	GOBP_SUPEROXIDE_METABOLIC_PROCESS		61	0.6375023	1.2967544	0.13419913	0.43628222	1.0	1739	tags=30%, list=11%, signal=33%	
GOBP_ALANINE_TRANSPORT	GOBP_ALANINE_TRANSPORT		16	0.7289819	1.296145	0.1904762	0.43716842	1.0	2706	tags=38%, list=17%, signal=45%	
GOBP_MAINTENANCE_OF_CELL_NUMBER	GOBP_MAINTENANCE_OF_CELL_NUMBER		180	0.5804405	1.2955176	0.11566618	0.4380937	1.0	1268	tags=13%, list=8%, signal=14%	
GOBP_CELLULAR_RESPONSE_TO_AMYLOID_BETA	GOBP_CELLULAR_RESPONSE_TO_AMYLOID_BETA		42	0.65327555	1.295485	0.15789473	0.4377827	1.0	1433	tags=33%, list=9%, signal=36%	
MEISSNER_BRAIN_HCP_WITH_H3K4ME2	MEISSNER_BRAIN_HCP_WITH_H3K4ME2		16	0.7275954	1.295211	0.1485623	0.43800628	1.0	2066	tags=19%, list=13%, signal=21%	
GOBP_TOLERANCE_INDUCTION	GOBP_TOLERANCE_INDUCTION		32	0.6890849	1.2951891	0.15074627	0.43768746	1.0	3057	tags=44%, list=19%, signal=54%	
GOBP_PROTEIN_LOCALIZATION_TO_MEMBRANE	GOBP_PROTEIN_LOCALIZATION_TO_MEMBRANE		429	0.5808102	1.2951396	0.09549072	0.43742508	1.0	1530	tags=20%, list=9%, signal=22%	
GOBP_REGULATION_OF_CALCIUM_ION_TRANSMEMBRANE_TRANSPORT	GOBP_REGULATION_OF_CALCIUM_ION_TRANSMEMBRANE_TRANSPORT		128	0.6046023	1.2944131	0.12446959	0.43857092	1.0	1039	tags=20%, list=6%, signal=21%	
NEURON_ALL_CAHOY_JNEURO_2008	NEURON_ALL_CAHOY_JNEURO_2008		63	0.62288064	1.294305	0.11876833	0.43841594	1.0	1811	tags=35%, list=11%, signal=39%	
GOBP_POSITIVE_REGULATION_OF_CALCIUM_ION_TRANSMEMBRANE_TRANSPORT	GOBP_POSITIVE_REGULATION_OF_CALCIUM_ION_TRANSMEMBRANE_TRANSPORT		51	0.63711333	1.2936792	0.13731343	0.43936977	1.0	2721	tags=29%, list=17%, signal=35%	
GOBP_MRNA_TRANSPORT	GOBP_MRNA_TRANSPORT		119	0.5914478	1.2936785	0.12871288	0.43899933	1.0	2209	tags=28%, list=14%, signal=32%	
GOBP_MYOFIBRIL_ASSEMBLY	GOBP_MYOFIBRIL_ASSEMBLY		66	0.63194495	1.2935236	0.14096916	0.43895033	1.0	1355	tags=20%, list=8%, signal=21%	
GOBP_REGULATORY_NCRNA_MEDIATED_GENE_SILENCING	GOBP_REGULATORY_NCRNA_MEDIATED_GENE_SILENCING		120	0.5929744	1.2932541	0.13207547	0.4391421	1.0	2833	tags=38%, list=17%, signal=45%	
GOBP_C21_STEROID_HORMONE_BIOSYNTHETIC_PROCESS	GOBP_C21_STEROID_HORMONE_BIOSYNTHETIC_PROCESS		18	0.70656085	1.2926112	0.17835365	0.44005656	1.0	2158	tags=28%, list=13%, signal=32%	
GOBP_REGULATION_OF_CARDIAC_MUSCLE_CONTRACTION_BY_CALCIUM_ION_SIGNALING	GOBP_REGULATION_OF_CARDIAC_MUSCLE_CONTRACTION_BY_CALCIUM_ION_SIGNALING		31	0.68251896	1.2921588	0.15797547	0.4406265	1.0	1039	tags=23%, list=6%, signal=24%	
GOBP_INTRACELLULAR_PROTEIN_TRANSMEMBRANE_TRANSPORT	GOBP_INTRACELLULAR_PROTEIN_TRANSMEMBRANE_TRANSPORT		33	0.66993546	1.2920775	0.15837105	0.44042426	1.0	186	tags=6%, list=1%, signal=6%	
GOBP_RHYTHMIC_PROCESS	GOBP_RHYTHMIC_PROCESS		272	0.56768435	1.292017	0.10977242	0.440187	1.0	1915	tags=24%, list=12%, signal=27%	
GOBP_NUCLEOTIDE_BINDING_DOMAIN_LEUCINE_RICH_REPEAT_CONTAINING_RECEPTOR_SIGNALING_PATHWAY	GOBP_NUCLEOTIDE_BINDING_DOMAIN_LEUCINE_RICH_REPEAT_CONTAINING_RECEPTOR_SIGNALING_PATHWAY		27	0.6929412	1.2917643	0.16440423	0.4403307	1.0	2277	tags=56%, list=14%, signal=64%	
GOBP_REGULATION_OF_MICROTUBULE_DEPOLYMERIZATION	GOBP_REGULATION_OF_MICROTUBULE_DEPOLYMERIZATION		37	0.66085285	1.2917038	0.13292117	0.44009876	1.0	1995	tags=38%, list=12%, signal=43%	
DESCARTES_FETAL_CEREBELLUM_GRANULE_NEURONS	DESCARTES_FETAL_CEREBELLUM_GRANULE_NEURONS		17	0.7241763	1.2914599	0.17723577	0.44025102	1.0	1097	tags=12%, list=7%, signal=13%	
GOBP_NUCLEUS_LOCALIZATION	GOBP_NUCLEUS_LOCALIZATION		29	0.6786352	1.2910975	0.15733737	0.44063357	1.0	1175	tags=28%, list=7%, signal=30%	
GOBP_PROTEIN_LOCALIZATION_TO_MICROTUBULE	GOBP_PROTEIN_LOCALIZATION_TO_MICROTUBULE		18	0.74979746	1.2908684	0.1511254	0.4407532	1.0	306	tags=17%, list=2%, signal=17%	
GOBP_GAMMA_DELTA_T_CELL_DIFFERENTIATION	GOBP_GAMMA_DELTA_T_CELL_DIFFERENTIATION		15	0.7346416	1.2905986	0.17580645	0.4409715	1.0	1196	tags=33%, list=7%, signal=36%	
GOBP_TYPE_II_INTERFERON_PRODUCTION	GOBP_TYPE_II_INTERFERON_PRODUCTION		112	0.60568535	1.29022	0.13852814	0.4413819	1.0	2079	tags=24%, list=13%, signal=27%	
GOBP_REGULATION_OF_MONOATOMIC_ION_TRANSPORT	GOBP_REGULATION_OF_MONOATOMIC_ION_TRANSPORT		352	0.5712048	1.2900184	0.1035461	0.44141743	1.0	1652	tags=20%, list=10%, signal=22%	
GOBP_VESICLE_DOCKING_INVOLVED_IN_EXOCYTOSIS	GOBP_VESICLE_DOCKING_INVOLVED_IN_EXOCYTOSIS		38	0.6589875	1.2899473	0.15453194	0.44118568	1.0	1371	tags=24%, list=8%, signal=26%	
GOBP_POSITIVE_REGULATION_OF_T_HELPER_CELL_DIFFERENTIATION	GOBP_POSITIVE_REGULATION_OF_T_HELPER_CELL_DIFFERENTIATION		25	0.69512665	1.2894406	0.16199377	0.4418796	1.0	2013	tags=28%, list=12%, signal=32%	
GOBP_SARCOPLASMIC_RETICULUM_CALCIUM_ION_TRANSPORT	GOBP_SARCOPLASMIC_RETICULUM_CALCIUM_ION_TRANSPORT		39	0.66883934	1.2892485	0.15727003	0.4419237	1.0	1039	tags=21%, list=6%, signal=22%	
GOBP_STEROL_BIOSYNTHETIC_PROCESS	GOBP_STEROL_BIOSYNTHETIC_PROCESS		62	0.6369961	1.2889352	0.15329513	0.4422276	1.0	2031	tags=24%, list=12%, signal=28%	
GOBP_POSITIVE_REGULATION_OF_PROTEIN_MODIFICATION_PROCESS	GOBP_POSITIVE_REGULATION_OF_PROTEIN_MODIFICATION_PROCESS		338	0.569717	1.2884632	0.12083333	0.44287878	1.0	1894	tags=19%, list=12%, signal=21%	
GOBP_POSITIVE_REGULATION_OF_PROTEIN_CATABOLIC_PROCESS	GOBP_POSITIVE_REGULATION_OF_PROTEIN_CATABOLIC_PROCESS		199	0.58711696	1.2884226	0.11764706	0.44261053	1.0	1373	tags=15%, list=8%, signal=16%	
GOBP_REGULATION_OF_CALCIUM_ION_TRANSPORT	GOBP_REGULATION_OF_CALCIUM_ION_TRANSPORT		196	0.58054984	1.2882321	0.120815136	0.4426138	1.0	1161	tags=18%, list=7%, signal=20%	
GOBP_INOSITOL_PHOSPHATE_METABOLIC_PROCESS	GOBP_INOSITOL_PHOSPHATE_METABOLIC_PROCESS		35	0.668228	1.2877136	0.17391305	0.44330955	1.0	984	tags=17%, list=6%, signal=18%	
GOBP_NEGATIVE_REGULATION_OF_PROTEIN_CONTAINING_COMPLEX_ASSEMBLY	GOBP_NEGATIVE_REGULATION_OF_PROTEIN_CONTAINING_COMPLEX_ASSEMBLY		140	0.60146785	1.287682	0.14739884	0.4430114	1.0	1261	tags=24%, list=8%, signal=25%	
GOBP_TRANSPOSITION	GOBP_TRANSPOSITION		29	0.6810077	1.2875777	0.1621212	0.4428525	1.0	3619	tags=41%, list=22%, signal=53%	
GOBP_RESPONSE_TO_MACROPHAGE_COLONY_STIMULATING_FACTOR	GOBP_RESPONSE_TO_MACROPHAGE_COLONY_STIMULATING_FACTOR		17	0.6976423	1.287572	0.18739903	0.44250247	1.0	438	tags=12%, list=3%, signal=12%	
GEMMA_GSE117758_CELL-TYPE_SPECIFIC_TRANSCRIPTIONAL_PROFILING_OF_GLUCOCORTICOID_RECEPTOR-DEPENDENT_CHANGES_IN_THE_NUCLEUS_ACCUMBENS_TREATMENT_DEXAMETHASONE_DOWN	GEMMA_GSE117758_CELL-TYPE_SPECIFIC_TRANSCRIPTIONAL_PROFILING_OF_GLUCOCORTICOID_RECEPTOR-DEPENDENT_CHANGES_IN_THE_NUCLEUS_ACCUMBENS_TREATMENT_DEXAMETHASONE_DOWN		32	0.6680438	1.2872031	0.16666667	0.44289374	1.0	378	tags=9%, list=2%, signal=10%	
GOBP_ACTIN_FILAMENT_DEPOLYMERIZATION	GOBP_ACTIN_FILAMENT_DEPOLYMERIZATION		58	0.6301092	1.2868252	0.14098836	0.44326133	1.0	1243	tags=31%, list=8%, signal=33%	
GOBP_MEMBRANE_LIPID_METABOLIC_PROCESS	GOBP_MEMBRANE_LIPID_METABOLIC_PROCESS		196	0.5879228	1.2867808	0.14326242	0.44298026	1.0	1026	tags=8%, list=6%, signal=8%	
GOBP_NEGATIVE_REGULATION_OF_ANDROGEN_RECEPTOR_SIGNALING_PATHWAY	GOBP_NEGATIVE_REGULATION_OF_ANDROGEN_RECEPTOR_SIGNALING_PATHWAY		15	0.73384815	1.2867672	0.1687898	0.4426369	1.0	1776	tags=53%, list=11%, signal=60%	
LEIN_CEREBELLUM_MARKERS	LEIN_CEREBELLUM_MARKERS		70	0.6186144	1.2864647	0.14285715	0.44288728	1.0	1503	tags=13%, list=9%, signal=14%	
GOBP_CALCIUM_ION_TRANSPORT	GOBP_CALCIUM_ION_TRANSPORT		369	0.5633032	1.2863308	0.10081744	0.4428056	1.0	1652	tags=20%, list=10%, signal=22%	
GOBP_CARBOHYDRATE_DERIVATIVE_CATABOLIC_PROCESS	GOBP_CARBOHYDRATE_DERIVATIVE_CATABOLIC_PROCESS		228	0.5871689	1.2848276	0.118715085	0.44560364	1.0	1525	tags=22%, list=9%, signal=24%	
GOBP_CELLULAR_DEFENSE_RESPONSE	GOBP_CELLULAR_DEFENSE_RESPONSE		44	0.6423288	1.2842132	0.15210843	0.44648436	1.0	847	tags=20%, list=5%, signal=22%	
GOBP_NEGATIVE_REGULATION_OF_CELLULAR_RESPONSE_TO_INSULIN_STIMULUS	GOBP_NEGATIVE_REGULATION_OF_CELLULAR_RESPONSE_TO_INSULIN_STIMULUS		44	0.6526813	1.2842091	0.1585903	0.4461229	1.0	1190	tags=18%, list=7%, signal=20%	
GOBP_CELLULAR_RESPONSE_TO_OSMOTIC_STRESS	GOBP_CELLULAR_RESPONSE_TO_OSMOTIC_STRESS		56	0.63837105	1.2837156	0.1632653	0.44673994	1.0	2681	tags=43%, list=16%, signal=51%	
GOBP_POSITIVE_REGULATION_OF_ACTIN_FILAMENT_POLYMERIZATION	GOBP_POSITIVE_REGULATION_OF_ACTIN_FILAMENT_POLYMERIZATION		47	0.63455796	1.2836616	0.125	0.44650146	1.0	2143	tags=36%, list=13%, signal=42%	
GOBP_MICROTUBULE_DEPOLYMERIZATION	GOBP_MICROTUBULE_DEPOLYMERIZATION		52	0.6330764	1.2832057	0.16172107	0.44713813	1.0	1995	tags=31%, list=12%, signal=35%	
GOBP_LONG_TERM_SYNAPTIC_POTENTIATION	GOBP_LONG_TERM_SYNAPTIC_POTENTIATION		97	0.6046578	1.2830617	0.13933237	0.44708675	1.0	1407	tags=26%, list=9%, signal=28%	
GOBP_PEROXISOME_PROLIFERATOR_ACTIVATED_RECEPTOR_SIGNALING_PATHWAY	GOBP_PEROXISOME_PROLIFERATOR_ACTIVATED_RECEPTOR_SIGNALING_PATHWAY		25	0.69246817	1.2829758	0.1754386	0.44691232	1.0	1757	tags=36%, list=11%, signal=40%	
DESCARTES_MAIN_FETAL_GRANULE_NEURONS	DESCARTES_MAIN_FETAL_GRANULE_NEURONS		17	0.7241763	1.2823251	0.18582678	0.44791198	1.0	1097	tags=12%, list=7%, signal=13%	
LEIN_LOCALIZED_TO_DISTAL_AND_PROXIMAL_DENDRITES	LEIN_LOCALIZED_TO_DISTAL_AND_PROXIMAL_DENDRITES		17	0.72138387	1.2815621	0.18167938	0.44913363	1.0	190	tags=24%, list=1%, signal=24%	
DURANTE_ADULT_OLFACTORY_NEUROEPITHELIUM_MATURE_NEURONS	DURANTE_ADULT_OLFACTORY_NEUROEPITHELIUM_MATURE_NEURONS		155	0.58747625	1.2809346	0.1502809	0.45005366	1.0	645	tags=10%, list=4%, signal=11%	
GOBP_REGULATION_OF_PEPTIDYL_TYROSINE_PHOSPHORYLATION	GOBP_REGULATION_OF_PEPTIDYL_TYROSINE_PHOSPHORYLATION		73	0.6210421	1.2804486	0.15070422	0.45074624	1.0	1584	tags=18%, list=10%, signal=20%	
GOBP_REGULATION_OF_PROTEIN_POLYMERIZATION	GOBP_REGULATION_OF_PROTEIN_POLYMERIZATION		188	0.5807425	1.2799915	0.13241379	0.45138365	1.0	1629	tags=31%, list=10%, signal=34%	
GOBP_INTESTINAL_EPITHELIAL_CELL_DIFFERENTIATION	GOBP_INTESTINAL_EPITHELIAL_CELL_DIFFERENTIATION		15	0.710882	1.27969	0.17637795	0.45162904	1.0	254	tags=13%, list=2%, signal=14%	
GOBP_PRESYNAPSE_ASSEMBLY	GOBP_PRESYNAPSE_ASSEMBLY		42	0.6555573	1.2791216	0.15292354	0.4524709	1.0	626	tags=14%, list=4%, signal=15%	
GOBP_PROTEIN_LIPID_COMPLEX_ORGANIZATION	GOBP_PROTEIN_LIPID_COMPLEX_ORGANIZATION		41	0.64951444	1.2787583	0.15727003	0.45288548	1.0	293	tags=7%, list=2%, signal=7%	
DROPVIZ_HC_MICROGLIA_MACROPHAGE_C1QB_CLUSTER-MARKERS.CSV	DROPVIZ_HC_MICROGLIA_MACROPHAGE_C1QB_CLUSTER-MARKERS.CSV		207	0.5748302	1.2783831	0.1302578	0.45326665	1.0	793	tags=23%, list=5%, signal=24%	
GOBP_PURINE_NUCLEOTIDE_SALVAGE	GOBP_PURINE_NUCLEOTIDE_SALVAGE		16	0.71928793	1.2777472	0.17425431	0.45419165	1.0	1564	tags=19%, list=10%, signal=21%	
GOBP_REGULATION_OF_TRANS_SYNAPTIC_SIGNALING	GOBP_REGULATION_OF_TRANS_SYNAPTIC_SIGNALING		495	0.56485575	1.2770035	0.085753806	0.45538983	1.0	1543	tags=23%, list=9%, signal=25%	
GOBP_NEUROTRANSMITTER_REUPTAKE	GOBP_NEUROTRANSMITTER_REUPTAKE		27	0.6836895	1.2764703	0.15895061	0.45605278	1.0	741	tags=11%, list=5%, signal=12%	
GOBP_MOTOR_NEURON_AXON_GUIDANCE	GOBP_MOTOR_NEURON_AXON_GUIDANCE		21	0.69712114	1.276306	0.17552336	0.45603022	1.0	2128	tags=48%, list=13%, signal=55%	
GOBP_REGULATION_OF_MEMBRANE_POTENTIAL	GOBP_REGULATION_OF_MEMBRANE_POTENTIAL		420	0.5657066	1.2761091	0.11065574	0.45609513	1.0	1577	tags=17%, list=10%, signal=18%	
GOBP_REGULATION_OF_CELLULAR_RESPONSE_TO_HYPOXIA	GOBP_REGULATION_OF_CELLULAR_RESPONSE_TO_HYPOXIA		22	0.68871975	1.2758942	0.1764706	0.45618343	1.0	1010	tags=32%, list=6%, signal=34%	
GOBP_IMP_METABOLIC_PROCESS	GOBP_IMP_METABOLIC_PROCESS		17	0.7207595	1.2755479	0.17821783	0.45653087	1.0	2908	tags=47%, list=18%, signal=57%	
GOBP_REGULATION_OF_CELLULAR_LOCALIZATION	GOBP_REGULATION_OF_CELLULAR_LOCALIZATION		493	0.56492394	1.2753668	0.10081744	0.45653328	1.0	1626	tags=21%, list=10%, signal=23%	
GOBP_REGULATION_OF_SODIUM_ION_TRANSMEMBRANE_TRANSPORT	GOBP_REGULATION_OF_SODIUM_ION_TRANSMEMBRANE_TRANSPORT		35	0.65181744	1.2753239	0.15615615	0.4562585	1.0	1566	tags=31%, list=10%, signal=35%	
ZHONG_PFC_C4_UNKNOWN_INP	ZHONG_PFC_C4_UNKNOWN_INP		74	0.6055653	1.2753178	0.15384616	0.45589712	1.0	1925	tags=18%, list=12%, signal=20%	
GOBP_GLUCOCORTICOID_METABOLIC_PROCESS	GOBP_GLUCOCORTICOID_METABOLIC_PROCESS		20	0.7082378	1.2751598	0.17378049	0.45588812	1.0	1152	tags=20%, list=7%, signal=21%	
KEGG_JAK_STAT_SIGNALING_PATHWAY	KEGG_JAK_STAT_SIGNALING_PATHWAY		105	0.59551173	1.2749535	0.14852941	0.45592666	1.0	2180	tags=34%, list=13%, signal=39%	
GOBP_REGULATION_OF_SYSTEMIC_ARTERIAL_BLOOD_PRESSURE_BY_CIRCULATORY_RENIN_ANGIOTENSIN	GOBP_REGULATION_OF_SYSTEMIC_ARTERIAL_BLOOD_PRESSURE_BY_CIRCULATORY_RENIN_ANGIOTENSIN		21	0.6996976	1.2748109	0.15654951	0.45588565	1.0	1521	tags=19%, list=9%, signal=21%	
GOBP_RETROGRADE_AXONAL_TRANSPORT	GOBP_RETROGRADE_AXONAL_TRANSPORT		22	0.6768872	1.2747344	0.17304747	0.4556781	1.0	886	tags=32%, list=5%, signal=34%	
GOBP_FATTY_ACID_TRANSPORT	GOBP_FATTY_ACID_TRANSPORT		86	0.61296934	1.2744316	0.15691869	0.4559224	1.0	866	tags=12%, list=5%, signal=12%	
HAY_BONE_MARROW_CD8_T_CELL	HAY_BONE_MARROW_CD8_T_CELL		54	0.6394106	1.2741534	0.15994236	0.45614946	1.0	2485	tags=37%, list=15%, signal=44%	
DESCARTES_FETAL_CEREBRUM_ASTROCYTES	DESCARTES_FETAL_CEREBRUM_ASTROCYTES		125	0.59815365	1.2739679	0.15181059	0.4562005	1.0	1264	tags=6%, list=8%, signal=7%	
GOBP_REGULATION_OF_PROTEASOMAL_UBIQUITIN_DEPENDENT_PROTEIN_CATABOLIC_PROCESS	GOBP_REGULATION_OF_PROTEASOMAL_UBIQUITIN_DEPENDENT_PROTEIN_CATABOLIC_PROCESS		128	0.59261924	1.2732581	0.1519537	0.45731795	1.0	1456	tags=16%, list=9%, signal=17%	
GOBP_NADH_DEHYDROGENASE_COMPLEX_ASSEMBLY	GOBP_NADH_DEHYDROGENASE_COMPLEX_ASSEMBLY		38	0.64508134	1.2728045	0.17801857	0.45794985	1.0	1274	tags=13%, list=8%, signal=14%	
GOBP_POSITIVE_REGULATION_OF_PROTEASOMAL_PROTEIN_CATABOLIC_PROCESS	GOBP_POSITIVE_REGULATION_OF_PROTEASOMAL_PROTEIN_CATABOLIC_PROCESS		108	0.6050406	1.2727798	0.1408046	0.4576383	1.0	1456	tags=15%, list=9%, signal=16%	
GOBP_MITOTIC_SISTER_CHROMATID_COHESION	GOBP_MITOTIC_SISTER_CHROMATID_COHESION		33	0.6487613	1.2726581	0.17246835	0.45752132	1.0	2745	tags=33%, list=17%, signal=40%	
GOBP_CHROMOSOME_SEGREGATION	GOBP_CHROMOSOME_SEGREGATION		405	0.5698948	1.2721772	0.114084505	0.4581425	1.0	1558	tags=12%, list=10%, signal=13%	
GANDAL_2018_AUTISMSPECTRUMDISORDER_UPREGULATED_CORTEX	GANDAL_2018_AUTISMSPECTRUMDISORDER_UPREGULATED_CORTEX		435	0.5640966	1.2716795	0.09327846	0.4587861	1.0	933	tags=16%, list=6%, signal=16%	
GOBP_REGULATION_OF_BEHAVIOR	GOBP_REGULATION_OF_BEHAVIOR		68	0.61079574	1.2715896	0.14548239	0.458617	1.0	669	tags=9%, list=4%, signal=9%	
GOBP_REGULATION_OF_PROTEIN_SECRETION	GOBP_REGULATION_OF_PROTEIN_SECRETION		217	0.5786356	1.2715534	0.124830395	0.45832717	1.0	1882	tags=20%, list=12%, signal=23%	
GOBP_BROWN_FAT_CELL_DIFFERENTIATION	GOBP_BROWN_FAT_CELL_DIFFERENTIATION		52	0.62927586	1.2715223	0.15348837	0.45803788	1.0	2404	tags=23%, list=15%, signal=27%	
GOBP_MYELOID_DENDRITIC_CELL_DIFFERENTIATION	GOBP_MYELOID_DENDRITIC_CELL_DIFFERENTIATION		19	0.6934241	1.2713684	0.16767372	0.45798513	1.0	3494	tags=58%, list=21%, signal=74%	
GOBP_MICROTUBULE_POLYMERIZATION	GOBP_MICROTUBULE_POLYMERIZATION		99	0.60983753	1.2710509	0.14871016	0.4583109	1.0	956	tags=14%, list=6%, signal=15%	
GOBP_POSITIVE_REGULATION_OF_MULTICELLULAR_ORGANISM_GROWTH	GOBP_POSITIVE_REGULATION_OF_MULTICELLULAR_ORGANISM_GROWTH		27	0.6691374	1.270929	0.18876755	0.45820823	1.0	1292	tags=26%, list=8%, signal=28%	
GOBP_MICROTUBULE_POLYMERIZATION_OR_DEPOLYMERIZATION	GOBP_MICROTUBULE_POLYMERIZATION_OR_DEPOLYMERIZATION		140	0.5933164	1.2707503	0.14772727	0.45822358	1.0	1322	tags=16%, list=8%, signal=18%	
GOBP_LONG_TERM_SYNAPTIC_DEPRESSION	GOBP_LONG_TERM_SYNAPTIC_DEPRESSION		34	0.65020466	1.2707208	0.1711146	0.45792782	1.0	748	tags=24%, list=5%, signal=25%	
GOBP_NEGATIVE_REGULATION_OF_ENDOCYTOSIS	GOBP_NEGATIVE_REGULATION_OF_ENDOCYTOSIS		62	0.62469274	1.2706921	0.16426513	0.45763484	1.0	1494	tags=16%, list=9%, signal=18%	
GOBP_REGULATION_OF_KERATINOCYTE_DIFFERENTIATION	GOBP_REGULATION_OF_KERATINOCYTE_DIFFERENTIATION		27	0.68107915	1.2704848	0.18838304	0.45772156	1.0	1625	tags=41%, list=10%, signal=45%	
KEGG_MEDICUS_PATHOGEN_HIV_GP120_TO_TNF_NFKB_SIGNALING_PATHWAY	KEGG_MEDICUS_PATHOGEN_HIV_GP120_TO_TNF_NFKB_SIGNALING_PATHWAY		15	0.7174022	1.2701898	0.19255663	0.45792592	1.0	2277	tags=40%, list=14%, signal=46%	
GOBP_PURINE_NUCLEOSIDE_MONOPHOSPHATE_METABOLIC_PROCESS	GOBP_PURINE_NUCLEOSIDE_MONOPHOSPHATE_METABOLIC_PROCESS		41	0.6401492	1.2700135	0.15151516	0.4579461	1.0	1952	tags=29%, list=12%, signal=33%	
GOBP_WATER_TRANSPORT	GOBP_WATER_TRANSPORT		15	0.72917455	1.2700031	0.17147435	0.45760146	1.0	818	tags=13%, list=5%, signal=14%	
GOBP_STEROID_BIOSYNTHETIC_PROCESS	GOBP_STEROID_BIOSYNTHETIC_PROCESS		135	0.5948209	1.2698458	0.14726508	0.4575625	1.0	2237	tags=21%, list=14%, signal=25%	
GOBP_REGULATION_OF_SPINDLE_ASSEMBLY	GOBP_REGULATION_OF_SPINDLE_ASSEMBLY		32	0.6602061	1.2695372	0.17575757	0.45787063	1.0	526	tags=16%, list=3%, signal=16%	
GOBP_REGULATION_OF_ANATOMICAL_STRUCTURE_SIZE	GOBP_REGULATION_OF_ANATOMICAL_STRUCTURE_SIZE		466	0.5704879	1.2695208	0.10054348	0.45754865	1.0	1876	tags=23%, list=12%, signal=26%	
GOBP_CARDIAC_CELL_DEVELOPMENT	GOBP_CARDIAC_CELL_DEVELOPMENT		76	0.6225079	1.2688022	0.15373352	0.45863354	1.0	2022	tags=28%, list=12%, signal=31%	
GOBP_MEMBRANE_DOCKING	GOBP_MEMBRANE_DOCKING		84	0.6095407	1.2686582	0.14929578	0.4585462	1.0	1371	tags=25%, list=8%, signal=27%	
GOBP_FC_RECEPTOR_SIGNALING_PATHWAY	GOBP_FC_RECEPTOR_SIGNALING_PATHWAY		57	0.62162894	1.2685176	0.16366367	0.45851523	1.0	2377	tags=39%, list=15%, signal=45%	
GOBP_NATURAL_KILLER_CELL_ACTIVATION	GOBP_NATURAL_KILLER_CELL_ACTIVATION		79	0.6023486	1.2684454	0.15462428	0.45829275	1.0	2163	tags=34%, list=13%, signal=39%	
MICROGLIA_ALL_ZEISEL_SCIENCE_2015	MICROGLIA_ALL_ZEISEL_SCIENCE_2015		349	0.57494515	1.2680103	0.113854595	0.45886958	1.0	1279	tags=23%, list=8%, signal=24%	
GOBP_REGULATION_OF_ENDOCRINE_PROCESS	GOBP_REGULATION_OF_ENDOCRINE_PROCESS		38	0.6573844	1.2667695	0.18512899	0.46110803	1.0	2180	tags=24%, list=13%, signal=27%	
MANNO_MIDBRAIN_NEUROTYPES_HSERT	MANNO_MIDBRAIN_NEUROTYPES_HSERT		391	0.5630807	1.2666782	0.11310345	0.46093458	1.0	2727	tags=33%, list=17%, signal=38%	
GOBP_MAINTENANCE_OF_PROTEIN_LOCATION_IN_NUCLEUS	GOBP_MAINTENANCE_OF_PROTEIN_LOCATION_IN_NUCLEUS		23	0.6998033	1.2664405	0.17130308	0.46107152	1.0	884	tags=26%, list=5%, signal=28%	
GOBP_DEVELOPMENTAL_CELL_GROWTH	GOBP_DEVELOPMENTAL_CELL_GROWTH		214	0.5690509	1.2663243	0.12637363	0.46096718	1.0	2041	tags=28%, list=13%, signal=32%	
GOBP_LIPID_EXPORT_FROM_CELL	GOBP_LIPID_EXPORT_FROM_CELL		43	0.63927025	1.2661226	0.17438272	0.4610538	1.0	2180	tags=21%, list=13%, signal=24%	
LEE_AGING_NEOCORTEX_UP	LEE_AGING_NEOCORTEX_UP		70	0.6124132	1.2658376	0.15929204	0.46126947	1.0	286	tags=20%, list=2%, signal=20%	
GOBP_ASTRAL_MICROTUBULE_ORGANIZATION	GOBP_ASTRAL_MICROTUBULE_ORGANIZATION		16	0.7127026	1.2654842	0.19099379	0.46163452	1.0	1511	tags=38%, list=9%, signal=41%	
GOBP_NEGATIVE_REGULATION_OF_TISSUE_REMODELING	GOBP_NEGATIVE_REGULATION_OF_TISSUE_REMODELING		21	0.6831317	1.2653517	0.19325154	0.46154496	1.0	868	tags=14%, list=5%, signal=15%	
GOBP_REGULATION_OF_T_HELPER_17_CELL_DIFFERENTIATION	GOBP_REGULATION_OF_T_HELPER_17_CELL_DIFFERENTIATION		26	0.6831611	1.2652277	0.18730159	0.46143734	1.0	2095	tags=38%, list=13%, signal=44%	
GOBP_POSITIVE_REGULATION_OF_INTERLEUKIN_2_PRODUCTION	GOBP_POSITIVE_REGULATION_OF_INTERLEUKIN_2_PRODUCTION		46	0.64347565	1.2651119	0.16936672	0.46133402	1.0	1560	tags=26%, list=10%, signal=29%	
GOBP_CENTRAL_NERVOUS_SYSTEM_NEURON_AXONOGENESIS	GOBP_CENTRAL_NERVOUS_SYSTEM_NEURON_AXONOGENESIS		37	0.66142017	1.2650594	0.17359051	0.46108276	1.0	2544	tags=38%, list=16%, signal=45%	
GOBP_ESTABLISHMENT_OF_PROTEIN_LOCALIZATION_TO_ENDOPLASMIC_RETICULUM	GOBP_ESTABLISHMENT_OF_PROTEIN_LOCALIZATION_TO_ENDOPLASMIC_RETICULUM		39	0.6438368	1.2647147	0.18307692	0.46146697	1.0	2626	tags=33%, list=16%, signal=40%	
GOBP_CHLORIDE_TRANSPORT	GOBP_CHLORIDE_TRANSPORT		107	0.6003829	1.2643156	0.14693296	0.46193853	1.0	1638	tags=13%, list=10%, signal=14%	
GOBP_RELEASE_OF_CYTOCHROME_C_FROM_MITOCHONDRIA	GOBP_RELEASE_OF_CYTOCHROME_C_FROM_MITOCHONDRIA		52	0.6297826	1.2642869	0.16224189	0.46164235	1.0	2076	tags=21%, list=13%, signal=24%	
KEGG_CALCIUM_SIGNALING_PATHWAY	KEGG_CALCIUM_SIGNALING_PATHWAY		161	0.59044015	1.2641279	0.1517341	0.46160862	1.0	1569	tags=20%, list=10%, signal=22%	
GOBP_FEMALE_GENITALIA_DEVELOPMENT	GOBP_FEMALE_GENITALIA_DEVELOPMENT		17	0.70066696	1.2640607	0.18654434	0.46140048	1.0	2641	tags=35%, list=16%, signal=42%	
GOBP_POSITIVE_REGULATION_OF_CARBOHYDRATE_METABOLIC_PROCESS	GOBP_POSITIVE_REGULATION_OF_CARBOHYDRATE_METABOLIC_PROCESS		72	0.6145539	1.2639751	0.17002882	0.46122622	1.0	1593	tags=21%, list=10%, signal=23%	
KEGG_MEDICUS_VARIANT_MUTATION_CAUSED_ABERRANT_ABETA_TO_MGLUR5_CA2_APOPTOTIC_PATHWAY	KEGG_MEDICUS_VARIANT_MUTATION_CAUSED_ABERRANT_ABETA_TO_MGLUR5_CA2_APOPTOTIC_PATHWAY		20	0.69105935	1.2630932	0.2031496	0.46279174	1.0	1537	tags=35%, list=9%, signal=39%	
GOBP_POSITIVE_REGULATION_OF_NEURON_DIFFERENTIATION	GOBP_POSITIVE_REGULATION_OF_NEURON_DIFFERENTIATION		73	0.6095007	1.2629937	0.15441176	0.4626676	1.0	1391	tags=19%, list=9%, signal=21%	
GOBP_NEGATIVE_REGULATION_OF_T_CELL_MEDIATED_IMMUNITY	GOBP_NEGATIVE_REGULATION_OF_T_CELL_MEDIATED_IMMUNITY		33	0.65425646	1.2629918	0.16163142	0.46231297	1.0	2056	tags=33%, list=13%, signal=38%	
GOBP_NEGATIVE_REGULATION_OF_ANTIGEN_RECEPTOR_MEDIATED_SIGNALING_PATHWAY	GOBP_NEGATIVE_REGULATION_OF_ANTIGEN_RECEPTOR_MEDIATED_SIGNALING_PATHWAY		45	0.63803035	1.2629207	0.17138599	0.46211883	1.0	2316	tags=42%, list=14%, signal=49%	
GOBP_REGULATION_OF_B_CELL_RECEPTOR_SIGNALING_PATHWAY	GOBP_REGULATION_OF_B_CELL_RECEPTOR_SIGNALING_PATHWAY		21	0.67600584	1.2624894	0.17356688	0.46265936	1.0	1909	tags=33%, list=12%, signal=38%	
GOBP_REGULATION_OF_MRNA_CATABOLIC_PROCESS	GOBP_REGULATION_OF_MRNA_CATABOLIC_PROCESS		199	0.5646235	1.2622082	0.14109589	0.46288034	1.0	2884	tags=38%, list=18%, signal=45%	
KEGG_ADIPOCYTOKINE_SIGNALING_PATHWAY	KEGG_ADIPOCYTOKINE_SIGNALING_PATHWAY		59	0.625496	1.2620252	0.15429403	0.4629008	1.0	2520	tags=39%, list=15%, signal=46%	
GOBP_NEGATIVE_REGULATION_OF_MAP_KINASE_ACTIVITY	GOBP_NEGATIVE_REGULATION_OF_MAP_KINASE_ACTIVITY		17	0.7174329	1.2618555	0.1875969	0.4629218	1.0	1894	tags=47%, list=12%, signal=53%	
GOBP_POSITIVE_REGULATION_OF_T_HELPER_17_TYPE_IMMUNE_RESPONSE	GOBP_POSITIVE_REGULATION_OF_T_HELPER_17_TYPE_IMMUNE_RESPONSE		16	0.71104336	1.2618164	0.18495297	0.46265173	1.0	895	tags=25%, list=6%, signal=26%	
GOBP_PROTEIN_AUTOPHOSPHORYLATION	GOBP_PROTEIN_AUTOPHOSPHORYLATION		115	0.5846402	1.2617512	0.13976945	0.46241653	1.0	1785	tags=30%, list=11%, signal=33%	
HALLMARK_G2M_CHECKPOINT	HALLMARK_G2M_CHECKPOINT		192	0.58036757	1.2617421	0.14540467	0.4620831	1.0	2818	tags=34%, list=17%, signal=41%	
GOBP_ERAD_PATHWAY	GOBP_ERAD_PATHWAY		108	0.6039843	1.2615649	0.15819208	0.4620735	1.0	2349	tags=24%, list=14%, signal=28%	
GOBP_CELL_DIFFERENTIATION_IN_HINDBRAIN	GOBP_CELL_DIFFERENTIATION_IN_HINDBRAIN		21	0.6943582	1.2609619	0.17591125	0.46302015	1.0	1304	tags=14%, list=8%, signal=16%	
GOBP_PEPTIDYL_TYROSINE_DEPHOSPHORYLATION	GOBP_PEPTIDYL_TYROSINE_DEPHOSPHORYLATION		18	0.68685913	1.2608395	0.20251177	0.46291786	1.0	671	tags=22%, list=4%, signal=23%	
GOBP_MEIOTIC_SPINDLE_ASSEMBLY	GOBP_MEIOTIC_SPINDLE_ASSEMBLY		16	0.7009328	1.2599401	0.21144675	0.4644543	1.0	2509	tags=44%, list=15%, signal=52%	
GOBP_POSITIVE_REGULATION_OF_SECRETION	GOBP_POSITIVE_REGULATION_OF_SECRETION		273	0.5623928	1.2595904	0.14128944	0.46483415	1.0	1874	tags=22%, list=12%, signal=25%	
GOBP_POST_TRANSLATIONAL_PROTEIN_TARGETING_TO_ENDOPLASMIC_RETICULUM_MEMBRANE	GOBP_POST_TRANSLATIONAL_PROTEIN_TARGETING_TO_ENDOPLASMIC_RETICULUM_MEMBRANE		18	0.70235145	1.2595557	0.20926517	0.4645541	1.0	2009	tags=28%, list=12%, signal=32%	
GOBP_POSITIVE_REGULATION_OF_CELL_ADHESION_MEDIATED_BY_INTEGRIN	GOBP_POSITIVE_REGULATION_OF_CELL_ADHESION_MEDIATED_BY_INTEGRIN		22	0.67944974	1.2586583	0.1890625	0.4660795	1.0	327	tags=14%, list=2%, signal=14%	
GOBP_REGULATION_OF_EXTENT_OF_CELL_GROWTH	GOBP_REGULATION_OF_EXTENT_OF_CELL_GROWTH		95	0.60063905	1.2584665	0.16028368	0.4661253	1.0	1634	tags=26%, list=10%, signal=29%	
GOBP_POSITIVE_REGULATION_OF_MRNA_METABOLIC_PROCESS	GOBP_POSITIVE_REGULATION_OF_MRNA_METABOLIC_PROCESS		132	0.58011246	1.258282	0.14159292	0.46615162	1.0	2884	tags=42%, list=18%, signal=50%	
KEGG_MEDICUS_VARIANT_MUTATION_CAUSED_ABERRANT_ABETA_TO_MACHR_CA2_APOPTOTIC_PATHWAY	KEGG_MEDICUS_VARIANT_MUTATION_CAUSED_ABERRANT_ABETA_TO_MACHR_CA2_APOPTOTIC_PATHWAY		19	0.684647	1.2580687	0.19904459	0.4662728	1.0	2107	tags=42%, list=13%, signal=48%	
GOBP_NEGATIVE_REGULATION_OF_REGULATORY_T_CELL_DIFFERENTIATION	GOBP_NEGATIVE_REGULATION_OF_REGULATORY_T_CELL_DIFFERENTIATION		19	0.69176584	1.2578243	0.19582665	0.46644723	1.0	543	tags=21%, list=3%, signal=22%	
ZHONG_PFC_C3_ASTROCYTE	ZHONG_PFC_C3_ASTROCYTE		323	0.56643885	1.2554886	0.11444142	0.47107738	1.0	2080	tags=27%, list=13%, signal=31%	
GOBP_REGULATION_OF_INTRACELLULAR_STEROID_HORMONE_RECEPTOR_SIGNALING_PATHWAY	GOBP_REGULATION_OF_INTRACELLULAR_STEROID_HORMONE_RECEPTOR_SIGNALING_PATHWAY		70	0.6081385	1.2551913	0.16200295	0.47133464	1.0	2138	tags=33%, list=13%, signal=38%	
GOBP_DENDRITE_EXTENSION	GOBP_DENDRITE_EXTENSION		33	0.651984	1.2551626	0.18088235	0.4710395	1.0	2130	tags=27%, list=13%, signal=31%	
GOBP_REGULATION_OF_PEROXISOME_PROLIFERATOR_ACTIVATED_RECEPTOR_SIGNALING_PATHWAY	GOBP_REGULATION_OF_PEROXISOME_PROLIFERATOR_ACTIVATED_RECEPTOR_SIGNALING_PATHWAY		15	0.7081354	1.2541776	0.21555915	0.47278458	1.0	1650	tags=33%, list=10%, signal=37%	
JOHNSON_2016_COEXPRESSION_HIPPOCAMPUS_HUMAN_M2	JOHNSON_2016_COEXPRESSION_HIPPOCAMPUS_HUMAN_M2		32	0.65238553	1.2540156	0.16546762	0.47279733	1.0	1864	tags=38%, list=11%, signal=42%	
TCGA_GLIOBLASTOMA_COPY_NUMBER_DN	TCGA_GLIOBLASTOMA_COPY_NUMBER_DN		26	0.65761983	1.2532485	0.18351477	0.4740717	1.0	3078	tags=35%, list=19%, signal=43%	
GOBP_REGULATION_OF_CELL_SIZE	GOBP_REGULATION_OF_CELL_SIZE		167	0.57496214	1.2532392	0.15902965	0.4737339	1.0	1638	tags=24%, list=10%, signal=26%	
GOBP_NEGATIVE_REGULATION_OF_RESPONSE_TO_WOUNDING	GOBP_NEGATIVE_REGULATION_OF_RESPONSE_TO_WOUNDING		83	0.5953248	1.2531114	0.15954416	0.47363192	1.0	546	tags=10%, list=3%, signal=10%	
GOBP_LEARNING_OR_MEMORY	GOBP_LEARNING_OR_MEMORY		261	0.5511571	1.2528033	0.13719943	0.47392833	1.0	1407	tags=21%, list=9%, signal=22%	
GOBP_POSITIVE_REGULATION_OF_REACTIVE_OXYGEN_SPECIES_BIOSYNTHETIC_PROCESS	GOBP_POSITIVE_REGULATION_OF_REACTIVE_OXYGEN_SPECIES_BIOSYNTHETIC_PROCESS		16	0.7144859	1.2526373	0.20193861	0.47390634	1.0	1459	tags=38%, list=9%, signal=41%	
GOBP_PROTEIN_QUALITY_CONTROL_FOR_MISFOLDED_OR_INCOMPLETELY_SYNTHESIZED_PROTEINS	GOBP_PROTEIN_QUALITY_CONTROL_FOR_MISFOLDED_OR_INCOMPLETELY_SYNTHESIZED_PROTEINS		29	0.6628929	1.2523787	0.1904762	0.47408354	1.0	1402	tags=17%, list=9%, signal=19%	
GOBP_ANGIOTENSIN_ACTIVATED_SIGNALING_PATHWAY	GOBP_ANGIOTENSIN_ACTIVATED_SIGNALING_PATHWAY		19	0.6874615	1.2520372	0.18429486	0.47445878	1.0	1199	tags=26%, list=7%, signal=28%	
GOBP_NEGATIVE_REGULATION_OF_MIRNA_METABOLIC_PROCESS	GOBP_NEGATIVE_REGULATION_OF_MIRNA_METABOLIC_PROCESS		28	0.6620084	1.251952	0.1884273	0.4742668	1.0	1831	tags=32%, list=11%, signal=36%	
GOBP_SPERM_CAPACITATION	GOBP_SPERM_CAPACITATION		16	0.7000095	1.2518978	0.19743179	0.4740398	1.0	1326	tags=13%, list=8%, signal=14%	
GOBP_POSITIVE_REGULATION_OF_REACTIVE_OXYGEN_SPECIES_METABOLIC_PROCESS	GOBP_POSITIVE_REGULATION_OF_REACTIVE_OXYGEN_SPECIES_METABOLIC_PROCESS		56	0.62150675	1.2517475	0.17804155	0.47401136	1.0	1702	tags=36%, list=10%, signal=40%	
ROVERSI_GLIOMA_COPY_NUMBER_UP	ROVERSI_GLIOMA_COPY_NUMBER_UP		76	0.6099274	1.2514964	0.17357911	0.4741767	1.0	1065	tags=12%, list=7%, signal=13%	
GOBP_RESPONSE_TO_TOPOLOGICALLY_INCORRECT_PROTEIN	GOBP_RESPONSE_TO_TOPOLOGICALLY_INCORRECT_PROTEIN		159	0.5802813	1.251443	0.14589235	0.47392958	1.0	1179	tags=14%, list=7%, signal=15%	
GOBP_HEPATOCYTE_APOPTOTIC_PROCESS	GOBP_HEPATOCYTE_APOPTOTIC_PROCESS		17	0.69231874	1.2512912	0.21044546	0.47387856	1.0	1491	tags=29%, list=9%, signal=32%	
GOBP_REGULATION_OF_ALTERNATIVE_MRNA_SPLICING_VIA_SPLICEOSOME	GOBP_REGULATION_OF_ALTERNATIVE_MRNA_SPLICING_VIA_SPLICEOSOME		66	0.61189115	1.2506788	0.175	0.47487062	1.0	2575	tags=35%, list=16%, signal=41%	
GOBP_RESPONSE_TO_ANTIBIOTIC	GOBP_RESPONSE_TO_ANTIBIOTIC		36	0.63302207	1.2499958	0.18979266	0.47598752	1.0	1746	tags=33%, list=11%, signal=37%	
GOBP_REGULATION_OF_MAST_CELL_ACTIVATION	GOBP_REGULATION_OF_MAST_CELL_ACTIVATION		18	0.7004973	1.2499914	0.19871795	0.4756418	1.0	2274	tags=28%, list=14%, signal=32%	
GOBP_NEURON_CELLULAR_HOMEOSTASIS	GOBP_NEURON_CELLULAR_HOMEOSTASIS		46	0.6277843	1.2499168	0.1749226	0.47544858	1.0	2379	tags=37%, list=15%, signal=43%	
GOBP_ENDOCRINE_PROCESS	GOBP_ENDOCRINE_PROCESS		89	0.59781367	1.2499117	0.14285715	0.47509962	1.0	2180	tags=21%, list=13%, signal=25%	
GOBP_CARDIAC_MUSCLE_CELL_DIFFERENTIATION	GOBP_CARDIAC_MUSCLE_CELL_DIFFERENTIATION		106	0.589797	1.2498908	0.17485549	0.47480023	1.0	2022	tags=25%, list=12%, signal=28%	
GOBP_POSITIVE_REGULATION_OF_NEUROTRANSMITTER_TRANSPORT	GOBP_POSITIVE_REGULATION_OF_NEUROTRANSMITTER_TRANSPORT		23	0.679851	1.2498053	0.19242902	0.47462806	1.0	1539	tags=30%, list=9%, signal=34%	
GOBP_RESPIRATORY_SYSTEM_PROCESS	GOBP_RESPIRATORY_SYSTEM_PROCESS		42	0.63006693	1.2497633	0.18646617	0.47436228	1.0	522	tags=10%, list=3%, signal=10%	
GOBP_SPINDLE_LOCALIZATION	GOBP_SPINDLE_LOCALIZATION		59	0.6201817	1.2489394	0.17559524	0.47578335	1.0	1110	tags=17%, list=7%, signal=18%	
GOBP_SECRETION_BY_TISSUE	GOBP_SECRETION_BY_TISSUE		34	0.6537369	1.248785	0.17975831	0.47574058	1.0	2592	tags=35%, list=16%, signal=42%	
GOBP_NATURAL_KILLER_CELL_DIFFERENTIATION	GOBP_NATURAL_KILLER_CELL_DIFFERENTIATION		22	0.67713994	1.2486682	0.19773096	0.47561142	1.0	2163	tags=45%, list=13%, signal=52%	
GOBP_POSITIVE_REGULATION_OF_SYNAPSE_ASSEMBLY	GOBP_POSITIVE_REGULATION_OF_SYNAPSE_ASSEMBLY		68	0.6126681	1.2484276	0.17621145	0.47577125	1.0	1416	tags=16%, list=9%, signal=18%	
GOBP_NEGATIVE_REGULATION_OF_INFLAMMATORY_RESPONSE_TO_ANTIGENIC_STIMULUS	GOBP_NEGATIVE_REGULATION_OF_INFLAMMATORY_RESPONSE_TO_ANTIGENIC_STIMULUS		31	0.65352285	1.248075	0.17425431	0.4761633	1.0	612	tags=13%, list=4%, signal=13%	
GOBP_NUCLEAR_TRANSCRIBED_MRNA_CATABOLIC_PROCESS_DEADENYLATION_DEPENDENT_DECAY	GOBP_NUCLEAR_TRANSCRIBED_MRNA_CATABOLIC_PROCESS_DEADENYLATION_DEPENDENT_DECAY		66	0.6035079	1.2480698	0.16258992	0.4758269	1.0	3066	tags=53%, list=19%, signal=65%	
GOBP_VASCULAR_PROCESS_IN_CIRCULATORY_SYSTEM	GOBP_VASCULAR_PROCESS_IN_CIRCULATORY_SYSTEM		250	0.55660725	1.2476032	0.14542936	0.47648865	1.0	2269	tags=22%, list=14%, signal=25%	
GOBP_CARBOXYLIC_ACID_TRANSMEMBRANE_TRANSPORT	GOBP_CARBOXYLIC_ACID_TRANSMEMBRANE_TRANSPORT		134	0.5763174	1.2475699	0.15850145	0.47619304	1.0	2384	tags=24%, list=15%, signal=28%	
GOBP_ER_NUCLEUS_SIGNALING_PATHWAY	GOBP_ER_NUCLEUS_SIGNALING_PATHWAY		53	0.61710596	1.2473406	0.1605302	0.47632945	1.0	2031	tags=26%, list=12%, signal=30%	
GOBP_CELLULAR_PIGMENTATION	GOBP_CELLULAR_PIGMENTATION		57	0.6039708	1.2464563	0.1749623	0.47782934	1.0	1626	tags=14%, list=10%, signal=16%	
NEURON_PYRAMIDAL_CORTICAL_ZEISEL_SCIENCE_2015	NEURON_PYRAMIDAL_CORTICAL_ZEISEL_SCIENCE_2015		209	0.5593511	1.2464445	0.14617486	0.47749802	1.0	1149	tags=12%, list=7%, signal=13%	
GOBP_NEGATIVE_REGULATION_OF_INTRACELLULAR_STEROID_HORMONE_RECEPTOR_SIGNALING_PATHWAY	GOBP_NEGATIVE_REGULATION_OF_INTRACELLULAR_STEROID_HORMONE_RECEPTOR_SIGNALING_PATHWAY		38	0.64619946	1.2463503	0.19126506	0.47735015	1.0	2138	tags=37%, list=13%, signal=42%	
GOBP_GLIAL_CELL_PROLIFERATION	GOBP_GLIAL_CELL_PROLIFERATION		47	0.6260689	1.2457237	0.18313953	0.4783797	1.0	1292	tags=19%, list=8%, signal=21%	
GOBP_OLIGOPEPTIDE_TRANSPORT	GOBP_OLIGOPEPTIDE_TRANSPORT		19	0.6840766	1.2455524	0.20977917	0.47839528	1.0	3469	tags=47%, list=21%, signal=60%	
GOBP_AXONAL_FASCICULATION	GOBP_AXONAL_FASCICULATION		23	0.67051965	1.245353	0.20723684	0.4784947	1.0	2943	tags=48%, list=18%, signal=58%	
GOBP_DITERPENOID_METABOLIC_PROCESS	GOBP_DITERPENOID_METABOLIC_PROCESS		63	0.6020269	1.2447095	0.17567568	0.47958165	1.0	1209	tags=13%, list=7%, signal=14%	
GOBP_ENAMEL_MINERALIZATION	GOBP_ENAMEL_MINERALIZATION		16	0.70055944	1.2446798	0.21647818	0.47930133	1.0	1380	tags=19%, list=8%, signal=20%	
GOBP_NEGATIVE_REGULATION_OF_ORGANELLE_ORGANIZATION	GOBP_NEGATIVE_REGULATION_OF_ORGANELLE_ORGANIZATION		345	0.55573225	1.2441676	0.15168539	0.4800087	1.0	1558	tags=20%, list=10%, signal=21%	
GOBP_REGULATION_OF_NUCLEAR_TRANSCRIBED_MRNA_CATABOLIC_PROCESS_DEADENYLATION_DEPENDENT_DECAY	GOBP_REGULATION_OF_NUCLEAR_TRANSCRIBED_MRNA_CATABOLIC_PROCESS_DEADENYLATION_DEPENDENT_DECAY		24	0.67711174	1.2441585	0.19062027	0.47968018	1.0	1401	tags=46%, list=9%, signal=50%	
GEMMA_GSE102965_LEARNED_HELPLESSNESS_REGULATES_SYNAPSE_RELATED_LNCRNAS_IN_MOUSE_HIPPOCAMPUS_TREATMENT_LEARNED.HELPLESSNESS.TRAINING_UP	GEMMA_GSE102965_LEARNED_HELPLESSNESS_REGULATES_SYNAPSE_RELATED_LNCRNAS_IN_MOUSE_HIPPOCAMPUS_TREATMENT_LEARNED.HELPLESSNESS.TRAINING_UP		19	0.6772261	1.2440721	0.18981482	0.47951797	1.0	2551	tags=42%, list=16%, signal=50%	
GOBP_SOMATIC_DIVERSIFICATION_OF_IMMUNE_RECEPTORS_VIA_SOMATIC_MUTATION	GOBP_SOMATIC_DIVERSIFICATION_OF_IMMUNE_RECEPTORS_VIA_SOMATIC_MUTATION		15	0.6903883	1.243538	0.22519685	0.48034677	1.0	2756	tags=40%, list=17%, signal=48%	
GOBP_NEGATIVE_REGULATION_OF_VIRAL_PROCESS	GOBP_NEGATIVE_REGULATION_OF_VIRAL_PROCESS		58	0.60624903	1.243493	0.17797889	0.48009738	1.0	1607	tags=28%, list=10%, signal=31%	
GOBP_TEMPERATURE_HOMEOSTASIS	GOBP_TEMPERATURE_HOMEOSTASIS		166	0.563769	1.2429864	0.15155616	0.4808193	1.0	1454	tags=18%, list=9%, signal=20%	
GOBP_NUCLEOTIDE_SUGAR_BIOSYNTHETIC_PROCESS	GOBP_NUCLEOTIDE_SUGAR_BIOSYNTHETIC_PROCESS		28	0.6483374	1.2429531	0.19762258	0.48052803	1.0	226	tags=7%, list=1%, signal=7%	
GOBP_REGULATION_OF_ACTIN_FILAMENT_ORGANIZATION	GOBP_REGULATION_OF_ACTIN_FILAMENT_ORGANIZATION		251	0.5665066	1.2428107	0.13920455	0.48049626	1.0	1998	tags=31%, list=12%, signal=35%	
GOBP_MITOTIC_CELL_CYCLE_PHASE_TRANSITION	GOBP_MITOTIC_CELL_CYCLE_PHASE_TRANSITION		423	0.5602219	1.2424079	0.118421055	0.48102275	1.0	1870	tags=16%, list=11%, signal=17%	
GOBP_BARBED_END_ACTIN_FILAMENT_CAPPING	GOBP_BARBED_END_ACTIN_FILAMENT_CAPPING		25	0.64571	1.2420713	0.22305389	0.48142254	1.0	849	tags=32%, list=5%, signal=34%	
GOBP_REGULATION_OF_MITOTIC_CELL_CYCLE	GOBP_REGULATION_OF_MITOTIC_CELL_CYCLE		482	0.5465805	1.2418453	0.12745099	0.48156422	1.0	1870	tags=16%, list=11%, signal=17%	
GOBP_REGULATION_OF_TRANSCRIPTION_OF_NUCLEOLAR_LARGE_RRNA_BY_RNA_POLYMERASE_I	GOBP_REGULATION_OF_TRANSCRIPTION_OF_NUCLEOLAR_LARGE_RRNA_BY_RNA_POLYMERASE_I		15	0.7243986	1.2414299	0.2348367	0.48214406	1.0	1625	tags=27%, list=10%, signal=30%	
GOBP_POSITIVE_REGULATION_OF_INTERLEUKIN_10_PRODUCTION	GOBP_POSITIVE_REGULATION_OF_INTERLEUKIN_10_PRODUCTION		40	0.6320559	1.2413398	0.18740849	0.48196715	1.0	1956	tags=23%, list=12%, signal=26%	
GOBP_RESPONSE_TO_HYDROPEROXIDE	GOBP_RESPONSE_TO_HYDROPEROXIDE		16	0.70432216	1.241173	0.21521036	0.48199672	1.0	1171	tags=50%, list=7%, signal=54%	
HALLMARK_CHOLESTEROL_HOMEOSTASIS	HALLMARK_CHOLESTEROL_HOMEOSTASIS		73	0.5967035	1.2407802	0.16200295	0.48245183	1.0	1435	tags=19%, list=9%, signal=21%	
KEGG_MEDICUS_REFERENCE_CYTOKINE_JAK_STAT_SIGNALING_PATHWAY	KEGG_MEDICUS_REFERENCE_CYTOKINE_JAK_STAT_SIGNALING_PATHWAY		34	0.64506316	1.2407291	0.1827957	0.48220268	1.0	1265	tags=32%, list=8%, signal=35%	
GOBP_VESICLE_DOCKING	GOBP_VESICLE_DOCKING		56	0.60828066	1.2405874	0.19879518	0.48214138	1.0	1586	tags=23%, list=10%, signal=26%	
DROPVIZ_STR_MICROGLIA_MACROPHAGE_C1QB_CLUSTER-MARKERS.CSV	DROPVIZ_STR_MICROGLIA_MACROPHAGE_C1QB_CLUSTER-MARKERS.CSV		189	0.5620161	1.2401088	0.15796897	0.4827786	1.0	685	tags=21%, list=4%, signal=22%	
GOBP_CEREBELLAR_CORTEX_FORMATION	GOBP_CEREBELLAR_CORTEX_FORMATION		25	0.65481305	1.240008	0.21293375	0.4826434	1.0	1304	tags=16%, list=8%, signal=17%	
GEMMA_GSE47847_EARLY_LIFE_STRESS_IN_FATHERS_IMPAIRS_SYNAPTIC_PLASTICITY_IN_THE_OFFSPRING_-__BRAIN_COLLECTED_AFTER_ACUTE_SWIM_STRESS_TREATMENT_ACUTE.SWIM.STRESS_DOWN	GEMMA_GSE47847_EARLY_LIFE_STRESS_IN_FATHERS_IMPAIRS_SYNAPTIC_PLASTICITY_IN_THE_OFFSPRING_-__BRAIN_COLLECTED_AFTER_ACUTE_SWIM_STRESS_TREATMENT_ACUTE.SWIM.STRESS_DOWN		113	0.5843263	1.2398325	0.17221418	0.4826701	1.0	2327	tags=17%, list=14%, signal=19%	
GOBP_CELLULAR_RESPONSE_TO_INSULIN_STIMULUS	GOBP_CELLULAR_RESPONSE_TO_INSULIN_STIMULUS		192	0.5713198	1.2389416	0.14799447	0.48419258	1.0	2520	tags=34%, list=15%, signal=40%	
KEGG_MEDICUS_VARIANT_MUTATION_CAUSED_ABERRANT_ABETA_TO_AGE_RAGE_SIGNALING_PATHWAY	KEGG_MEDICUS_VARIANT_MUTATION_CAUSED_ABERRANT_ABETA_TO_AGE_RAGE_SIGNALING_PATHWAY		16	0.68395656	1.2388998	0.21462639	0.4839359	1.0	238	tags=13%, list=1%, signal=13%	
GOBP_REGULATION_OF_APOPTOTIC_SIGNALING_PATHWAY	GOBP_REGULATION_OF_APOPTOTIC_SIGNALING_PATHWAY		355	0.5605463	1.2387034	0.13202247	0.48398447	1.0	1411	tags=18%, list=9%, signal=19%	
GOBP_SYNAPSE_ASSEMBLY	GOBP_SYNAPSE_ASSEMBLY		273	0.55445325	1.2385488	0.14896552	0.483956	1.0	2670	tags=30%, list=16%, signal=35%	
GOBP_PROTEIN_TARGETING_TO_MEMBRANE	GOBP_PROTEIN_TARGETING_TO_MEMBRANE		105	0.58741534	1.2384462	0.17945008	0.48382458	1.0	2009	tags=25%, list=12%, signal=28%	
MCCLUNG_COCAIN_REWARD_4WK	MCCLUNG_COCAIN_REWARD_4WK		60	0.60887694	1.2383487	0.18274854	0.4836973	1.0	1556	tags=22%, list=10%, signal=24%	
DESCARTES_MAIN_FETAL_NEUROENDOCRINE_CELLS	DESCARTES_MAIN_FETAL_NEUROENDOCRINE_CELLS		75	0.59761363	1.2379156	0.17422096	0.48429835	1.0	2492	tags=19%, list=15%, signal=22%	
GOBP_RESPONSE_TO_DEXAMETHASONE	GOBP_RESPONSE_TO_DEXAMETHASONE		33	0.6409187	1.2378814	0.19582665	0.48402205	1.0	1962	tags=36%, list=12%, signal=41%	
GOBP_REGULATION_OF_PERK_MEDIATED_UNFOLDED_PROTEIN_RESPONSE	GOBP_REGULATION_OF_PERK_MEDIATED_UNFOLDED_PROTEIN_RESPONSE		15	0.7094646	1.2378587	0.21111111	0.48371947	1.0	580	tags=13%, list=4%, signal=14%	
GOBP_APOPTOTIC_MITOCHONDRIAL_CHANGES	GOBP_APOPTOTIC_MITOCHONDRIAL_CHANGES		102	0.58816904	1.2377049	0.16453901	0.48366934	1.0	1362	tags=14%, list=8%, signal=15%	
GOBP_NEGATIVE_REGULATION_OF_MICROTUBULE_DEPOLYMERIZATION	GOBP_NEGATIVE_REGULATION_OF_MICROTUBULE_DEPOLYMERIZATION		31	0.6435354	1.2371377	0.19466248	0.48455232	1.0	1995	tags=39%, list=12%, signal=44%	
GOBP_REGULATION_OF_VIRAL_LIFE_CYCLE	GOBP_REGULATION_OF_VIRAL_LIFE_CYCLE		88	0.5852474	1.2366395	0.16455697	0.48522776	1.0	1475	tags=25%, list=9%, signal=27%	
GOBP_POSITIVE_REGULATION_OF_STRESS_ACTIVATED_PROTEIN_KINASE_SIGNALING_CASCADE	GOBP_POSITIVE_REGULATION_OF_STRESS_ACTIVATED_PROTEIN_KINASE_SIGNALING_CASCADE		20	0.6858529	1.2363123	0.1980198	0.48559633	1.0	2338	tags=45%, list=14%, signal=52%	
GOBP_RESPONSE_TO_INTERFERON_ALPHA	GOBP_RESPONSE_TO_INTERFERON_ALPHA		18	0.6932397	1.2358176	0.2247557	0.48629162	1.0	756	tags=33%, list=5%, signal=35%	
GOBP_ACTIN_FILAMENT_ORGANIZATION	GOBP_ACTIN_FILAMENT_ORGANIZATION		436	0.55134344	1.2353135	0.13509749	0.48703	1.0	2077	tags=29%, list=13%, signal=32%	
GOBP_POSITIVE_REGULATION_OF_MUSCLE_CELL_APOPTOTIC_PROCESS	GOBP_POSITIVE_REGULATION_OF_MUSCLE_CELL_APOPTOTIC_PROCESS		24	0.6617341	1.2350793	0.22256097	0.4871999	1.0	692	tags=13%, list=4%, signal=13%	
KEGG_CYTOSOLIC_DNA_SENSING_PATHWAY	KEGG_CYTOSOLIC_DNA_SENSING_PATHWAY		39	0.62881935	1.2349017	0.20632531	0.48723006	1.0	2851	tags=41%, list=18%, signal=50%	
GOBP_MONOCARBOXYLIC_ACID_TRANSPORT	GOBP_MONOCARBOXYLIC_ACID_TRANSPORT		123	0.57066447	1.2345215	0.16115703	0.48764768	1.0	866	tags=9%, list=5%, signal=9%	
GOBP_C21_STEROID_HORMONE_METABOLIC_PROCESS	GOBP_C21_STEROID_HORMONE_METABOLIC_PROCESS		27	0.6608953	1.2344538	0.21752267	0.48744154	1.0	2158	tags=22%, list=13%, signal=26%	
GOBP_CELL_JUNCTION_ASSEMBLY	GOBP_CELL_JUNCTION_ASSEMBLY		485	0.54362786	1.2343392	0.117486335	0.48732617	1.0	1049	tags=14%, list=6%, signal=15%	
GOBP_NON_CANONICAL_WNT_SIGNALING_PATHWAY	GOBP_NON_CANONICAL_WNT_SIGNALING_PATHWAY		65	0.6013989	1.2339787	0.19744319	0.48775464	1.0	1541	tags=14%, list=9%, signal=15%	
GOBP_ENERGY_HOMEOSTASIS	GOBP_ENERGY_HOMEOSTASIS		80	0.60197973	1.2339427	0.16764706	0.48748264	1.0	584	tags=8%, list=4%, signal=8%	
DURANTE_ADULT_OLFACTORY_NEUROEPITHELIUM_MAST_CELLS	DURANTE_ADULT_OLFACTORY_NEUROEPITHELIUM_MAST_CELLS		64	0.59265536	1.2336653	0.19565217	0.48769137	1.0	1337	tags=27%, list=8%, signal=29%	
GOBP_ESTABLISHMENT_OF_EPITHELIAL_CELL_POLARITY	GOBP_ESTABLISHMENT_OF_EPITHELIAL_CELL_POLARITY		26	0.67267406	1.2329599	0.22435898	0.4888456	1.0	2093	tags=31%, list=13%, signal=35%	
KEGG_MEDICUS_REFERENCE_NUCLEAR_EXPORT_OF_MRNA	KEGG_MEDICUS_REFERENCE_NUCLEAR_EXPORT_OF_MRNA		29	0.64758426	1.2326263	0.2090909	0.48920268	1.0	3725	tags=52%, list=23%, signal=67%	
GOBP_CHOLESTEROL_EFFLUX	GOBP_CHOLESTEROL_EFFLUX		49	0.61639893	1.2324313	0.20754717	0.489265	1.0	467	tags=12%, list=3%, signal=13%	
GOBP_HEMOSTASIS	GOBP_HEMOSTASIS		215	0.56551766	1.2321473	0.16690043	0.48955745	1.0	821	tags=12%, list=5%, signal=12%	
FRASOR_RESPONSE_TO_ESTRADIOL_DN	FRASOR_RESPONSE_TO_ESTRADIOL_DN		61	0.6102124	1.2312118	0.16488549	0.4912068	1.0	260	tags=7%, list=2%, signal=7%	
GOBP_SYNAPTIC_VESICLE_LOCALIZATION	GOBP_SYNAPTIC_VESICLE_LOCALIZATION		61	0.6081127	1.231069	0.18154311	0.49114212	1.0	1879	tags=34%, list=12%, signal=39%	
GOBP_T_HELPER_17_CELL_DIFFERENTIATION	GOBP_T_HELPER_17_CELL_DIFFERENTIATION		52	0.6236674	1.2309239	0.20058997	0.49109116	1.0	2095	tags=33%, list=13%, signal=37%	
GOBP_POSITIVE_REGULATION_OF_RECEPTOR_SIGNALING_PATHWAY_VIA_STAT	GOBP_POSITIVE_REGULATION_OF_RECEPTOR_SIGNALING_PATHWAY_VIA_STAT		38	0.634388	1.2309214	0.19486405	0.49074712	1.0	1106	tags=18%, list=7%, signal=20%	
GEMMA_GSE102965_LEARNED_HELPLESSNESS_REGULATES_SYNAPSE_RELATED_LNCRNAS_IN_MOUSE_HIPPOCAMPUS_TREATMENT_NONLEARNED.HELPLESSNESS.TRAINING_UP	GEMMA_GSE102965_LEARNED_HELPLESSNESS_REGULATES_SYNAPSE_RELATED_LNCRNAS_IN_MOUSE_HIPPOCAMPUS_TREATMENT_NONLEARNED.HELPLESSNESS.TRAINING_UP		18	0.68408364	1.230916	0.23101266	0.49041146	1.0	2551	tags=44%, list=16%, signal=53%	
GOBP_REGULATION_OF_MITOCHONDRION_ORGANIZATION	GOBP_REGULATION_OF_MITOCHONDRION_ORGANIZATION		112	0.5684356	1.230766	0.16251831	0.4904052	1.0	1834	tags=20%, list=11%, signal=22%	
GOBP_CENTRAL_NERVOUS_SYSTEM_NEURON_DEVELOPMENT	GOBP_CENTRAL_NERVOUS_SYSTEM_NEURON_DEVELOPMENT		93	0.579146	1.2305173	0.16763006	0.49059877	1.0	1883	tags=27%, list=12%, signal=30%	
GOBP_CELL_CELL_JUNCTION_ORGANIZATION	GOBP_CELL_CELL_JUNCTION_ORGANIZATION		182	0.560045	1.2298808	0.16573034	0.4916912	1.0	790	tags=7%, list=5%, signal=7%	
GOBP_MONOATOMIC_ANION_TRANSPORT	GOBP_MONOATOMIC_ANION_TRANSPORT		138	0.5795657	1.2297932	0.17159763	0.49152848	1.0	2252	tags=18%, list=14%, signal=21%	
GOBP_EMBRYONIC_HEMOPOIESIS	GOBP_EMBRYONIC_HEMOPOIESIS		22	0.6837081	1.2294042	0.21003135	0.49204195	1.0	1059	tags=23%, list=7%, signal=24%	
GOBP_RESPONSE_TO_ETHANOL	GOBP_RESPONSE_TO_ETHANOL		112	0.58142245	1.2293277	0.17536232	0.49185544	1.0	1754	tags=26%, list=11%, signal=29%	
GOBP_PINOCYTOSIS	GOBP_PINOCYTOSIS		21	0.66408175	1.2284155	0.1923077	0.49350992	1.0	946	tags=29%, list=6%, signal=30%	
GOBP_CELLULAR_RESPONSE_TO_ALKALOID	GOBP_CELLULAR_RESPONSE_TO_ALKALOID		37	0.62852675	1.2283118	0.19968304	0.493379	1.0	1284	tags=22%, list=8%, signal=23%	
CEMBROWSKI_HIPPOSEQ_CA4__VS__CA3_D-CA3_V-CA2-CA1_D-CA1_V	CEMBROWSKI_HIPPOSEQ_CA4__VS__CA3_D-CA3_V-CA2-CA1_D-CA1_V		27	0.6435821	1.2282513	0.21145375	0.49318126	1.0	27	tags=4%, list=0%, signal=4%	
GOBP_DEVELOPMENTAL_GROWTH_INVOLVED_IN_MORPHOGENESIS	GOBP_DEVELOPMENTAL_GROWTH_INVOLVED_IN_MORPHOGENESIS		226	0.55779195	1.2279205	0.14890711	0.4935176	1.0	1634	tags=23%, list=10%, signal=25%	
GOBP_MRNA_TRANSCRIPTION	GOBP_MRNA_TRANSCRIPTION		50	0.6170356	1.2275002	0.18769231	0.49409685	1.0	1879	tags=30%, list=12%, signal=34%	
GOBP_POSITIVE_REGULATION_OF_CALCIUM_MEDIATED_SIGNALING	GOBP_POSITIVE_REGULATION_OF_CALCIUM_MEDIATED_SIGNALING		53	0.61127424	1.2274747	0.20204978	0.49380165	1.0	1573	tags=21%, list=10%, signal=23%	
GOBP_COLUMNAR_CUBOIDAL_EPITHELIAL_CELL_DEVELOPMENT	GOBP_COLUMNAR_CUBOIDAL_EPITHELIAL_CELL_DEVELOPMENT		16	0.68739563	1.2271172	0.2316119	0.4942009	1.0	254	tags=13%, list=2%, signal=13%	
GOBP_MAINTENANCE_OF_SYNAPSE_STRUCTURE	GOBP_MAINTENANCE_OF_SYNAPSE_STRUCTURE		33	0.634867	1.2268429	0.19760479	0.4944343	1.0	2246	tags=36%, list=14%, signal=42%	
GOBP_RIG_I_SIGNALING_PATHWAY	GOBP_RIG_I_SIGNALING_PATHWAY		27	0.6470834	1.2266489	0.22580644	0.49451292	1.0	2624	tags=52%, list=16%, signal=62%	
GOBP_NEGATIVE_REGULATION_OF_FATTY_ACID_METABOLIC_PROCESS	GOBP_NEGATIVE_REGULATION_OF_FATTY_ACID_METABOLIC_PROCESS		32	0.63707227	1.2265772	0.20566319	0.4943379	1.0	514	tags=9%, list=3%, signal=10%	
KEGG_MEDICUS_REFERENCE_TNF_NFKB_SIGNALING_PATHWAY	KEGG_MEDICUS_REFERENCE_TNF_NFKB_SIGNALING_PATHWAY		16	0.69664836	1.2264196	0.21319018	0.49435192	1.0	2277	tags=38%, list=14%, signal=44%	
GOBP_NEGATIVE_REGULATION_OF_LOCOMOTION	GOBP_NEGATIVE_REGULATION_OF_LOCOMOTION		297	0.547655	1.2261938	0.1445946	0.4944602	1.0	1078	tags=13%, list=7%, signal=14%	
GOBP_POSITIVE_REGULATION_OF_COLD_INDUCED_THERMOGENESIS	GOBP_POSITIVE_REGULATION_OF_COLD_INDUCED_THERMOGENESIS		87	0.58012724	1.2261422	0.16997167	0.49423665	1.0	1615	tags=22%, list=10%, signal=24%	
GOBP_RESPONSE_TO_AUDITORY_STIMULUS	GOBP_RESPONSE_TO_AUDITORY_STIMULUS		27	0.6497838	1.2258929	0.23277183	0.49442893	1.0	210	tags=19%, list=1%, signal=19%	
GOBP_RESPONSE_TO_AMYLOID_BETA	GOBP_RESPONSE_TO_AMYLOID_BETA		52	0.61247516	1.2255784	0.20062208	0.4947437	1.0	1539	tags=31%, list=9%, signal=34%	
GOBP_METENCEPHALON_DEVELOPMENT	GOBP_METENCEPHALON_DEVELOPMENT		112	0.56397396	1.225036	0.16572239	0.4955401	1.0	1493	tags=19%, list=9%, signal=21%	
GOBP_VENTRICULAR_SYSTEM_DEVELOPMENT	GOBP_VENTRICULAR_SYSTEM_DEVELOPMENT		33	0.63393825	1.2250003	0.1872214	0.49526584	1.0	1549	tags=21%, list=10%, signal=23%	
GOBP_GLUTAMATERGIC_NEURON_DIFFERENTIATION	GOBP_GLUTAMATERGIC_NEURON_DIFFERENTIATION		18	0.6725143	1.2247859	0.21266234	0.49537763	1.0	210	tags=6%, list=1%, signal=6%	
GOBP_POSITIVE_REGULATION_OF_FAT_CELL_DIFFERENTIATION	GOBP_POSITIVE_REGULATION_OF_FAT_CELL_DIFFERENTIATION		64	0.5915382	1.2247767	0.19025876	0.4950478	1.0	1877	tags=22%, list=12%, signal=25%	
GOBP_RESPONSE_TO_VIRUS	GOBP_RESPONSE_TO_VIRUS		353	0.5469445	1.2245266	0.15944056	0.49524274	1.0	1857	tags=24%, list=11%, signal=26%	
HU_FETAL_RETINA_MULLER	HU_FETAL_RETINA_MULLER		35	0.62734115	1.2242957	0.20845921	0.49539408	1.0	533	tags=26%, list=3%, signal=27%	
GOBP_NEGATIVE_REGULATION_OF_CYTOSKELETON_ORGANIZATION	GOBP_NEGATIVE_REGULATION_OF_CYTOSKELETON_ORGANIZATION		153	0.5523704	1.2240869	0.16299559	0.4954977	1.0	2315	tags=33%, list=14%, signal=39%	
GOBP_REGULATION_OF_SYNAPSE_ASSEMBLY	GOBP_REGULATION_OF_SYNAPSE_ASSEMBLY		172	0.56337106	1.2237875	0.1625683	0.49579394	1.0	1491	tags=18%, list=9%, signal=20%	
GOBP_NUCLEOTIDE_BIOSYNTHETIC_PROCESS	GOBP_NUCLEOTIDE_BIOSYNTHETIC_PROCESS		210	0.5538569	1.2234286	0.17073171	0.49619448	1.0	1593	tags=16%, list=10%, signal=17%	
GOBP_PEPTIDYL_LYSINE_ACETYLATION	GOBP_PEPTIDYL_LYSINE_ACETYLATION		15	0.6980401	1.2233864	0.21917808	0.49594137	1.0	1866	tags=40%, list=11%, signal=45%	
GOBP_CD4_POSITIVE_ALPHA_BETA_T_CELL_CYTOKINE_PRODUCTION	GOBP_CD4_POSITIVE_ALPHA_BETA_T_CELL_CYTOKINE_PRODUCTION		16	0.6961501	1.2232794	0.2164297	0.4958248	1.0	3201	tags=50%, list=20%, signal=62%	
GOBP_POSITIVE_REGULATION_OF_GLUCONEOGENESIS	GOBP_POSITIVE_REGULATION_OF_GLUCONEOGENESIS		20	0.67698646	1.2232445	0.225	0.49555045	1.0	2404	tags=30%, list=15%, signal=35%	
GOBP_VACUOLAR_ACIDIFICATION	GOBP_VACUOLAR_ACIDIFICATION		33	0.6360453	1.2231636	0.20897833	0.49537364	1.0	1255	tags=36%, list=8%, signal=39%	
GOBP_CRANIAL_NERVE_MORPHOGENESIS	GOBP_CRANIAL_NERVE_MORPHOGENESIS		22	0.6762631	1.2230959	0.21095008	0.49515966	1.0	1760	tags=32%, list=11%, signal=36%	
PARK_2011_COEXPRESSION_HIPPOCAMPUS_MOUSE_VIOLET	PARK_2011_COEXPRESSION_HIPPOCAMPUS_MOUSE_VIOLET		43	0.6310453	1.2229706	0.20116618	0.49509558	1.0	324	tags=14%, list=2%, signal=14%	
KEGG_MEDICUS_REFERENCE_TLR1_2_4_NFKB_SIGNALING_PATHWAY	KEGG_MEDICUS_REFERENCE_TLR1_2_4_NFKB_SIGNALING_PATHWAY		20	0.6585573	1.2227765	0.22762951	0.49519303	1.0	2277	tags=30%, list=14%, signal=35%	
GOBP_VIRAL_PROCESS	GOBP_VIRAL_PROCESS		320	0.555685	1.2227534	0.1374474	0.49490395	1.0	1487	tags=19%, list=9%, signal=21%	
GOBP_VIRION_ASSEMBLY	GOBP_VIRION_ASSEMBLY		34	0.6269162	1.2222792	0.21601209	0.4955707	1.0	758	tags=12%, list=5%, signal=12%	
GOBP_POSITIVE_REGULATION_OF_TRANSCRIPTION_BY_RNA_POLYMERASE_I	GOBP_POSITIVE_REGULATION_OF_TRANSCRIPTION_BY_RNA_POLYMERASE_I		33	0.6297606	1.2221367	0.22087745	0.4955453	1.0	2087	tags=27%, list=13%, signal=31%	
FAN_EMBRYONIC_CTX_BIG_GROUPS_GLIAL	FAN_EMBRYONIC_CTX_BIG_GROUPS_GLIAL		121	0.574242	1.2218678	0.19464034	0.49577132	1.0	986	tags=20%, list=6%, signal=21%	
GOBP_AMIDE_METABOLIC_PROCESS	GOBP_AMIDE_METABOLIC_PROCESS		417	0.53845537	1.221675	0.14439946	0.49581483	1.0	1712	tags=15%, list=11%, signal=16%	
GOBP_ESTABLISHMENT_OF_MITOTIC_SPINDLE_LOCALIZATION	GOBP_ESTABLISHMENT_OF_MITOTIC_SPINDLE_LOCALIZATION		38	0.6221643	1.2216517	0.20658682	0.49553087	1.0	1110	tags=18%, list=7%, signal=20%	
GOBP_REGULATION_OF_NUCLEOTIDE_BIOSYNTHETIC_PROCESS	GOBP_REGULATION_OF_NUCLEOTIDE_BIOSYNTHETIC_PROCESS		20	0.6645983	1.221469	0.23519737	0.49557984	1.0	753	tags=25%, list=5%, signal=26%	
GOBP_NEGATIVE_ADAPTATION_OF_SIGNALING_PATHWAY	GOBP_NEGATIVE_ADAPTATION_OF_SIGNALING_PATHWAY		17	0.6783838	1.2214093	0.21837349	0.49536964	1.0	958	tags=12%, list=6%, signal=12%	
GOBP_REGULATION_OF_ACTION_POTENTIAL	GOBP_REGULATION_OF_ACTION_POTENTIAL		59	0.5971721	1.2213647	0.18636364	0.49513248	1.0	3567	tags=39%, list=22%, signal=50%	
KEGG_SPLICEOSOME	KEGG_SPLICEOSOME		120	0.5759957	1.2213314	0.1727672	0.4948637	1.0	2784	tags=31%, list=17%, signal=37%	
GOBP_NEUTRAL_LIPID_CATABOLIC_PROCESS	GOBP_NEUTRAL_LIPID_CATABOLIC_PROCESS		32	0.63510865	1.2212448	0.215625	0.49470934	1.0	1018	tags=16%, list=6%, signal=17%	
GOBP_GLUTAMATE_RECEPTOR_SIGNALING_PATHWAY	GOBP_GLUTAMATE_RECEPTOR_SIGNALING_PATHWAY		62	0.59617084	1.2210367	0.18142857	0.49477816	1.0	1407	tags=23%, list=9%, signal=25%	
GOBP_CENTRAL_NERVOUS_SYSTEM_PROJECTION_NEURON_AXONOGENESIS	GOBP_CENTRAL_NERVOUS_SYSTEM_PROJECTION_NEURON_AXONOGENESIS		28	0.66432613	1.2208894	0.22427036	0.49473816	1.0	1883	tags=29%, list=12%, signal=32%	
KEGG_PROTEIN_EXPORT	KEGG_PROTEIN_EXPORT		21	0.67547715	1.2208563	0.2173913	0.4944689	1.0	36	tags=5%, list=0%, signal=5%	
GOBP_CELLULAR_RESPONSE_TO_PEPTIDE_HORMONE_STIMULUS	GOBP_CELLULAR_RESPONSE_TO_PEPTIDE_HORMONE_STIMULUS		297	0.55073917	1.2207483	0.15468115	0.49436697	1.0	2520	tags=33%, list=15%, signal=38%	
GOBP_NADPH_REGENERATION	GOBP_NADPH_REGENERATION		22	0.6561835	1.220742	0.2275641	0.49404505	1.0	1702	tags=32%, list=10%, signal=35%	
GOBP_STEM_CELL_DIVISION	GOBP_STEM_CELL_DIVISION		32	0.6352601	1.220459	0.20331325	0.49430674	1.0	1402	tags=22%, list=9%, signal=24%	
GOBP_PHOSPHATIDYLINOSITOL_PHOSPHATE_BIOSYNTHETIC_PROCESS	GOBP_PHOSPHATIDYLINOSITOL_PHOSPHATE_BIOSYNTHETIC_PROCESS		52	0.60296404	1.2197659	0.20777279	0.4954507	1.0	2700	tags=35%, list=17%, signal=41%	
GOBP_POSITIVE_REGULATION_OF_MONONUCLEAR_CELL_MIGRATION	GOBP_POSITIVE_REGULATION_OF_MONONUCLEAR_CELL_MIGRATION		90	0.5820577	1.2196189	0.17948718	0.4954155	1.0	1584	tags=26%, list=10%, signal=28%	
GOBP_PROTEIN_DESTABILIZATION	GOBP_PROTEIN_DESTABILIZATION		53	0.61505866	1.2195262	0.2081448	0.49526852	1.0	1402	tags=19%, list=9%, signal=21%	
GOBP_RESPONSE_TO_LEUKEMIA_INHIBITORY_FACTOR	GOBP_RESPONSE_TO_LEUKEMIA_INHIBITORY_FACTOR		101	0.5710636	1.2191544	0.18089725	0.49567667	1.0	1697	tags=23%, list=10%, signal=25%	
GOBP_CALCIUM_ION_TRANSPORT_INTO_CYTOSOL	GOBP_CALCIUM_ION_TRANSPORT_INTO_CYTOSOL		26	0.6641222	1.2190841	0.20955315	0.49549	1.0	2950	tags=42%, list=18%, signal=52%	
KEGG_MEDICUS_REFERENCE_CX3CR1_GNAI_AC_PKA_SIGNALING_PATHWAY	KEGG_MEDICUS_REFERENCE_CX3CR1_GNAI_AC_PKA_SIGNALING_PATHWAY		16	0.6941102	1.2188077	0.25274727	0.4957157	1.0	773	tags=31%, list=5%, signal=33%	
KEGG_T_CELL_RECEPTOR_SIGNALING_PATHWAY	KEGG_T_CELL_RECEPTOR_SIGNALING_PATHWAY		101	0.5745715	1.2186861	0.17302053	0.49564603	1.0	3086	tags=46%, list=19%, signal=56%	
GOBP_NEGATIVE_REGULATION_OF_NEURON_APOPTOTIC_PROCESS	GOBP_NEGATIVE_REGULATION_OF_NEURON_APOPTOTIC_PROCESS		157	0.55209106	1.2179891	0.17183098	0.49681437	1.0	1468	tags=23%, list=9%, signal=25%	
GOBP_ATRIAL_SEPTUM_DEVELOPMENT	GOBP_ATRIAL_SEPTUM_DEVELOPMENT		18	0.66962874	1.2179601	0.22056384	0.49652907	1.0	382	tags=11%, list=2%, signal=11%	
GOBP_PROTEIN_LOCALIZATION_TO_CHROMOSOME	GOBP_PROTEIN_LOCALIZATION_TO_CHROMOSOME		98	0.5700296	1.217501	0.17541437	0.4972023	1.0	2185	tags=22%, list=13%, signal=26%	
GOBP_PURINE_CONTAINING_COMPOUND_BIOSYNTHETIC_PROCESS	GOBP_PURINE_CONTAINING_COMPOUND_BIOSYNTHETIC_PROCESS		245	0.54171973	1.2174976	0.1434659	0.4968733	1.0	1854	tags=18%, list=11%, signal=20%	
GOBP_NUCLEAR_TRANSCRIBED_MRNA_CATABOLIC_PROCESS	GOBP_NUCLEAR_TRANSCRIBED_MRNA_CATABOLIC_PROCESS		144	0.5527715	1.2174051	0.16895604	0.49674687	1.0	3066	tags=35%, list=19%, signal=43%	
GOBP_POSITIVE_REGULATION_OF_INTERFERON_BETA_PRODUCTION	GOBP_POSITIVE_REGULATION_OF_INTERFERON_BETA_PRODUCTION		40	0.62643737	1.2172678	0.22305389	0.49672958	1.0	1857	tags=40%, list=11%, signal=45%	
GOBP_NON_PROTEINOGENIC_AMINO_ACID_METABOLIC_PROCESS	GOBP_NON_PROTEINOGENIC_AMINO_ACID_METABOLIC_PROCESS		52	0.6151144	1.2172581	0.19720496	0.49641573	1.0	365	tags=8%, list=2%, signal=8%	
GOBP_NEGATIVE_REGULATION_OF_PROTEIN_POLYMERIZATION	GOBP_NEGATIVE_REGULATION_OF_PROTEIN_POLYMERIZATION		70	0.6007765	1.2172451	0.20431654	0.49611536	1.0	1611	tags=31%, list=10%, signal=35%	
HALLMARK_COAGULATION	HALLMARK_COAGULATION		107	0.5792053	1.2171341	0.19970194	0.49602357	1.0	361	tags=13%, list=2%, signal=13%	
GOBP_NEGATIVE_REGULATION_OF_PEPTIDYL_TYROSINE_PHOSPHORYLATION	GOBP_NEGATIVE_REGULATION_OF_PEPTIDYL_TYROSINE_PHOSPHORYLATION		21	0.66402316	1.2171116	0.22306526	0.4957426	1.0	1541	tags=19%, list=9%, signal=21%	
GOBP_SEROTONIN_TRANSPORT	GOBP_SEROTONIN_TRANSPORT		18	0.67811614	1.2169398	0.20668693	0.4957422	1.0	246	tags=6%, list=2%, signal=6%	
ZHONG_PFC_C7_ORG_UNDERGOING_NEURONAL_DIFFERENTIATION	ZHONG_PFC_C7_ORG_UNDERGOING_NEURONAL_DIFFERENTIATION		56	0.6042103	1.2167324	0.20060332	0.49582565	1.0	2186	tags=36%, list=13%, signal=41%	
GOBP_REGULATION_OF_MICROTUBULE_CYTOSKELETON_ORGANIZATION	GOBP_REGULATION_OF_MICROTUBULE_CYTOSKELETON_ORGANIZATION		159	0.5525334	1.2164935	0.18442623	0.49598822	1.0	2185	tags=28%, list=13%, signal=32%	
GOBP_CELLULAR_RESPONSE_TO_DSRNA	GOBP_CELLULAR_RESPONSE_TO_DSRNA		19	0.67221665	1.2164791	0.215311	0.49567813	1.0	3185	tags=47%, list=20%, signal=59%	
GOBP_MITOCHONDRION_ORGANIZATION	GOBP_MITOCHONDRION_ORGANIZATION		377	0.5289971	1.2164575	0.14383562	0.49539778	1.0	1368	tags=12%, list=8%, signal=13%	
ZHONG_PFC_C8_UNKNOWN_NEUROD2_POS_INTERNEURON	ZHONG_PFC_C8_UNKNOWN_NEUROD2_POS_INTERNEURON		77	0.5864113	1.2161213	0.20140845	0.4957926	1.0	1621	tags=32%, list=10%, signal=36%	
GOBP_PERK_MEDIATED_UNFOLDED_PROTEIN_RESPONSE	GOBP_PERK_MEDIATED_UNFOLDED_PROTEIN_RESPONSE		23	0.66078043	1.2159317	0.25688073	0.4958549	1.0	911	tags=17%, list=6%, signal=18%	
GOBP_NEGATIVE_REGULATION_OF_PROTEIN_SERINE_THREONINE_KINASE_ACTIVITY	GOBP_NEGATIVE_REGULATION_OF_PROTEIN_SERINE_THREONINE_KINASE_ACTIVITY		29	0.64928144	1.2157905	0.2106825	0.4958254	1.0	1894	tags=38%, list=12%, signal=43%	
GOBP_REGULATION_OF_CALCIUM_MEDIATED_SIGNALING	GOBP_REGULATION_OF_CALCIUM_MEDIATED_SIGNALING		90	0.58214206	1.2155641	0.18463811	0.49598762	1.0	1573	tags=22%, list=10%, signal=24%	
GOBP_POSTSYNAPTIC_SIGNAL_TRANSDUCTION	GOBP_POSTSYNAPTIC_SIGNAL_TRANSDUCTION		47	0.6013454	1.2150571	0.20153846	0.49672315	1.0	2866	tags=40%, list=18%, signal=49%	
GOBP_INTERLEUKIN_1_MEDIATED_SIGNALING_PATHWAY	GOBP_INTERLEUKIN_1_MEDIATED_SIGNALING_PATHWAY		31	0.6339595	1.2148099	0.22620904	0.49694356	1.0	1079	tags=23%, list=7%, signal=24%	
GOBP_REGULATION_OF_CARDIAC_MUSCLE_CELL_ACTION_POTENTIAL	GOBP_REGULATION_OF_CARDIAC_MUSCLE_CELL_ACTION_POTENTIAL		28	0.64567107	1.2147583	0.23004694	0.49673003	1.0	1511	tags=21%, list=9%, signal=24%	
GOBP_ESTABLISHMENT_OF_PROTEIN_LOCALIZATION_TO_PEROXISOME	GOBP_ESTABLISHMENT_OF_PROTEIN_LOCALIZATION_TO_PEROXISOME		19	0.6808817	1.2147428	0.2403698	0.49643102	1.0	555	tags=11%, list=3%, signal=11%	
GOBP_REGULATION_OF_STEM_CELL_DIFFERENTIATION	GOBP_REGULATION_OF_STEM_CELL_DIFFERENTIATION		74	0.57595414	1.2147282	0.19219653	0.49612784	1.0	1355	tags=22%, list=8%, signal=23%	
GOBP_EPITHELIAL_CELL_APOPTOTIC_PROCESS	GOBP_EPITHELIAL_CELL_APOPTOTIC_PROCESS		50	0.60717744	1.2147157	0.20298508	0.4958228	1.0	1491	tags=20%, list=9%, signal=22%	
GOBP_CAMP_PKA_SIGNAL_TRANSDUCTION	GOBP_CAMP_PKA_SIGNAL_TRANSDUCTION		55	0.5965451	1.2144184	0.1880734	0.4961342	1.0	1292	tags=16%, list=8%, signal=18%	
GOBP_ATP_BIOSYNTHETIC_PROCESS	GOBP_ATP_BIOSYNTHETIC_PROCESS		97	0.5768073	1.2143508	0.19471489	0.4959243	1.0	892	tags=14%, list=5%, signal=15%	
GOBP_RESPONSE_TO_NERVE_GROWTH_FACTOR	GOBP_RESPONSE_TO_NERVE_GROWTH_FACTOR		50	0.6056155	1.2143328	0.20501475	0.49562326	1.0	1530	tags=30%, list=9%, signal=33%	
KEGG_NATURAL_KILLER_CELL_MEDIATED_CYTOTOXICITY	KEGG_NATURAL_KILLER_CELL_MEDIATED_CYTOTOXICITY		94	0.5708354	1.21428	0.1988555	0.49538484	1.0	1297	tags=27%, list=8%, signal=29%	
HALLMARK_KRAS_SIGNALING_UP	HALLMARK_KRAS_SIGNALING_UP		183	0.55651164	1.2137525	0.18219177	0.49614874	1.0	1393	tags=22%, list=9%, signal=24%	
GOBP_PHENOL_CONTAINING_COMPOUND_METABOLIC_PROCESS	GOBP_PHENOL_CONTAINING_COMPOUND_METABOLIC_PROCESS		95	0.5743772	1.213729	0.18367347	0.49586284	1.0	1889	tags=16%, list=12%, signal=18%	
GOBP_NON_CANONICAL_NF_KAPPAB_SIGNAL_TRANSDUCTION	GOBP_NON_CANONICAL_NF_KAPPAB_SIGNAL_TRANSDUCTION		119	0.56956834	1.2133771	0.16642755	0.49627274	1.0	2934	tags=39%, list=18%, signal=48%	
HALLMARK_ADIPOGENESIS	HALLMARK_ADIPOGENESIS		191	0.55690783	1.2131286	0.17433752	0.49648625	1.0	1409	tags=16%, list=9%, signal=17%	
GOBP_REGULATION_OF_PH	GOBP_REGULATION_OF_PH		95	0.5718782	1.2130685	0.1830161	0.49628222	1.0	2246	tags=27%, list=14%, signal=32%	
GOBP_REGULATION_OF_PROTEIN_DEACETYLATION	GOBP_REGULATION_OF_PROTEIN_DEACETYLATION		18	0.6617457	1.2127649	0.2348367	0.49659535	1.0	3017	tags=33%, list=19%, signal=41%	
GOBP_VESICLE_LOCALIZATION	GOBP_VESICLE_LOCALIZATION		213	0.5448348	1.2124739	0.1570248	0.49687925	1.0	2358	tags=30%, list=15%, signal=34%	
GOBP_MATURE_B_CELL_DIFFERENTIATION	GOBP_MATURE_B_CELL_DIFFERENTIATION		32	0.63552403	1.2122897	0.22205207	0.4969289	1.0	1454	tags=25%, list=9%, signal=27%	
JOHANSSON_BRAIN_CANCER_EARLY_VS_LATE_DN	JOHANSSON_BRAIN_CANCER_EARLY_VS_LATE_DN		41	0.600155	1.2119683	0.22239032	0.49727336	1.0	363	tags=29%, list=2%, signal=30%	
GOBP_NEGATIVE_REGULATION_OF_TUMOR_NECROSIS_FACTOR_SUPERFAMILY_CYTOKINE_PRODUCTION	GOBP_NEGATIVE_REGULATION_OF_TUMOR_NECROSIS_FACTOR_SUPERFAMILY_CYTOKINE_PRODUCTION		55	0.6037968	1.2116982	0.19939578	0.49751827	1.0	1012	tags=13%, list=6%, signal=14%	
GOBP_MYELOID_CELL_DEVELOPMENT	GOBP_MYELOID_CELL_DEVELOPMENT		79	0.5842655	1.2113308	0.19213974	0.49794602	1.0	1984	tags=34%, list=12%, signal=39%	
GOBP_NEGATIVE_REGULATION_OF_FATTY_ACID_BIOSYNTHETIC_PROCESS	GOBP_NEGATIVE_REGULATION_OF_FATTY_ACID_BIOSYNTHETIC_PROCESS		18	0.6705458	1.211194	0.22511485	0.49790257	1.0	2834	tags=28%, list=17%, signal=34%	
GOBP_INTRINSIC_APOPTOTIC_SIGNALING_PATHWAY_IN_RESPONSE_TO_ENDOPLASMIC_RETICULUM_STRESS	GOBP_INTRINSIC_APOPTOTIC_SIGNALING_PATHWAY_IN_RESPONSE_TO_ENDOPLASMIC_RETICULUM_STRESS		60	0.57675314	1.2111562	0.19767442	0.49765965	1.0	1838	tags=30%, list=11%, signal=34%	
GOBP_HISTAMINE_TRANSPORT	GOBP_HISTAMINE_TRANSPORT		17	0.68517613	1.210874	0.25700936	0.49792343	1.0	461	tags=12%, list=3%, signal=12%	
GOBP_NEGATIVE_REGULATION_OF_PLATELET_ACTIVATION	GOBP_NEGATIVE_REGULATION_OF_PLATELET_ACTIVATION		17	0.6772684	1.2108253	0.24807397	0.49770337	1.0	439	tags=12%, list=3%, signal=12%	
GOBP_REGULATION_OF_TRANSMEMBRANE_TRANSPORT	GOBP_REGULATION_OF_TRANSMEMBRANE_TRANSPORT		364	0.5490406	1.2107481	0.1383126	0.49754772	1.0	1652	tags=20%, list=10%, signal=22%	
KEGG_B_CELL_RECEPTOR_SIGNALING_PATHWAY	KEGG_B_CELL_RECEPTOR_SIGNALING_PATHWAY		73	0.58734965	1.2107155	0.19734904	0.4972933	1.0	2223	tags=36%, list=14%, signal=41%	
GOBP_SYNAPSE_PRUNING	GOBP_SYNAPSE_PRUNING		18	0.6625167	1.2105244	0.2359375	0.49737322	1.0	265	tags=11%, list=2%, signal=11%	
GOBP_GOLGI_ORGANIZATION	GOBP_GOLGI_ORGANIZATION		129	0.56517494	1.2102054	0.19972827	0.49770096	1.0	2353	tags=28%, list=14%, signal=32%	
GOBP_REGULATION_OF_AXON_EXTENSION	GOBP_REGULATION_OF_AXON_EXTENSION		79	0.5824165	1.2101514	0.19444445	0.4974914	1.0	1634	tags=29%, list=10%, signal=32%	
GOBP_PROTEIN_LOCALIZATION_TO_EXTRACELLULAR_REGION	GOBP_PROTEIN_LOCALIZATION_TO_EXTRACELLULAR_REGION		318	0.5397814	1.2099911	0.1568895	0.49751577	1.0	1626	tags=18%, list=10%, signal=20%	
GOBP_NUCLEAR_RECEPTOR_MEDIATED_SIGNALING_PATHWAY	GOBP_NUCLEAR_RECEPTOR_MEDIATED_SIGNALING_PATHWAY		175	0.5470846	1.20998	0.1822034	0.49721342	1.0	1987	tags=28%, list=12%, signal=32%	
GOBP_POSITIVE_REGULATION_OF_ISOTYPE_SWITCHING	GOBP_POSITIVE_REGULATION_OF_ISOTYPE_SWITCHING		26	0.64458835	1.2095469	0.22775264	0.49779966	1.0	2393	tags=23%, list=15%, signal=27%	
GOBP_NEGATIVE_REGULATION_OF_WOUND_HEALING	GOBP_NEGATIVE_REGULATION_OF_WOUND_HEALING		61	0.5946543	1.2094512	0.2098408	0.49767852	1.0	546	tags=8%, list=3%, signal=8%	
GOBP_REGULATION_OF_PLASMA_LIPOPROTEIN_PARTICLE_LEVELS	GOBP_REGULATION_OF_PLASMA_LIPOPROTEIN_PARTICLE_LEVELS		62	0.5806468	1.2091547	0.21686748	0.4979718	1.0	1424	tags=18%, list=9%, signal=19%	
GOBP_NUCLEOTIDE_SALVAGE	GOBP_NUCLEOTIDE_SALVAGE		22	0.66427356	1.2090802	0.23639192	0.49780008	1.0	1564	tags=14%, list=10%, signal=15%	
GOBP_TRANSCRIPTION_BY_RNA_POLYMERASE_I	GOBP_TRANSCRIPTION_BY_RNA_POLYMERASE_I		69	0.5724491	1.2088926	0.19068414	0.4978526	1.0	1767	tags=19%, list=11%, signal=21%	
GOBP_SOMATIC_DIVERSIFICATION_OF_IMMUNE_RECEPTORS	GOBP_SOMATIC_DIVERSIFICATION_OF_IMMUNE_RECEPTORS		75	0.58823425	1.2088704	0.2028169	0.49756312	1.0	3101	tags=31%, list=19%, signal=38%	
GEMMA_GSE16158_GENE_EXPRESSION_INDUCED_BY_TRACE_FEAR_CONDITIONING_IN_MURINE_HIPPOCAMPUS_TIMEPOINT_0.5.H_UP	GEMMA_GSE16158_GENE_EXPRESSION_INDUCED_BY_TRACE_FEAR_CONDITIONING_IN_MURINE_HIPPOCAMPUS_TIMEPOINT_0.5.H_UP		17	0.6764774	1.208764	0.23642172	0.49746805	1.0	2223	tags=41%, list=14%, signal=48%	
GOBP_REGULATION_OF_SKELETAL_MUSCLE_CELL_DIFFERENTIATION	GOBP_REGULATION_OF_SKELETAL_MUSCLE_CELL_DIFFERENTIATION		21	0.6500364	1.2081919	0.24774775	0.49840343	1.0	392	tags=19%, list=2%, signal=19%	
GOBP_CELLULAR_RESPONSE_TO_FLUID_SHEAR_STRESS	GOBP_CELLULAR_RESPONSE_TO_FLUID_SHEAR_STRESS		44	0.6090305	1.2078305	0.20178041	0.49883568	1.0	1322	tags=27%, list=8%, signal=30%	
GOBP_MUSCLE_HYPERTROPHY_IN_RESPONSE_TO_STRESS	GOBP_MUSCLE_HYPERTROPHY_IN_RESPONSE_TO_STRESS		24	0.64079267	1.2069885	0.24332345	0.50035506	1.0	2221	tags=29%, list=14%, signal=34%	
GOBP_SUPPRESSION_OF_VIRAL_RELEASE_BY_HOST	GOBP_SUPPRESSION_OF_VIRAL_RELEASE_BY_HOST		16	0.67564565	1.2068739	0.25078863	0.5002749	1.0	2464	tags=31%, list=15%, signal=37%	
GEMMA_GSE156925_TRAP-SEQ_UNCOVERS_POST-TRANSCRIPTIONAL_GENE_REGULATION_AFTER_ACUTE_SLEEP_DEPRIVATION_TREATMENT_SLEEP.DEPRIVATION_DOWN	GEMMA_GSE156925_TRAP-SEQ_UNCOVERS_POST-TRANSCRIPTIONAL_GENE_REGULATION_AFTER_ACUTE_SLEEP_DEPRIVATION_TREATMENT_SLEEP.DEPRIVATION_DOWN		58	0.60723406	1.206341	0.20833333	0.5011161	1.0	2138	tags=26%, list=13%, signal=30%	
KEGG_LYSOSOME	KEGG_LYSOSOME		108	0.5711303	1.2060905	0.19280575	0.5013457	1.0	872	tags=16%, list=5%, signal=17%	
GOBP_POSITIVE_REGULATION_OF_DNA_METABOLIC_PROCESS	GOBP_POSITIVE_REGULATION_OF_DNA_METABOLIC_PROCESS		264	0.5393053	1.2060847	0.18145162	0.5010306	1.0	1700	tags=13%, list=10%, signal=14%	
GOBP_NEGATIVE_REGULATION_OF_FIBROBLAST_PROLIFERATION	GOBP_NEGATIVE_REGULATION_OF_FIBROBLAST_PROLIFERATION		26	0.64187163	1.2058517	0.24761905	0.50116336	1.0	1702	tags=27%, list=10%, signal=30%	
GOBP_RETINA_DEVELOPMENT_IN_CAMERA_TYPE_EYE	GOBP_RETINA_DEVELOPMENT_IN_CAMERA_TYPE_EYE		158	0.5575056	1.205834	0.17355372	0.50087655	1.0	1102	tags=11%, list=7%, signal=12%	
GOBP_NON_PROTEINOGENIC_AMINO_ACID_BIOSYNTHETIC_PROCESS	GOBP_NON_PROTEINOGENIC_AMINO_ACID_BIOSYNTHETIC_PROCESS		18	0.6715002	1.2056398	0.2487725	0.50094235	1.0	258	tags=11%, list=2%, signal=11%	
GOBP_REGULATION_OF_MRNA_METABOLIC_PROCESS	GOBP_REGULATION_OF_MRNA_METABOLIC_PROCESS		315	0.54503417	1.205255	0.14767933	0.5013916	1.0	2884	tags=36%, list=18%, signal=42%	
GOBP_NUCLEOSIDE_BIOSYNTHETIC_PROCESS	GOBP_NUCLEOSIDE_BIOSYNTHETIC_PROCESS		17	0.6823468	1.2052076	0.26205787	0.50117296	1.0	82	tags=6%, list=1%, signal=6%	
GOBP_NEGATIVE_REGULATION_OF_MAPK_CASCADE	GOBP_NEGATIVE_REGULATION_OF_MAPK_CASCADE		147	0.5629811	1.2049311	0.18032786	0.50140995	1.0	1930	tags=25%, list=12%, signal=28%	
GOBP_ENDOSOMAL_VESICLE_FUSION	GOBP_ENDOSOMAL_VESICLE_FUSION		15	0.69242036	1.2048632	0.2583732	0.5012162	1.0	896	tags=13%, list=6%, signal=14%	
GOBP_REGULATION_OF_CARBOHYDRATE_BIOSYNTHETIC_PROCESS	GOBP_REGULATION_OF_CARBOHYDRATE_BIOSYNTHETIC_PROCESS		84	0.57356066	1.2032883	0.20897616	0.50426996	1.0	1640	tags=20%, list=10%, signal=22%	
GOBP_PROTEIN_LOCALIZATION_TO_MICROTUBULE_ORGANIZING_CENTER	GOBP_PROTEIN_LOCALIZATION_TO_MICROTUBULE_ORGANIZING_CENTER		36	0.63259965	1.2030741	0.23374613	0.5044205	1.0	3299	tags=44%, list=20%, signal=56%	
GOBP_GLYCOSYL_COMPOUND_BIOSYNTHETIC_PROCESS	GOBP_GLYCOSYL_COMPOUND_BIOSYNTHETIC_PROCESS		22	0.6439138	1.2027406	0.24300441	0.50480396	1.0	82	tags=5%, list=1%, signal=5%	
ASGHARZADEH_NEUROBLASTOMA_POOR_SURVIVAL_DN	ASGHARZADEH_NEUROBLASTOMA_POOR_SURVIVAL_DN		37	0.6180588	1.2026992	0.23354232	0.5045701	1.0	1962	tags=32%, list=12%, signal=37%	
GOBP_REGULATION_OF_MULTICELLULAR_ORGANISM_GROWTH	GOBP_REGULATION_OF_MULTICELLULAR_ORGANISM_GROWTH		59	0.58658546	1.2026651	0.21745563	0.50431883	1.0	1292	tags=22%, list=8%, signal=24%	
GOBP_POSITIVE_REGULATION_OF_EXCITATORY_POSTSYNAPTIC_POTENTIAL	GOBP_POSITIVE_REGULATION_OF_EXCITATORY_POSTSYNAPTIC_POTENTIAL		33	0.6222103	1.2025815	0.22647528	0.504169	1.0	1870	tags=33%, list=11%, signal=38%	
GOBP_REGULATION_OF_TUBULIN_DEACETYLATION	GOBP_REGULATION_OF_TUBULIN_DEACETYLATION		15	0.682016	1.202578	0.27302632	0.50385	1.0	3017	tags=33%, list=19%, signal=41%	
GOBP_REGULATION_OF_MICROTUBULE_BASED_MOVEMENT	GOBP_REGULATION_OF_MICROTUBULE_BASED_MOVEMENT		51	0.59103143	1.2024968	0.21686748	0.503679	1.0	769	tags=12%, list=5%, signal=12%	
GOBP_REGULATION_OF_VIRAL_PROCESS	GOBP_REGULATION_OF_VIRAL_PROCESS		110	0.5698155	1.2024893	0.19170243	0.50336576	1.0	1475	tags=25%, list=9%, signal=27%	
GOBP_POSITIVE_REGULATION_OF_ORGANELLE_ASSEMBLY	GOBP_POSITIVE_REGULATION_OF_ORGANELLE_ASSEMBLY		86	0.57402694	1.202036	0.2170088	0.50401014	1.0	2253	tags=27%, list=14%, signal=31%	
GOBP_PROTEIN_LOCALIZATION_TO_CYTOSKELETON	GOBP_PROTEIN_LOCALIZATION_TO_CYTOSKELETON		63	0.576838	1.2019763	0.20648968	0.5038212	1.0	1993	tags=25%, list=12%, signal=29%	
GOBP_REGULATION_OF_CARBOHYDRATE_METABOLIC_PROCESS	GOBP_REGULATION_OF_CARBOHYDRATE_METABOLIC_PROCESS		156	0.54904544	1.2015762	0.18549512	0.5043627	1.0	1955	tags=22%, list=12%, signal=25%	
GOBP_NUCLEOTIDE_BINDING_OLIGOMERIZATION_DOMAIN_CONTAINING_2_SIGNALING_PATHWAY	GOBP_NUCLEOTIDE_BINDING_OLIGOMERIZATION_DOMAIN_CONTAINING_2_SIGNALING_PATHWAY		18	0.6721166	1.2009107	0.25199363	0.5054377	1.0	1894	tags=50%, list=12%, signal=57%	
GOBP_PROTEIN_CONTAINING_COMPLEX_DISASSEMBLY	GOBP_PROTEIN_CONTAINING_COMPLEX_DISASSEMBLY		258	0.54671335	1.2008218	0.17385444	0.5053034	1.0	1687	tags=23%, list=10%, signal=26%	
GOBP_REGULATION_OF_SYNAPTIC_VESICLE_EXOCYTOSIS	GOBP_REGULATION_OF_SYNAPTIC_VESICLE_EXOCYTOSIS		48	0.60078686	1.2006652	0.19881305	0.5053213	1.0	1785	tags=27%, list=11%, signal=30%	
GOBP_CELLULAR_RESPONSE_TO_ESTROGEN_STIMULUS	GOBP_CELLULAR_RESPONSE_TO_ESTROGEN_STIMULUS		16	0.6835615	1.2005388	0.23430322	0.50526345	1.0	2249	tags=44%, list=14%, signal=51%	
GOBP_RESPONSE_TO_ISCHEMIA	GOBP_RESPONSE_TO_ISCHEMIA		55	0.5982597	1.2001662	0.20777279	0.50571716	1.0	1281	tags=29%, list=8%, signal=31%	
WILHELM_2013_FLINDERSSENSITIVELINE_DOWNREGULATED_HC	WILHELM_2013_FLINDERSSENSITIVELINE_DOWNREGULATED_HC		97	0.5713203	1.1991566	0.19970846	0.50756216	1.0	386	tags=4%, list=2%, signal=4%	
GOBP_REGULATION_OF_REACTIVE_OXYGEN_SPECIES_BIOSYNTHETIC_PROCESS	GOBP_REGULATION_OF_REACTIVE_OXYGEN_SPECIES_BIOSYNTHETIC_PROCESS		39	0.6206033	1.1989597	0.23076923	0.5076534	1.0	1459	tags=28%, list=9%, signal=31%	
GOBP_HOST_MEDIATED_PERTURBATION_OF_VIRAL_TRANSCRIPTION	GOBP_HOST_MEDIATED_PERTURBATION_OF_VIRAL_TRANSCRIPTION		28	0.6366125	1.1988726	0.23492064	0.50751555	1.0	1399	tags=21%, list=9%, signal=23%	
GOBP_NEGATIVE_REGULATION_OF_COAGULATION	GOBP_NEGATIVE_REGULATION_OF_COAGULATION		46	0.60823435	1.1984073	0.2392638	0.50815475	1.0	439	tags=7%, list=3%, signal=7%	
GOBP_PROTEIN_CATABOLIC_PROCESS_IN_THE_VACUOLE	GOBP_PROTEIN_CATABOLIC_PROCESS_IN_THE_VACUOLE		29	0.6230906	1.1981736	0.24624625	0.5083159	1.0	1335	tags=24%, list=8%, signal=26%	
GOBP_RESPONSE_TO_STARVATION	GOBP_RESPONSE_TO_STARVATION		204	0.5470774	1.1978811	0.187251	0.5086172	1.0	2877	tags=30%, list=18%, signal=36%	
HALLMARK_ESTROGEN_RESPONSE_LATE	HALLMARK_ESTROGEN_RESPONSE_LATE		179	0.54812056	1.1978136	0.19014084	0.50843346	1.0	1018	tags=15%, list=6%, signal=16%	
GOBP_PEPTIDE_BIOSYNTHETIC_PROCESS	GOBP_PEPTIDE_BIOSYNTHETIC_PROCESS		22	0.65706056	1.1977961	0.24440895	0.50815314	1.0	1323	tags=14%, list=8%, signal=15%	
KEGG_MEDICUS_PATHOGEN_HCMV_UL33_TO_GNAI_AC_PKA_SIGNALING_PATHWAY	KEGG_MEDICUS_PATHOGEN_HCMV_UL33_TO_GNAI_AC_PKA_SIGNALING_PATHWAY		23	0.63520354	1.1972542	0.24729522	0.5090108	1.0	1292	tags=26%, list=8%, signal=28%	
GOBP_REGULATION_OF_NEURON_PROJECTION_DEVELOPMENT	GOBP_REGULATION_OF_NEURON_PROJECTION_DEVELOPMENT		418	0.52240735	1.1971017	0.14423077	0.5089923	1.0	1915	tags=25%, list=12%, signal=27%	
GANDAL_2018_ALCOHOLABUSEDISORDER_UPREGULATED_CORTEX	GANDAL_2018_ALCOHOLABUSEDISORDER_UPREGULATED_CORTEX		208	0.537929	1.1969724	0.18553889	0.5089306	1.0	2482	tags=29%, list=15%, signal=34%	
GOBP_CALCIUM_ION_TRANSMEMBRANE_TRANSPORT_VIA_HIGH_VOLTAGE_GATED_CALCIUM_CHANNEL	GOBP_CALCIUM_ION_TRANSMEMBRANE_TRANSPORT_VIA_HIGH_VOLTAGE_GATED_CALCIUM_CHANNEL		17	0.69059676	1.1968803	0.25079873	0.50882536	1.0	3059	tags=41%, list=19%, signal=51%	
GOBP_DENDRITIC_CELL_DIFFERENTIATION	GOBP_DENDRITIC_CELL_DIFFERENTIATION		46	0.59966385	1.1968722	0.23148148	0.5085187	1.0	992	tags=22%, list=6%, signal=23%	
GOBP_DEFINITIVE_HEMOPOIESIS	GOBP_DEFINITIVE_HEMOPOIESIS		18	0.66956824	1.1968654	0.26357827	0.5082089	1.0	509	tags=17%, list=3%, signal=17%	
GOBP_AXON_EXTENSION	GOBP_AXON_EXTENSION		106	0.5641566	1.196793	0.2057554	0.50803185	1.0	1634	tags=26%, list=10%, signal=29%	
GOBP_NEGATIVE_REGULATION_OF_TOR_SIGNALING	GOBP_NEGATIVE_REGULATION_OF_TOR_SIGNALING		67	0.5785537	1.1964964	0.21929824	0.5083387	1.0	2531	tags=22%, list=16%, signal=26%	
GOBP_RESPONSE_TO_ACETYLCHOLINE	GOBP_RESPONSE_TO_ACETYLCHOLINE		46	0.6115156	1.1964025	0.19790106	0.50819796	1.0	2768	tags=39%, list=17%, signal=47%	
GOBP_REGULATION_OF_CALCIUM_ION_TRANSPORT_INTO_CYTOSOL	GOBP_REGULATION_OF_CALCIUM_ION_TRANSPORT_INTO_CYTOSOL		16	0.66917187	1.1958393	0.2777778	0.5091013	1.0	1593	tags=31%, list=10%, signal=35%	
GOBP_NUCLEOSIDE_PHOSPHATE_BIOSYNTHETIC_PROCESS	GOBP_NUCLEOSIDE_PHOSPHATE_BIOSYNTHETIC_PROCESS		300	0.5354956	1.1956141	0.15736766	0.5092491	1.0	1854	tags=16%, list=11%, signal=18%	
GOBP_TORC2_SIGNALING	GOBP_TORC2_SIGNALING		24	0.64171153	1.1954327	0.24772036	0.50930285	1.0	2143	tags=46%, list=13%, signal=53%	
JOHNSON_2016_COEXPRESSION_HIPPOCAMPUS_HUMAN_M21	JOHNSON_2016_COEXPRESSION_HIPPOCAMPUS_HUMAN_M21		83	0.57317024	1.1953636	0.21386431	0.5091152	1.0	866	tags=17%, list=5%, signal=18%	
GOBP_RESPONSE_TO_STEROID_HORMONE	GOBP_RESPONSE_TO_STEROID_HORMONE		288	0.5384446	1.1953436	0.16756032	0.50883913	1.0	1350	tags=22%, list=8%, signal=23%	
GOBP_POSITIVE_REGULATION_OF_POST_TRANSLATIONAL_PROTEIN_MODIFICATION	GOBP_POSITIVE_REGULATION_OF_POST_TRANSLATIONAL_PROTEIN_MODIFICATION		120	0.5523811	1.1951399	0.20527045	0.5089624	1.0	1894	tags=20%, list=12%, signal=22%	
GOBP_CELL_MATURATION	GOBP_CELL_MATURATION		164	0.54618895	1.1946405	0.19273743	0.5096686	1.0	1035	tags=10%, list=6%, signal=10%	
GOBP_EXTRACELLULAR_MATRIX_DISASSEMBLY	GOBP_EXTRACELLULAR_MATRIX_DISASSEMBLY		53	0.59731084	1.193196	0.23053892	0.5124108	1.0	546	tags=15%, list=3%, signal=16%	
GOBP_POSITIVE_REGULATION_OF_MITOCHONDRIAL_TRANSLATION	GOBP_POSITIVE_REGULATION_OF_MITOCHONDRIAL_TRANSLATION		15	0.67085224	1.1929368	0.2830482	0.5126336	1.0	161	tags=7%, list=1%, signal=7%	
GOBP_PYRUVATE_DECARBOXYLATION_TO_ACETYL_COA	GOBP_PYRUVATE_DECARBOXYLATION_TO_ACETYL_COA		15	0.6717014	1.192607	0.29566562	0.51303303	1.0	3267	tags=40%, list=20%, signal=50%	
GOBP_INTRACELLULAR_PH_REDUCTION	GOBP_INTRACELLULAR_PH_REDUCTION		49	0.6019101	1.192522	0.23633678	0.5128917	1.0	1255	tags=29%, list=8%, signal=31%	
GOBP_SERTOLI_CELL_DIFFERENTIATION	GOBP_SERTOLI_CELL_DIFFERENTIATION		16	0.67382145	1.1923939	0.26572326	0.51285475	1.0	1233	tags=38%, list=8%, signal=41%	
GOBP_ESTROGEN_RECEPTOR_SIGNALING_PATHWAY	GOBP_ESTROGEN_RECEPTOR_SIGNALING_PATHWAY		48	0.59209794	1.1918302	0.21706587	0.5137099	1.0	1067	tags=19%, list=7%, signal=20%	
GOBP_MEIOTIC_CELL_CYCLE_PHASE_TRANSITION	GOBP_MEIOTIC_CELL_CYCLE_PHASE_TRANSITION		15	0.67180276	1.1916976	0.26760563	0.5136427	1.0	1558	tags=13%, list=10%, signal=15%	
GOBP_POSITIVE_REGULATION_OF_BLOOD_CIRCULATION	GOBP_POSITIVE_REGULATION_OF_BLOOD_CIRCULATION		32	0.6104704	1.191666	0.24200913	0.5133769	1.0	122	tags=9%, list=1%, signal=9%	
GOBP_SULFUR_COMPOUND_TRANSPORT	GOBP_SULFUR_COMPOUND_TRANSPORT		61	0.5882033	1.1916459	0.20926756	0.5130922	1.0	3213	tags=31%, list=20%, signal=39%	
GOBP_REGULATION_OF_ISOTYPE_SWITCHING	GOBP_REGULATION_OF_ISOTYPE_SWITCHING		34	0.6113693	1.1912904	0.23867069	0.51352245	1.0	2393	tags=26%, list=15%, signal=31%	
GOBP_BLASTOCYST_FORMATION	GOBP_BLASTOCYST_FORMATION		41	0.60865325	1.1909811	0.24961479	0.51384896	1.0	1987	tags=24%, list=12%, signal=28%	
GOBP_CENTRAL_NERVOUS_SYSTEM_NEURON_DIFFERENTIATION	GOBP_CENTRAL_NERVOUS_SYSTEM_NEURON_DIFFERENTIATION		189	0.5562923	1.1909653	0.1887608	0.513552	1.0	1883	tags=21%, list=12%, signal=24%	
GOBP_REGULATION_OF_CIRCADIAN_RHYTHM	GOBP_REGULATION_OF_CIRCADIAN_RHYTHM		107	0.55832726	1.1898744	0.2186589	0.5155143	1.0	2508	tags=30%, list=15%, signal=35%	
HALLMARK_ESTROGEN_RESPONSE_EARLY	HALLMARK_ESTROGEN_RESPONSE_EARLY		179	0.54465914	1.1897432	0.18384402	0.5154551	1.0	1745	tags=20%, list=11%, signal=22%	
GOBP_INTERLEUKIN_2_PRODUCTION	GOBP_INTERLEUKIN_2_PRODUCTION		69	0.57927936	1.1894532	0.22337279	0.51574916	1.0	1657	tags=26%, list=10%, signal=29%	
GOBP_CELLULAR_RESPONSE_TO_TOPOLOGICALLY_INCORRECT_PROTEIN	GOBP_CELLULAR_RESPONSE_TO_TOPOLOGICALLY_INCORRECT_PROTEIN		118	0.54875356	1.1884881	0.20362622	0.5175465	1.0	2222	tags=21%, list=14%, signal=24%	
GOBP_REGULATION_OF_VIRAL_TRANSCRIPTION	GOBP_REGULATION_OF_VIRAL_TRANSCRIPTION		19	0.656071	1.1880708	0.26265824	0.51812506	1.0	2464	tags=37%, list=15%, signal=43%	
GOBP_CELLULAR_RESPONSE_TO_STARVATION	GOBP_CELLULAR_RESPONSE_TO_STARVATION		173	0.5480945	1.1880647	0.20242915	0.5178091	1.0	2748	tags=30%, list=17%, signal=36%	
GOBP_RIBONUCLEOSIDE_METABOLIC_PROCESS	GOBP_RIBONUCLEOSIDE_METABOLIC_PROCESS		19	0.6671031	1.1879394	0.26604068	0.517767	1.0	997	tags=16%, list=6%, signal=17%	
GOBP_NEGATIVE_REGULATION_OF_MUSCLE_CONTRACTION	GOBP_NEGATIVE_REGULATION_OF_MUSCLE_CONTRACTION		22	0.64298284	1.1870742	0.2651391	0.51927495	1.0	958	tags=9%, list=6%, signal=10%	
GOBP_REGULATION_OF_BLOOD_CIRCULATION	GOBP_REGULATION_OF_BLOOD_CIRCULATION		236	0.53086525	1.1864146	0.19341564	0.5203733	1.0	1227	tags=14%, list=8%, signal=14%	
GOBP_INTEGRATED_STRESS_RESPONSE_SIGNALING	GOBP_INTEGRATED_STRESS_RESPONSE_SIGNALING		52	0.60203296	1.1858135	0.23053434	0.5213083	1.0	1442	tags=17%, list=9%, signal=19%	
GOBP_CARDIAC_MUSCLE_CELL_MEMBRANE_REPOLARIZATION	GOBP_CARDIAC_MUSCLE_CELL_MEMBRANE_REPOLARIZATION		37	0.59892076	1.1853405	0.23853211	0.52200055	1.0	1511	tags=24%, list=9%, signal=27%	
GOBP_POSITIVE_REGULATION_OF_NOTCH_SIGNALING_PATHWAY	GOBP_POSITIVE_REGULATION_OF_NOTCH_SIGNALING_PATHWAY		40	0.5994401	1.1850033	0.23420647	0.5223516	1.0	1849	tags=20%, list=11%, signal=23%	
KEGG_MEDICUS_REFERENCE_GPCR_PLCB_ITPR_SIGNALING_PATHWAY	KEGG_MEDICUS_REFERENCE_GPCR_PLCB_ITPR_SIGNALING_PATHWAY		46	0.601097	1.184969	0.24031007	0.52210927	1.0	571	tags=7%, list=4%, signal=7%	
GEMMA_GSE132930_TRANSCRIPTIONAL_PROFILING_REVEALS_RUNNING_PROMOTES_CEREBROVASCULAR_REMODELING_IN_YOUNG_BUT_NOT_MIDLIFE_MICE_TREATMENT_RUNNING_DOWN	GEMMA_GSE132930_TRANSCRIPTIONAL_PROFILING_REVEALS_RUNNING_PROMOTES_CEREBROVASCULAR_REMODELING_IN_YOUNG_BUT_NOT_MIDLIFE_MICE_TREATMENT_RUNNING_DOWN		51	0.58982366	1.1848704	0.23134328	0.5220003	1.0	3262	tags=37%, list=20%, signal=46%	
GOBP_NEGATIVE_REGULATION_OF_MRNA_CATABOLIC_PROCESS	GOBP_NEGATIVE_REGULATION_OF_MRNA_CATABOLIC_PROCESS		77	0.5688228	1.1848472	0.2187959	0.5217288	1.0	2110	tags=30%, list=13%, signal=34%	
GOBP_NEGATIVE_REGULATION_OF_ADAPTIVE_IMMUNE_RESPONSE	GOBP_NEGATIVE_REGULATION_OF_ADAPTIVE_IMMUNE_RESPONSE		67	0.5704416	1.1847357	0.23295455	0.52166706	1.0	2185	tags=31%, list=13%, signal=36%	
CHEBOTAEV_GR_TARGETS_UP	CHEBOTAEV_GR_TARGETS_UP		67	0.5662457	1.1843132	0.22256097	0.52223694	1.0	1390	tags=24%, list=9%, signal=26%	
GOBP_REGULATION_OF_MICROTUBULE_BASED_PROCESS	GOBP_REGULATION_OF_MICROTUBULE_BASED_PROCESS		255	0.52696985	1.1842802	0.17517242	0.52197474	1.0	2185	tags=22%, list=13%, signal=25%	
GOBP_ENDOPLASMIC_RETICULUM_TO_CYTOSOL_TRANSPORT	GOBP_ENDOPLASMIC_RETICULUM_TO_CYTOSOL_TRANSPORT		29	0.61477673	1.1842299	0.26119402	0.5217589	1.0	2224	tags=31%, list=14%, signal=36%	
GOBP_NUCLEOSIDE_MONOPHOSPHATE_METABOLIC_PROCESS	GOBP_NUCLEOSIDE_MONOPHOSPHATE_METABOLIC_PROCESS		72	0.56592584	1.1841283	0.22755417	0.52165514	1.0	1952	tags=19%, list=12%, signal=22%	
GOBP_GLYCEROLIPID_CATABOLIC_PROCESS	GOBP_GLYCEROLIPID_CATABOLIC_PROCESS		57	0.5823245	1.18343	0.2291372	0.5228902	1.0	2058	tags=23%, list=13%, signal=26%	
GOBP_WOUND_HEALING	GOBP_WOUND_HEALING		390	0.52932805	1.1834248	0.16351351	0.5225751	1.0	1241	tags=16%, list=8%, signal=17%	
GOBP_REGULATION_OF_MITOTIC_CYTOKINESIS	GOBP_REGULATION_OF_MITOTIC_CYTOKINESIS		18	0.6615453	1.1832846	0.261944	0.5225416	1.0	1993	tags=33%, list=12%, signal=38%	
GOBP_REGULATION_OF_CELL_ADHESION_MEDIATED_BY_INTEGRIN	GOBP_REGULATION_OF_CELL_ADHESION_MEDIATED_BY_INTEGRIN		47	0.5996741	1.1831635	0.22801788	0.522492	1.0	1460	tags=17%, list=9%, signal=19%	
GOBP_HEMATOPOIETIC_PROGENITOR_CELL_DIFFERENTIATION	GOBP_HEMATOPOIETIC_PROGENITOR_CELL_DIFFERENTIATION		121	0.55429554	1.1827666	0.20604396	0.5230272	1.0	2101	tags=23%, list=13%, signal=26%	
GOBP_ESTABLISHMENT_OF_RNA_LOCALIZATION	GOBP_ESTABLISHMENT_OF_RNA_LOCALIZATION		147	0.54990387	1.1823214	0.19653179	0.5236422	1.0	2216	tags=29%, list=14%, signal=33%	
GOBP_REGULATION_OF_SYNAPTIC_TRANSMISSION_GLUTAMATERGIC	GOBP_REGULATION_OF_SYNAPTIC_TRANSMISSION_GLUTAMATERGIC		71	0.5700179	1.1821679	0.20735294	0.5236485	1.0	1851	tags=27%, list=11%, signal=30%	
CEMBROWSKI_HIPPOSEQ_GRANULE	CEMBROWSKI_HIPPOSEQ_GRANULE		89	0.56174743	1.1820921	0.21316166	0.5234842	1.0	1080	tags=12%, list=7%, signal=13%	
GOBP_KETONE_BIOSYNTHETIC_PROCESS	GOBP_KETONE_BIOSYNTHETIC_PROCESS		42	0.59215456	1.1817456	0.23794213	0.52391684	1.0	2335	tags=17%, list=14%, signal=19%	
GOBP_REGULATION_OF_LONG_TERM_SYNAPTIC_POTENTIATION	GOBP_REGULATION_OF_LONG_TERM_SYNAPTIC_POTENTIATION		42	0.5948937	1.1816499	0.25816023	0.52380157	1.0	190	tags=10%, list=1%, signal=10%	
GOBP_REGULATION_OF_PRESYNAPTIC_CYTOSOLIC_CALCIUM_ION_CONCENTRATION	GOBP_REGULATION_OF_PRESYNAPTIC_CYTOSOLIC_CALCIUM_ION_CONCENTRATION		15	0.6764839	1.1816041	0.2676282	0.52358156	1.0	2569	tags=40%, list=16%, signal=47%	
GOBP_RNA_SPLICING_VIA_TRANSESTERIFICATION_REACTIONS	GOBP_RNA_SPLICING_VIA_TRANSESTERIFICATION_REACTIONS		315	0.5347125	1.1815276	0.17671809	0.52342147	1.0	2400	tags=23%, list=15%, signal=27%	
GOBP_REGULATION_OF_LIPOPOLYSACCHARIDE_MEDIATED_SIGNALING_PATHWAY	GOBP_REGULATION_OF_LIPOPOLYSACCHARIDE_MEDIATED_SIGNALING_PATHWAY		26	0.62729955	1.1814948	0.25080386	0.5231678	1.0	868	tags=27%, list=5%, signal=28%	
JOHNSON_2016_COEXPRESSION_HIPPOCAMPUS_HUMAN_M3	JOHNSON_2016_COEXPRESSION_HIPPOCAMPUS_HUMAN_M3		131	0.55437076	1.1809541	0.20534459	0.52402866	1.0	2304	tags=29%, list=14%, signal=34%	
GEMMA_GSE109315_GENE_EXPRESSION_ANALYSIS_OF_MOUSE_BRAIN_REGIONS_AFTER_CHRONIC_SOCIAL_DEFEAT_STRESS_(CSDS)_PHENOTYPE_RESILIENT.TO.CHRONIC.SOCIAL.DEFEAT.STRESS_DOWN	GEMMA_GSE109315_GENE_EXPRESSION_ANALYSIS_OF_MOUSE_BRAIN_REGIONS_AFTER_CHRONIC_SOCIAL_DEFEAT_STRESS_(CSDS)_PHENOTYPE_RESILIENT.TO.CHRONIC.SOCIAL.DEFEAT.STRESS_DOWN		390	0.5376971	1.1804603	0.16413793	0.52475697	1.0	2564	tags=29%, list=16%, signal=34%	
GOBP_POTASSIUM_ION_TRANSPORT	GOBP_POTASSIUM_ION_TRANSPORT		194	0.53933245	1.1804283	0.18942732	0.52450293	1.0	2511	tags=26%, list=15%, signal=30%	
HALLMARK_IL2_STAT5_SIGNALING	HALLMARK_IL2_STAT5_SIGNALING		189	0.53301054	1.1803939	0.19040698	0.5242513	1.0	1447	tags=23%, list=9%, signal=25%	
GOBP_NEGATIVE_REGULATION_OF_FERROPTOSIS	GOBP_NEGATIVE_REGULATION_OF_FERROPTOSIS		19	0.6556522	1.1798275	0.26966292	0.5251439	1.0	1940	tags=47%, list=12%, signal=54%	
GEMMA_GSE132930_TRANSCRIPTIONAL_PROFILING_REVEALS_RUNNING_PROMOTES_CEREBROVASCULAR_REMODELING_IN_YOUNG_BUT_NOT_MIDLIFE_MICE_TREATMENT_RUNNING_UP	GEMMA_GSE132930_TRANSCRIPTIONAL_PROFILING_REVEALS_RUNNING_PROMOTES_CEREBROVASCULAR_REMODELING_IN_YOUNG_BUT_NOT_MIDLIFE_MICE_TREATMENT_RUNNING_UP		44	0.5948947	1.1795335	0.24849397	0.5254753	1.0	532	tags=9%, list=3%, signal=9%	
FAN_EMBRYONIC_CTX_BIG_GROUPS_EXCITATORY_NEURON	FAN_EMBRYONIC_CTX_BIG_GROUPS_EXCITATORY_NEURON		41	0.58973604	1.1795263	0.2511556	0.5251675	1.0	1621	tags=39%, list=10%, signal=43%	
GOBP_DENDRITIC_SPINE_DEVELOPMENT	GOBP_DENDRITIC_SPINE_DEVELOPMENT		94	0.56782544	1.1793491	0.21511628	0.5252374	1.0	1915	tags=29%, list=12%, signal=32%	
GOBP_EMBRYONIC_HEART_TUBE_MORPHOGENESIS	GOBP_EMBRYONIC_HEART_TUBE_MORPHOGENESIS		55	0.58010644	1.1789806	0.24279211	0.5256792	1.0	1814	tags=22%, list=11%, signal=24%	
GOBP_CHEMICAL_SYNAPTIC_TRANSMISSION_POSTSYNAPTIC	GOBP_CHEMICAL_SYNAPTIC_TRANSMISSION_POSTSYNAPTIC		109	0.55522084	1.1789348	0.22109826	0.5254712	1.0	1921	tags=22%, list=12%, signal=25%	
PARK_2011_COEXPRESSION_HIPPOCAMPUS_MOUSE_LIGHTYELLOW	PARK_2011_COEXPRESSION_HIPPOCAMPUS_MOUSE_LIGHTYELLOW		435	0.5308214	1.1787823	0.15841584	0.5254926	1.0	3370	tags=46%, list=21%, signal=56%	
GOBP_ESTABLISHMENT_OR_MAINTENANCE_OF_BIPOLAR_CELL_POLARITY	GOBP_ESTABLISHMENT_OR_MAINTENANCE_OF_BIPOLAR_CELL_POLARITY		48	0.5902848	1.1785895	0.231454	0.5255753	1.0	1963	tags=25%, list=12%, signal=28%	
GOBP_RESPONSE_TO_OXYGEN_LEVELS	GOBP_RESPONSE_TO_OXYGEN_LEVELS		315	0.52865696	1.1784977	0.17294282	0.52544594	1.0	1883	tags=23%, list=12%, signal=26%	
GOBP_REGULATION_OF_LYMPHOCYTE_MIGRATION	GOBP_REGULATION_OF_LYMPHOCYTE_MIGRATION		65	0.57813996	1.1784474	0.2353823	0.5252415	1.0	1616	tags=29%, list=10%, signal=32%	
GOBP_POSITIVE_REGULATION_OF_D_GLUCOSE_IMPORT	GOBP_POSITIVE_REGULATION_OF_D_GLUCOSE_IMPORT		28	0.6340349	1.1782259	0.27329192	0.52543026	1.0	2180	tags=32%, list=13%, signal=37%	
GOBP_REGULATION_OF_UBIQUITIN_DEPENDENT_PROTEIN_CATABOLIC_PROCESS	GOBP_REGULATION_OF_UBIQUITIN_DEPENDENT_PROTEIN_CATABOLIC_PROCESS		168	0.5398735	1.1779246	0.19889502	0.52572125	1.0	1373	tags=17%, list=8%, signal=18%	
KEGG_MEDICUS_REFERENCE_CA2_CAM_CAMK_SIGNALING_PATHWAY	KEGG_MEDICUS_REFERENCE_CA2_CAM_CAMK_SIGNALING_PATHWAY		18	0.6497302	1.1778585	0.2721417	0.52554864	1.0	1811	tags=44%, list=11%, signal=50%	
GOBP_CARDIOCYTE_DIFFERENTIATION	GOBP_CARDIOCYTE_DIFFERENTIATION		136	0.5504997	1.1778455	0.2168331	0.52525914	1.0	2022	tags=24%, list=12%, signal=27%	
GOBP_POLYOL_BIOSYNTHETIC_PROCESS	GOBP_POLYOL_BIOSYNTHETIC_PROCESS		50	0.58448046	1.1769745	0.23520924	0.52682745	1.0	2237	tags=18%, list=14%, signal=21%	
GOBP_ORGANELLE_MEMBRANE_FUSION	GOBP_ORGANELLE_MEMBRANE_FUSION		130	0.53754604	1.1769435	0.20232897	0.52657425	1.0	2102	tags=22%, list=13%, signal=25%	
GOBP_HETEROTYPIC_CELL_CELL_ADHESION	GOBP_HETEROTYPIC_CELL_CELL_ADHESION		54	0.58512366	1.176895	0.2382353	0.5263554	1.0	373	tags=13%, list=2%, signal=13%	
HALLMARK_XENOBIOTIC_METABOLISM	HALLMARK_XENOBIOTIC_METABOLISM		164	0.54325396	1.1766269	0.21815719	0.526641	1.0	2022	tags=19%, list=12%, signal=21%	
GOBP_EOSINOPHIL_MIGRATION	GOBP_EOSINOPHIL_MIGRATION		19	0.64461046	1.1766262	0.2551181	0.52632344	1.0	265	tags=11%, list=2%, signal=11%	
GOBP_ACTOMYOSIN_STRUCTURE_ORGANIZATION	GOBP_ACTOMYOSIN_STRUCTURE_ORGANIZATION		197	0.5303522	1.1765035	0.19160838	0.5262714	1.0	1998	tags=27%, list=12%, signal=31%	
GOBP_EOSINOPHIL_CHEMOTAXIS	GOBP_EOSINOPHIL_CHEMOTAXIS		15	0.67013043	1.1764637	0.29344264	0.5260299	1.0	265	tags=13%, list=2%, signal=14%	
GOBP_SMALL_MOLECULE_CATABOLIC_PROCESS	GOBP_SMALL_MOLECULE_CATABOLIC_PROCESS		304	0.5268266	1.1763272	0.1904762	0.5260311	1.0	1326	tags=10%, list=8%, signal=11%	
GOBP_FC_GAMMA_RECEPTOR_SIGNALING_PATHWAY	GOBP_FC_GAMMA_RECEPTOR_SIGNALING_PATHWAY		34	0.6133996	1.1762383	0.24854651	0.5259008	1.0	1718	tags=35%, list=11%, signal=39%	
KEGG_ERBB_SIGNALING_PATHWAY	KEGG_ERBB_SIGNALING_PATHWAY		83	0.55266917	1.1755965	0.23308271	0.52693284	1.0	1366	tags=27%, list=8%, signal=29%	
GOBP_GLYCINE_TRANSPORT	GOBP_GLYCINE_TRANSPORT		15	0.66757166	1.1751108	0.29027113	0.5276145	1.0	2269	tags=40%, list=14%, signal=46%	
GOBP_REGULATION_OF_HAIR_CYCLE	GOBP_REGULATION_OF_HAIR_CYCLE		24	0.63509184	1.1750422	0.26426426	0.52745694	1.0	2508	tags=21%, list=15%, signal=25%	
GEMMA_GSE30187_EXPRESSION_DATA_IN_THE_MOUSE_BRAIN_FOLLOWING_THE_GLUCOCORTICOID_RECEPTOR_OVEREXPRESSION_IN_THE_FOREBRAIN_(GROV)_DURING_DIFFERENT_PERIODS_IN_DEVELOPMENT_GENOTYPE_OVEREXPRESSION_NR3C1.MOUSE.NUCLEAR.RECEPTOR.SUBFAMILY.3.GROUP.C.MEMBER.1_UP	GEMMA_GSE30187_EXPRESSION_DATA_IN_THE_MOUSE_BRAIN_FOLLOWING_THE_GLUCOCORTICOID_RECEPTOR_OVEREXPRESSION_IN_THE_FOREBRAIN_(GROV)_DURING_DIFFERENT_PERIODS_IN_DEVELOPMENT_GENOTYPE_OVEREXPRESSION_NR3C1.MOUSE.NUCLEAR.RECEPTOR.SUBFAMILY.3.GROUP.C.MEMBER.1_UP		133	0.5507757	1.1749545	0.22206506	0.5273306	1.0	2439	tags=35%, list=15%, signal=40%	
GOBP_RRNA_CATABOLIC_PROCESS	GOBP_RRNA_CATABOLIC_PROCESS		19	0.6437056	1.1748149	0.28775835	0.52732676	1.0	1575	tags=26%, list=10%, signal=29%	
GOBP_REGULATION_OF_NEUROINFLAMMATORY_RESPONSE	GOBP_REGULATION_OF_NEUROINFLAMMATORY_RESPONSE		38	0.5965344	1.1744468	0.2388974	0.5277582	1.0	1994	tags=32%, list=12%, signal=36%	
GOBP_DETERMINATION_OF_ADULT_LIFESPAN	GOBP_DETERMINATION_OF_ADULT_LIFESPAN		34	0.6034454	1.1741579	0.25	0.5280557	1.0	2756	tags=38%, list=17%, signal=46%	
KEGG_TOLL_LIKE_RECEPTOR_SIGNALING_PATHWAY	KEGG_TOLL_LIKE_RECEPTOR_SIGNALING_PATHWAY		85	0.56072223	1.1736796	0.22727273	0.5287812	1.0	2446	tags=35%, list=15%, signal=41%	
GOBP_NUCLEAR_TRANSCRIBED_MRNA_CATABOLIC_PROCESS_NONSENSE_MEDIATED_DECAY	GOBP_NUCLEAR_TRANSCRIBED_MRNA_CATABOLIC_PROCESS_NONSENSE_MEDIATED_DECAY		43	0.5861278	1.173661	0.25225225	0.528501	1.0	2782	tags=23%, list=17%, signal=28%	
GOBP_VESICLE_ORGANIZATION	GOBP_VESICLE_ORGANIZATION		368	0.51613736	1.1736517	0.19410977	0.5282036	1.0	2407	tags=24%, list=15%, signal=28%	
GOBP_NEGATIVE_REGULATION_OF_LIPID_LOCALIZATION	GOBP_NEGATIVE_REGULATION_OF_LIPID_LOCALIZATION		37	0.6083634	1.1735935	0.25037935	0.52799374	1.0	824	tags=11%, list=5%, signal=11%	
GOBP_PEPTIDYL_TYROSINE_MODIFICATION	GOBP_PEPTIDYL_TYROSINE_MODIFICATION		116	0.54599583	1.1735576	0.19593614	0.5277555	1.0	1584	tags=19%, list=10%, signal=21%	
GOBP_B_CELL_ACTIVATION_INVOLVED_IN_IMMUNE_RESPONSE	GOBP_B_CELL_ACTIVATION_INVOLVED_IN_IMMUNE_RESPONSE		83	0.5688966	1.1734179	0.21770681	0.52774894	1.0	2393	tags=24%, list=15%, signal=28%	
KEGG_AMINOACYL_TRNA_BIOSYNTHESIS	KEGG_AMINOACYL_TRNA_BIOSYNTHESIS		38	0.59425455	1.1732873	0.24029851	0.5277278	1.0	2028	tags=18%, list=12%, signal=21%	
GOBP_MONOSACCHARIDE_METABOLIC_PROCESS	GOBP_MONOSACCHARIDE_METABOLIC_PROCESS		233	0.5207109	1.1731439	0.17348377	0.52771384	1.0	1756	tags=20%, list=11%, signal=22%	
GOBP_TUMOR_NECROSIS_FACTOR_MEDIATED_SIGNALING_PATHWAY	GOBP_TUMOR_NECROSIS_FACTOR_MEDIATED_SIGNALING_PATHWAY		109	0.55463153	1.1731008	0.20373027	0.527501	1.0	2159	tags=29%, list=13%, signal=34%	
KEGG_LONG_TERM_DEPRESSION	KEGG_LONG_TERM_DEPRESSION		63	0.57176596	1.1730942	0.23211679	0.5271994	1.0	1537	tags=21%, list=9%, signal=23%	
GOBP_SECONDARY_METABOLIC_PROCESS	GOBP_SECONDARY_METABOLIC_PROCESS		42	0.59751415	1.1729941	0.25457317	0.52708215	1.0	1889	tags=17%, list=12%, signal=19%	
GOBP_RESPONSE_TO_GLUCAGON	GOBP_RESPONSE_TO_GLUCAGON		26	0.6253444	1.1727221	0.25718608	0.52730465	1.0	773	tags=23%, list=5%, signal=24%	
GOBP_NEGATIVE_REGULATION_OF_LEUKOCYTE_MEDIATED_IMMUNITY	GOBP_NEGATIVE_REGULATION_OF_LEUKOCYTE_MEDIATED_IMMUNITY		66	0.57530725	1.172601	0.23442137	0.5272522	1.0	2912	tags=33%, list=18%, signal=40%	
GOBP_SECONDARY_METABOLITE_BIOSYNTHETIC_PROCESS	GOBP_SECONDARY_METABOLITE_BIOSYNTHETIC_PROCESS		23	0.6289184	1.1724865	0.27272728	0.52720827	1.0	2384	tags=22%, list=15%, signal=25%	
GOBP_PROTEIN_EXIT_FROM_ENDOPLASMIC_RETICULUM	GOBP_PROTEIN_EXIT_FROM_ENDOPLASMIC_RETICULUM		55	0.58410877	1.1723366	0.25377643	0.5272011	1.0	2407	tags=38%, list=15%, signal=45%	
GOBP_CD8_POSITIVE_ALPHA_BETA_T_CELL_DIFFERENTIATION	GOBP_CD8_POSITIVE_ALPHA_BETA_T_CELL_DIFFERENTIATION		26	0.6211391	1.172101	0.26716417	0.5274022	1.0	1877	tags=31%, list=12%, signal=35%	
GOBP_POSITIVE_REGULATION_OF_PROTEIN_POLYUBIQUITINATION	GOBP_POSITIVE_REGULATION_OF_PROTEIN_POLYUBIQUITINATION		18	0.6561443	1.1719844	0.30063292	0.52733344	1.0	1894	tags=33%, list=12%, signal=38%	
GOBP_PRESYNAPTIC_MODULATION_OF_CHEMICAL_SYNAPTIC_TRANSMISSION	GOBP_PRESYNAPTIC_MODULATION_OF_CHEMICAL_SYNAPTIC_TRANSMISSION		37	0.60628325	1.1719601	0.24200913	0.52706873	1.0	1478	tags=19%, list=9%, signal=21%	
GOBP_NEGATIVE_REGULATION_OF_KINASE_ACTIVITY	GOBP_NEGATIVE_REGULATION_OF_KINASE_ACTIVITY		70	0.565098	1.1719314	0.24655436	0.5268095	1.0	1639	tags=27%, list=10%, signal=30%	
KEGG_MEDICUS_REFERENCE_TLR5_NFKB_SIGNALING_PATHWAY	KEGG_MEDICUS_REFERENCE_TLR5_NFKB_SIGNALING_PATHWAY		17	0.661067	1.1718482	0.27633587	0.5267024	1.0	2277	tags=29%, list=14%, signal=34%	
GOBP_REGULATION_OF_DEFENSE_RESPONSE_TO_VIRUS	GOBP_REGULATION_OF_DEFENSE_RESPONSE_TO_VIRUS		57	0.58432025	1.1718194	0.23969465	0.5264577	1.0	1827	tags=25%, list=11%, signal=28%	
GOBP_NEGATIVE_REGULATION_OF_VIRAL_TRANSCRIPTION	GOBP_NEGATIVE_REGULATION_OF_VIRAL_TRANSCRIPTION		15	0.66367644	1.1717787	0.307815	0.52621925	1.0	2464	tags=33%, list=15%, signal=39%	
GOBP_PEROXISOME_ORGANIZATION	GOBP_PEROXISOME_ORGANIZATION		34	0.6015528	1.171433	0.26355422	0.52666575	1.0	631	tags=12%, list=4%, signal=12%	
GOBP_MITOCHONDRIAL_CALCIUM_ION_TRANSMEMBRANE_TRANSPORT	GOBP_MITOCHONDRIAL_CALCIUM_ION_TRANSMEMBRANE_TRANSPORT		24	0.63126767	1.1713208	0.2628205	0.5265808	1.0	595	tags=17%, list=4%, signal=17%	
GOBP_NOTCH_SIGNALING_PATHWAY	GOBP_NOTCH_SIGNALING_PATHWAY		163	0.54901373	1.1712996	0.19970632	0.52631694	1.0	1588	tags=18%, list=10%, signal=20%	
GOBP_PEPTIDYL_THREONINE_PHOSPHORYLATION	GOBP_PEPTIDYL_THREONINE_PHOSPHORYLATION		33	0.6093044	1.170769	0.25477707	0.52706057	1.0	1929	tags=36%, list=12%, signal=41%	
GOBP_REGULATION_OF_POSTSYNAPSE_ORGANIZATION	GOBP_REGULATION_OF_POSTSYNAPSE_ORGANIZATION		138	0.5358173	1.1706576	0.21333334	0.5269927	1.0	1915	tags=25%, list=12%, signal=29%	
GOBP_PHOSPHATIDYLINOSITOL_METABOLIC_PROCESS	GOBP_PHOSPHATIDYLINOSITOL_METABOLIC_PROCESS		142	0.53831017	1.1703513	0.21037464	0.5273104	1.0	2721	tags=24%, list=17%, signal=29%	
GOBP_REGULATION_OF_HEART_CONTRACTION	GOBP_REGULATION_OF_HEART_CONTRACTION		190	0.536506	1.1703057	0.21264368	0.52708703	1.0	1207	tags=14%, list=7%, signal=15%	
GOBP_REGULATION_OF_MITOTIC_SISTER_CHROMATID_SEGREGATION	GOBP_REGULATION_OF_MITOTIC_SISTER_CHROMATID_SEGREGATION		63	0.56717366	1.1701393	0.21353383	0.52709913	1.0	610	tags=11%, list=4%, signal=11%	
GOBP_NEGATIVE_REGULATION_OF_MEIOTIC_CELL_CYCLE	GOBP_NEGATIVE_REGULATION_OF_MEIOTIC_CELL_CYCLE		17	0.65097857	1.1699691	0.27820712	0.5271469	1.0	2539	tags=18%, list=16%, signal=21%	
GOBP_CLATHRIN_DEPENDENT_ENDOCYTOSIS	GOBP_CLATHRIN_DEPENDENT_ENDOCYTOSIS		49	0.585116	1.1699166	0.25075075	0.5269372	1.0	1789	tags=43%, list=11%, signal=48%	
GOBP_REGULATION_OF_ATP_BIOSYNTHETIC_PROCESS	GOBP_REGULATION_OF_ATP_BIOSYNTHETIC_PROCESS		19	0.6647317	1.1698147	0.26614174	0.5268217	1.0	753	tags=26%, list=5%, signal=28%	
GOBP_PROTEIN_ACETYLATION	GOBP_PROTEIN_ACETYLATION		35	0.6021578	1.1697239	0.25076452	0.5266945	1.0	3303	tags=34%, list=20%, signal=43%	
GOBP_SYNAPTIC_TRANSMISSION_GLUTAMATERGIC	GOBP_SYNAPTIC_TRANSMISSION_GLUTAMATERGIC		105	0.55269253	1.1696934	0.21696801	0.52643925	1.0	2588	tags=30%, list=16%, signal=36%	
MANNO_MIDBRAIN_NEUROTYPES_HNBML5	MANNO_MIDBRAIN_NEUROTYPES_HNBML5		402	0.5264157	1.1696723	0.17278911	0.5261783	1.0	2695	tags=28%, list=17%, signal=33%	
GOBP_GAP_JUNCTION_ASSEMBLY	GOBP_GAP_JUNCTION_ASSEMBLY		16	0.6594636	1.1696569	0.29439253	0.52589476	1.0	1199	tags=25%, list=7%, signal=27%	
GOBP_REGULATION_OF_BONE_REMODELING	GOBP_REGULATION_OF_BONE_REMODELING		44	0.577137	1.1696272	0.2538787	0.52564365	1.0	1580	tags=16%, list=10%, signal=18%	
GOBP_ADIPOSE_TISSUE_DEVELOPMENT	GOBP_ADIPOSE_TISSUE_DEVELOPMENT		75	0.5720709	1.1695396	0.23365785	0.52552736	1.0	1425	tags=21%, list=9%, signal=23%	
GOBP_INHIBITORY_POSTSYNAPTIC_POTENTIAL	GOBP_INHIBITORY_POSTSYNAPTIC_POTENTIAL		20	0.64739305	1.1692439	0.29312977	0.5258414	1.0	4215	tags=35%, list=26%, signal=47%	
GOBP_ANTIVIRAL_INNATE_IMMUNE_RESPONSE	GOBP_ANTIVIRAL_INNATE_IMMUNE_RESPONSE		62	0.5804105	1.1692222	0.2589928	0.52557653	1.0	1698	tags=29%, list=10%, signal=32%	
GOBP_POSITIVE_REGULATION_OF_LIPID_CATABOLIC_PROCESS	GOBP_POSITIVE_REGULATION_OF_LIPID_CATABOLIC_PROCESS		20	0.64382386	1.1688048	0.2833828	0.5261766	1.0	2791	tags=30%, list=17%, signal=36%	
GOBP_REGULATION_OF_CLATHRIN_DEPENDENT_ENDOCYTOSIS	GOBP_REGULATION_OF_CLATHRIN_DEPENDENT_ENDOCYTOSIS		17	0.64900696	1.1687192	0.2949757	0.5260377	1.0	1616	tags=41%, list=10%, signal=46%	
GOBP_CELLULAR_COMPONENT_DISASSEMBLY	GOBP_CELLULAR_COMPONENT_DISASSEMBLY		443	0.5219688	1.1684693	0.16735254	0.52626276	1.0	1687	tags=20%, list=10%, signal=22%	
GOBP_ASYMMETRIC_CELL_DIVISION	GOBP_ASYMMETRIC_CELL_DIVISION		17	0.65657324	1.1682917	0.29042387	0.5263158	1.0	820	tags=12%, list=5%, signal=12%	
GOBP_NEGATIVE_REGULATION_OF_NUCLEOTIDE_CATABOLIC_PROCESS	GOBP_NEGATIVE_REGULATION_OF_NUCLEOTIDE_CATABOLIC_PROCESS		18	0.6413601	1.1678987	0.2857143	0.52679294	1.0	1775	tags=22%, list=11%, signal=25%	
GOBP_GLUCOSE_METABOLIC_PROCESS	GOBP_GLUCOSE_METABOLIC_PROCESS		174	0.5410035	1.1676304	0.20448549	0.52706516	1.0	1756	tags=24%, list=11%, signal=26%	
GOBP_POSITIVE_REGULATION_OF_SYNCYTIUM_FORMATION_BY_PLASMA_MEMBRANE_FUSION	GOBP_POSITIVE_REGULATION_OF_SYNCYTIUM_FORMATION_BY_PLASMA_MEMBRANE_FUSION		19	0.635163	1.1669904	0.27850163	0.5280932	1.0	793	tags=16%, list=5%, signal=17%	
GOBP_GONADOTROPIN_SECRETION	GOBP_GONADOTROPIN_SECRETION		15	0.6657196	1.1667155	0.2753623	0.52832747	1.0	151	tags=7%, list=1%, signal=7%	
GOBP_DEVELOPMENTAL_MATURATION	GOBP_DEVELOPMENTAL_MATURATION		293	0.5335231	1.166707	0.19040902	0.52803504	1.0	1326	tags=16%, list=8%, signal=17%	
GOBP_POSITIVE_REGULATION_OF_PROTEIN_UBIQUITINATION	GOBP_POSITIVE_REGULATION_OF_PROTEIN_UBIQUITINATION		98	0.54372543	1.1663663	0.2553802	0.52842605	1.0	1894	tags=20%, list=12%, signal=23%	
GOBP_POSITIVE_REGULATION_OF_MOLECULAR_FUNCTION	GOBP_POSITIVE_REGULATION_OF_MOLECULAR_FUNCTION		424	0.51122624	1.1663594	0.18449198	0.5281347	1.0	2038	tags=20%, list=13%, signal=23%	
GOBP_CARDIAC_MUSCLE_CONTRACTION	GOBP_CARDIAC_MUSCLE_CONTRACTION		132	0.54840845	1.165012	0.22881356	0.5306387	1.0	1241	tags=15%, list=8%, signal=16%	
KEGG_MEDICUS_VARIANT_MUTATION_INACTIVATED_ATP1A1_TO_ANGIOTENSIN_ALDOSTERONE_SIGNALING_PATHWAY	KEGG_MEDICUS_VARIANT_MUTATION_INACTIVATED_ATP1A1_TO_ANGIOTENSIN_ALDOSTERONE_SIGNALING_PATHWAY		22	0.62727386	1.1648852	0.2876923	0.5306053	1.0	1396	tags=32%, list=9%, signal=35%	
GOBP_NEGATIVE_REGULATION_OF_MITOTIC_CELL_CYCLE	GOBP_NEGATIVE_REGULATION_OF_MITOTIC_CELL_CYCLE		221	0.52589995	1.1648763	0.20588236	0.5303132	1.0	1955	tags=14%, list=12%, signal=15%	
JIANG_AGING_CEREBRAL_CORTEX_UP	JIANG_AGING_CEREBRAL_CORTEX_UP		31	0.59693485	1.1645368	0.27194244	0.5307343	1.0	886	tags=19%, list=5%, signal=20%	
GOBP_POSITIVE_REGULATION_OF_PROTEIN_SECRETION	GOBP_POSITIVE_REGULATION_OF_PROTEIN_SECRETION		122	0.54399204	1.1644112	0.21685083	0.53070825	1.0	1586	tags=17%, list=10%, signal=19%	
GOBP_MICROGLIA_DIFFERENTIATION	GOBP_MICROGLIA_DIFFERENTIATION		16	0.6586824	1.1643304	0.2955975	0.5305743	1.0	814	tags=25%, list=5%, signal=26%	
GOBP_POSITIVE_REGULATION_OF_POTASSIUM_ION_TRANSPORT	GOBP_POSITIVE_REGULATION_OF_POTASSIUM_ION_TRANSPORT		29	0.6184503	1.1641948	0.2688331	0.5305587	1.0	968	tags=21%, list=6%, signal=22%	
GOBP_POSITIVE_REGULATION_OF_CATION_CHANNEL_ACTIVITY	GOBP_POSITIVE_REGULATION_OF_CATION_CHANNEL_ACTIVITY		18	0.63480085	1.1640702	0.28846154	0.5305166	1.0	1380	tags=17%, list=8%, signal=18%	
GOBP_T_HELPER_17_TYPE_IMMUNE_RESPONSE	GOBP_T_HELPER_17_TYPE_IMMUNE_RESPONSE		67	0.56888396	1.1635386	0.25467625	0.531269	1.0	2321	tags=28%, list=14%, signal=33%	
DESCARTES_MAIN_FETAL_PHOTORECEPTOR_CELLS	DESCARTES_MAIN_FETAL_PHOTORECEPTOR_CELLS		17	0.6569637	1.1626809	0.2846154	0.53277785	1.0	379	tags=6%, list=2%, signal=6%	
GOBP_REGULATION_OF_POSTSYNAPSE_ASSEMBLY	GOBP_REGULATION_OF_POSTSYNAPSE_ASSEMBLY		43	0.5824747	1.1625531	0.26756352	0.53274494	1.0	1049	tags=21%, list=6%, signal=22%	
GOBP_PHOSPHATIDYLINOSITOL_BIOSYNTHETIC_PROCESS	GOBP_PHOSPHATIDYLINOSITOL_BIOSYNTHETIC_PROCESS		115	0.5386119	1.1624314	0.22089553	0.5326889	1.0	2700	tags=24%, list=17%, signal=29%	
GOBP_DECIDUALIZATION	GOBP_DECIDUALIZATION		22	0.62867665	1.162369	0.27733755	0.5325219	1.0	803	tags=23%, list=5%, signal=24%	
ZHANG_2005_SYRACUSELOWAVOIDANCERATS_DOWNREGULATED_HC	ZHANG_2005_SYRACUSELOWAVOIDANCERATS_DOWNREGULATED_HC		15	0.6623853	1.1621865	0.2854985	0.5326027	1.0	365	tags=33%, list=2%, signal=34%	
KEGG_NOTCH_SIGNALING_PATHWAY	KEGG_NOTCH_SIGNALING_PATHWAY		46	0.57537013	1.1618907	0.26409495	0.5329303	1.0	1866	tags=20%, list=11%, signal=22%	
GOBP_POSTSYNAPTIC_NEUROTRANSMITTER_RECEPTOR_INTERNALIZATION	GOBP_POSTSYNAPTIC_NEUROTRANSMITTER_RECEPTOR_INTERNALIZATION		34	0.61765474	1.1618258	0.2696456	0.53276587	1.0	2381	tags=35%, list=15%, signal=41%	
DURANTE_ADULT_OLFACTORY_NEUROEPITHELIUM_OLFACTORY_ENSHEATHING_GLIA	DURANTE_ADULT_OLFACTORY_NEUROEPITHELIUM_OLFACTORY_ENSHEATHING_GLIA		98	0.54997313	1.1616911	0.23976608	0.5327256	1.0	516	tags=16%, list=3%, signal=17%	
GOBP_LIPOPROTEIN_BIOSYNTHETIC_PROCESS	GOBP_LIPOPROTEIN_BIOSYNTHETIC_PROCESS		45	0.5733491	1.1614593	0.2521994	0.5328994	1.0	126	tags=4%, list=1%, signal=4%	
GOBP_PROTEIN_TARGETING	GOBP_PROTEIN_TARGETING		277	0.52970165	1.1612847	0.19485791	0.53294474	1.0	2009	tags=21%, list=12%, signal=23%	
GOBP_AXON_DEVELOPMENT	GOBP_AXON_DEVELOPMENT		479	0.51411545	1.1610804	0.16826266	0.5330564	1.0	1915	tags=24%, list=12%, signal=26%	
GOBP_NEGATIVE_REGULATION_OF_CARBOHYDRATE_METABOLIC_PROCESS	GOBP_NEGATIVE_REGULATION_OF_CARBOHYDRATE_METABOLIC_PROCESS		43	0.57817465	1.1609489	0.27851853	0.53301126	1.0	1775	tags=21%, list=11%, signal=23%	
GOBP_ENDOCRINE_HORMONE_SECRETION	GOBP_ENDOCRINE_HORMONE_SECRETION		51	0.57932186	1.1602443	0.26804122	0.53416413	1.0	2180	tags=24%, list=13%, signal=27%	
GOBP_INSULIN_RECEPTOR_SIGNALING_PATHWAY	GOBP_INSULIN_RECEPTOR_SIGNALING_PATHWAY		124	0.53824806	1.1592146	0.23842917	0.5360644	1.0	2362	tags=31%, list=15%, signal=37%	
GOBP_REGULATION_OF_VASOCONSTRICTION	GOBP_REGULATION_OF_VASOCONSTRICTION		58	0.5733357	1.1586531	0.24153167	0.5369378	1.0	1403	tags=14%, list=9%, signal=15%	
GOBP_REGULATION_OF_RELEASE_OF_SEQUESTERED_CALCIUM_ION_INTO_CYTOSOL_BY_SARCOPLASMIC_RETICULUM	GOBP_REGULATION_OF_RELEASE_OF_SEQUESTERED_CALCIUM_ION_INTO_CYTOSOL_BY_SARCOPLASMIC_RETICULUM		31	0.60219306	1.1585449	0.2893553	0.5368649	1.0	1039	tags=19%, list=6%, signal=21%	
GOBP_FIBROBLAST_MIGRATION	GOBP_FIBROBLAST_MIGRATION		49	0.5875563	1.1584918	0.25974026	0.53667426	1.0	1058	tags=22%, list=7%, signal=24%	
GOBP_REGULATION_OF_GENERATION_OF_PRECURSOR_METABOLITES_AND_ENERGY	GOBP_REGULATION_OF_GENERATION_OF_PRECURSOR_METABOLITES_AND_ENERGY		122	0.54531515	1.157721	0.23613086	0.5380289	1.0	1775	tags=21%, list=11%, signal=24%	
GOBP_MAGNESIUM_ION_TRANSPORT	GOBP_MAGNESIUM_ION_TRANSPORT		20	0.6483129	1.1574771	0.28548387	0.5382234	1.0	2980	tags=35%, list=18%, signal=43%	
GOBP_PROTEIN_LOCALIZATION_TO_POSTSYNAPSE	GOBP_PROTEIN_LOCALIZATION_TO_POSTSYNAPSE		55	0.5776938	1.1574715	0.23667711	0.537921	1.0	1927	tags=24%, list=12%, signal=27%	
GOBP_SYMBIONT_ENTRY_INTO_HOST	GOBP_SYMBIONT_ENTRY_INTO_HOST		114	0.543496	1.1564379	0.22413793	0.5398245	1.0	1487	tags=22%, list=9%, signal=24%	
GOBP_REGULATION_OF_FLAGELLATED_SPERM_MOTILITY	GOBP_REGULATION_OF_FLAGELLATED_SPERM_MOTILITY		15	0.653045	1.1563743	0.29310346	0.5396555	1.0	515	tags=7%, list=3%, signal=7%	
GOBP_RESPONSE_TO_KETONE	GOBP_RESPONSE_TO_KETONE		192	0.53758526	1.1562235	0.23809524	0.5396553	1.0	1785	tags=26%, list=11%, signal=28%	
GOBP_DEPHOSPHORYLATION	GOBP_DEPHOSPHORYLATION		141	0.5345306	1.1562178	0.22714682	0.53935784	1.0	2304	tags=24%, list=14%, signal=28%	
GOBP_VASODILATION	GOBP_VASODILATION		51	0.58056206	1.1555326	0.26131386	0.5404521	1.0	18	tags=2%, list=0%, signal=2%	
GOBP_MRNA_CATABOLIC_PROCESS	GOBP_MRNA_CATABOLIC_PROCESS		267	0.53066814	1.1554294	0.20604396	0.5403648	1.0	2918	tags=32%, list=18%, signal=39%	
GOBP_CYTOKINESIS	GOBP_CYTOKINESIS		177	0.5254317	1.1553122	0.24896266	0.5403108	1.0	1689	tags=20%, list=10%, signal=22%	
GOBP_SOMATIC_DIVERSIFICATION_OF_IMMUNOGLOBULINS	GOBP_SOMATIC_DIVERSIFICATION_OF_IMMUNOGLOBULINS		64	0.56759316	1.1551939	0.23100305	0.5402608	1.0	3101	tags=30%, list=19%, signal=37%	
GOBP_ANATOMICAL_STRUCTURE_MATURATION	GOBP_ANATOMICAL_STRUCTURE_MATURATION		220	0.5222846	1.1550124	0.21448468	0.5403502	1.0	1326	tags=12%, list=8%, signal=13%	
GOBP_REGULATION_OF_SYNAPSE_MATURATION	GOBP_REGULATION_OF_SYNAPSE_MATURATION		28	0.6125149	1.154666	0.30757576	0.5408092	1.0	1957	tags=36%, list=12%, signal=41%	
GOBP_NEURONAL_ACTION_POTENTIAL	GOBP_NEURONAL_ACTION_POTENTIAL		37	0.59312713	1.1546547	0.2828746	0.5405338	1.0	1107	tags=19%, list=7%, signal=20%	
GOBP_MITOTIC_CHROMOSOME_CONDENSATION	GOBP_MITOTIC_CHROMOSOME_CONDENSATION		18	0.64387953	1.1543604	0.29641184	0.54084796	1.0	3192	tags=44%, list=20%, signal=55%	
GOBP_NEURON_PROJECTION_EXTENSION	GOBP_NEURON_PROJECTION_EXTENSION		161	0.5277653	1.154332	0.23291492	0.5406046	1.0	2130	tags=29%, list=13%, signal=33%	
GOBP_CYTOSKELETON_DEPENDENT_CYTOKINESIS	GOBP_CYTOSKELETON_DEPENDENT_CYTOKINESIS		122	0.5364289	1.1539341	0.24714285	0.5411312	1.0	2020	tags=25%, list=12%, signal=28%	
GOBP_T_HELPER_1_CELL_DIFFERENTIATION	GOBP_T_HELPER_1_CELL_DIFFERENTIATION		36	0.58181876	1.1537634	0.2781155	0.54119503	1.0	1560	tags=28%, list=10%, signal=31%	
GOBP_REGULATION_OF_PROTEOLYSIS_INVOLVED_IN_PROTEIN_CATABOLIC_PROCESS	GOBP_REGULATION_OF_PROTEOLYSIS_INVOLVED_IN_PROTEIN_CATABOLIC_PROCESS		254	0.53025734	1.1527797	0.2109589	0.54293126	1.0	1373	tags=14%, list=8%, signal=15%	
GOBP_MODULATION_OF_EXCITATORY_POSTSYNAPTIC_POTENTIAL	GOBP_MODULATION_OF_EXCITATORY_POSTSYNAPTIC_POTENTIAL		52	0.577963	1.1527126	0.25697502	0.54274386	1.0	1870	tags=29%, list=11%, signal=32%	
GOBP_REGULATION_OF_RNA_SPLICING	GOBP_REGULATION_OF_RNA_SPLICING		188	0.5172108	1.1526511	0.21823205	0.54256046	1.0	2218	tags=26%, list=14%, signal=30%	
GEMMA_GSE109315_GENE_EXPRESSION_ANALYSIS_OF_MOUSE_BRAIN_REGIONS_AFTER_CHRONIC_SOCIAL_DEFEAT_STRESS_(CSDS)_PHENOTYPE_SUSCEPTIBLE.TO.CHRONIC.SOCIAL.DEFEAT.STRESS_DOWN	GEMMA_GSE109315_GENE_EXPRESSION_ANALYSIS_OF_MOUSE_BRAIN_REGIONS_AFTER_CHRONIC_SOCIAL_DEFEAT_STRESS_(CSDS)_PHENOTYPE_SUSCEPTIBLE.TO.CHRONIC.SOCIAL.DEFEAT.STRESS_DOWN		326	0.5199159	1.1526253	0.18169399	0.5422911	1.0	2564	tags=30%, list=16%, signal=35%	
GOBP_REGULATION_OF_SECONDARY_METABOLIC_PROCESS	GOBP_REGULATION_OF_SECONDARY_METABOLIC_PROCESS		16	0.65940803	1.1524032	0.28482002	0.54249424	1.0	2384	tags=31%, list=15%, signal=37%	
CEMBROWSKI_HIPPOSEQ_DG_D__VS__DG_V	CEMBROWSKI_HIPPOSEQ_DG_D__VS__DG_V		33	0.6006572	1.1517693	0.27503738	0.54354614	1.0	4366	tags=67%, list=27%, signal=91%	
GOBP_NEGATIVE_REGULATION_OF_RNA_CATABOLIC_PROCESS	GOBP_NEGATIVE_REGULATION_OF_RNA_CATABOLIC_PROCESS		91	0.54797447	1.1516856	0.23665224	0.54340833	1.0	2110	tags=26%, list=13%, signal=30%	
GOBP_PRE_MIRNA_PROCESSING	GOBP_PRE_MIRNA_PROCESSING		15	0.65710884	1.151457	0.31455398	0.5435923	1.0	2796	tags=33%, list=17%, signal=40%	
KEGG_FC_EPSILON_RI_SIGNALING_PATHWAY	KEGG_FC_EPSILON_RI_SIGNALING_PATHWAY		67	0.5587478	1.1514145	0.27272728	0.5433861	1.0	1288	tags=27%, list=8%, signal=29%	
GOBP_FILOPODIUM_ASSEMBLY	GOBP_FILOPODIUM_ASSEMBLY		65	0.5637218	1.1513561	0.24495678	0.54318404	1.0	1616	tags=35%, list=10%, signal=39%	
GOBP_RESPONSE_TO_MURAMYL_DIPEPTIDE	GOBP_RESPONSE_TO_MURAMYL_DIPEPTIDE		21	0.6320695	1.151322	0.2767584	0.5429426	1.0	1894	tags=43%, list=12%, signal=48%	
GOBP_REGULATION_OF_AXONOGENESIS	GOBP_REGULATION_OF_AXONOGENESIS		138	0.5243922	1.1511264	0.24074075	0.5430364	1.0	1883	tags=30%, list=12%, signal=34%	
GOBP_REGULATION_OF_FEEDING_BEHAVIOR	GOBP_REGULATION_OF_FEEDING_BEHAVIOR		24	0.61545265	1.1508305	0.2927215	0.5433754	1.0	3295	tags=29%, list=20%, signal=37%	
GOBP_SPINDLE_ORGANIZATION	GOBP_SPINDLE_ORGANIZATION		203	0.5197512	1.1506182	0.22222222	0.54353034	1.0	1547	tags=15%, list=10%, signal=16%	
GOBP_REGULATION_OF_CARDIAC_MUSCLE_CONTRACTION_BY_REGULATION_OF_THE_RELEASE_OF_SEQUESTERED_CALCIUM_ION	GOBP_REGULATION_OF_CARDIAC_MUSCLE_CONTRACTION_BY_REGULATION_OF_THE_RELEASE_OF_SEQUESTERED_CALCIUM_ION		22	0.6239659	1.1505481	0.30733946	0.5433744	1.0	1039	tags=23%, list=6%, signal=24%	
KEGG_TRYPTOPHAN_METABOLISM	KEGG_TRYPTOPHAN_METABOLISM		36	0.585925	1.150441	0.27515724	0.54329723	1.0	2054	tags=22%, list=13%, signal=25%	
DESCARTES_FETAL_EYE_PHOTORECEPTOR_CELLS	DESCARTES_FETAL_EYE_PHOTORECEPTOR_CELLS		17	0.6569637	1.1503932	0.31137726	0.54307204	1.0	379	tags=6%, list=2%, signal=6%	
GOBP_MRNA_PROCESSING	GOBP_MRNA_PROCESSING		470	0.5062982	1.1502588	0.20365168	0.5430432	1.0	2991	tags=26%, list=18%, signal=31%	
KEGG_INOSITOL_PHOSPHATE_METABOLISM	KEGG_INOSITOL_PHOSPHATE_METABOLISM		52	0.578693	1.1502467	0.26745912	0.54276335	1.0	2721	tags=38%, list=17%, signal=46%	
GOBP_INTERLEUKIN_1_PRODUCTION	GOBP_INTERLEUKIN_1_PRODUCTION		91	0.54750854	1.1501896	0.23687944	0.54257613	1.0	868	tags=18%, list=5%, signal=18%	
GOBP_HEART_PROCESS	GOBP_HEART_PROCESS		232	0.51329225	1.1501356	0.20721926	0.5423909	1.0	1241	tags=14%, list=8%, signal=15%	
GOBP_T_HELPER_2_CELL_DIFFERENTIATION	GOBP_T_HELPER_2_CELL_DIFFERENTIATION		17	0.64166844	1.1500505	0.30830672	0.5422791	1.0	2013	tags=24%, list=12%, signal=27%	
GEMMA_GSE47847_EARLY_LIFE_STRESS_IN_FATHERS_IMPAIRS_SYNAPTIC_PLASTICITY_IN_THE_OFFSPRING_-__BRAIN_COLLECTED_AFTER_ACUTE_SWIM_STRESS_TREATMENT_ACUTE.SWIM.STRESS_UP	GEMMA_GSE47847_EARLY_LIFE_STRESS_IN_FATHERS_IMPAIRS_SYNAPTIC_PLASTICITY_IN_THE_OFFSPRING_-__BRAIN_COLLECTED_AFTER_ACUTE_SWIM_STRESS_TREATMENT_ACUTE.SWIM.STRESS_UP		291	0.5220946	1.1499184	0.20112517	0.5422497	1.0	2544	tags=31%, list=16%, signal=36%	
GOBP_NUCLEOSIDE_TRIPHOSPHATE_BIOSYNTHETIC_PROCESS	GOBP_NUCLEOSIDE_TRIPHOSPHATE_BIOSYNTHETIC_PROCESS		118	0.5385137	1.14973	0.25759768	0.5423261	1.0	1274	tags=15%, list=8%, signal=16%	
GOBP_REGULATION_OF_PROTEOLYSIS	GOBP_REGULATION_OF_PROTEOLYSIS		370	0.5139898	1.1492307	0.18039773	0.54307425	1.0	1378	tags=14%, list=8%, signal=15%	
GOBP_REGULATION_OF_VASCULATURE_DEVELOPMENT	GOBP_REGULATION_OF_VASCULATURE_DEVELOPMENT		270	0.51650894	1.1490347	0.20341393	0.5431896	1.0	1306	tags=18%, list=8%, signal=19%	
GOBP_POSITIVE_REGULATION_OF_SODIUM_ION_TRANSPORT	GOBP_POSITIVE_REGULATION_OF_SODIUM_ION_TRANSPORT		29	0.60411173	1.1489679	0.28208956	0.54302835	1.0	2257	tags=45%, list=14%, signal=52%	
GOBP_POSITIVE_REGULATION_OF_TYPE_II_INTERFERON_PRODUCTION	GOBP_POSITIVE_REGULATION_OF_TYPE_II_INTERFERON_PRODUCTION		77	0.5520254	1.1487343	0.23726347	0.54322535	1.0	2854	tags=34%, list=18%, signal=41%	
BLALOCK_ALZHEIMERS_DISEASE_INCIPIENT_UP	BLALOCK_ALZHEIMERS_DISEASE_INCIPIENT_UP		324	0.5063722	1.148431	0.19187675	0.54358286	1.0	1615	tags=20%, list=10%, signal=21%	
GOBP_NEGATIVE_REGULATION_OF_NERVOUS_SYSTEM_PROCESS	GOBP_NEGATIVE_REGULATION_OF_NERVOUS_SYSTEM_PROCESS		15	0.65065	1.148429	0.2944882	0.5432827	1.0	96	tags=7%, list=1%, signal=7%	
GOBP_CELLULAR_RESPONSE_TO_UNFOLDED_PROTEIN	GOBP_CELLULAR_RESPONSE_TO_UNFOLDED_PROTEIN		103	0.53634965	1.1482455	0.24092889	0.5434193	1.0	1813	tags=17%, list=11%, signal=20%	
GOBP_EPITHELIAL_CELL_DEVELOPMENT	GOBP_EPITHELIAL_CELL_DEVELOPMENT		187	0.52711666	1.1481204	0.23829201	0.54336625	1.0	2114	tags=23%, list=13%, signal=26%	
GOBP_REGULATION_OF_NEURON_APOPTOTIC_PROCESS	GOBP_REGULATION_OF_NEURON_APOPTOTIC_PROCESS		227	0.51617074	1.1480404	0.22802198	0.5432202	1.0	1468	tags=21%, list=9%, signal=22%	
GOBP_NECROPTOTIC_PROCESS	GOBP_NECROPTOTIC_PROCESS		42	0.59256464	1.1479714	0.27433628	0.5430703	1.0	2607	tags=43%, list=16%, signal=51%	
GOBP_SUBSTANTIA_NIGRA_DEVELOPMENT	GOBP_SUBSTANTIA_NIGRA_DEVELOPMENT		42	0.5798734	1.1475332	0.2837838	0.54367673	1.0	36	tags=5%, list=0%, signal=5%	
GOBP_RESPONSE_TO_STEROL_DEPLETION	GOBP_RESPONSE_TO_STEROL_DEPLETION		18	0.63613504	1.1473961	0.32698414	0.54366356	1.0	2031	tags=33%, list=12%, signal=38%	
GOBP_PROTEIN_DEPHOSPHORYLATION	GOBP_PROTEIN_DEPHOSPHORYLATION		82	0.55870247	1.1473932	0.23882681	0.54336876	1.0	2304	tags=28%, list=14%, signal=33%	
GOBP_POSITIVE_REGULATION_OF_PROTEIN_TRANSPORT	GOBP_POSITIVE_REGULATION_OF_PROTEIN_TRANSPORT		223	0.5160089	1.1471347	0.23789765	0.5436267	1.0	1612	tags=17%, list=10%, signal=19%	
GOBP_AXO_DENDRITIC_TRANSPORT	GOBP_AXO_DENDRITIC_TRANSPORT		82	0.5536523	1.1469142	0.24233577	0.5437724	1.0	956	tags=20%, list=6%, signal=21%	
GOBP_DENDRITIC_SPINE_MAINTENANCE	GOBP_DENDRITIC_SPINE_MAINTENANCE		22	0.62002903	1.1460155	0.3078125	0.5453649	1.0	70	tags=9%, list=0%, signal=9%	
GOBP_REGULATION_OF_DENDRITIC_SPINE_DEVELOPMENT	GOBP_REGULATION_OF_DENDRITIC_SPINE_DEVELOPMENT		53	0.5676089	1.1458149	0.27433628	0.5454805	1.0	1491	tags=21%, list=9%, signal=23%	
MCCLUNG_COCAINE_REWARD_5D	MCCLUNG_COCAINE_REWARD_5D		66	0.5663436	1.1453224	0.251497	0.5461894	1.0	1719	tags=27%, list=11%, signal=30%	
WHITE_NEUROBLASTOMA_WITH_1P36.3_DELETION	WHITE_NEUROBLASTOMA_WITH_1P36.3_DELETION		18	0.6298728	1.1451933	0.32142857	0.5461356	1.0	1216	tags=17%, list=7%, signal=18%	
GOBP_INORGANIC_ANION_TRANSPORT	GOBP_INORGANIC_ANION_TRANSPORT		137	0.5223104	1.1445577	0.23163842	0.5471532	1.0	2252	tags=16%, list=14%, signal=18%	
GOBP_REGULATION_OF_DEFENSE_RESPONSE_TO_VIRUS_BY_HOST	GOBP_REGULATION_OF_DEFENSE_RESPONSE_TO_VIRUS_BY_HOST		38	0.58075404	1.143871	0.29017857	0.54831094	1.0	1734	tags=26%, list=11%, signal=29%	
GOBP_ANDROGEN_RECEPTOR_SIGNALING_PATHWAY	GOBP_ANDROGEN_RECEPTOR_SIGNALING_PATHWAY		43	0.5811851	1.1434875	0.26976743	0.54882175	1.0	1776	tags=37%, list=11%, signal=42%	
HU_FETAL_RETINA_RPE	HU_FETAL_RETINA_RPE		231	0.51192683	1.1434596	0.22770919	0.54857445	1.0	602	tags=10%, list=4%, signal=11%	
GOBP_PROTEIN_LOCALIZATION_TO_ENDOSOME	GOBP_PROTEIN_LOCALIZATION_TO_ENDOSOME		27	0.6029987	1.1428651	0.31587303	0.5495262	1.0	925	tags=26%, list=6%, signal=27%	
GOBP_RESPONSE_TO_NUTRIENT_LEVELS	GOBP_RESPONSE_TO_NUTRIENT_LEVELS		439	0.5135673	1.1424974	0.1880109	0.5499743	1.0	1872	tags=20%, list=12%, signal=22%	
GOBP_SNARE_COMPLEX_ASSEMBLY	GOBP_SNARE_COMPLEX_ASSEMBLY		23	0.6033793	1.1424108	0.31603053	0.5498476	1.0	2102	tags=30%, list=13%, signal=35%	
GOBP_REGULATION_OF_MONOATOMIC_ION_TRANSMEMBRANE_TRANSPORT	GOBP_REGULATION_OF_MONOATOMIC_ION_TRANSMEMBRANE_TRANSPORT		244	0.5218136	1.1422253	0.22544952	0.54993904	1.0	1652	tags=21%, list=10%, signal=23%	
GOBP_REGULATION_OF_CELLULAR_RESPONSE_TO_INSULIN_STIMULUS	GOBP_REGULATION_OF_CELLULAR_RESPONSE_TO_INSULIN_STIMULUS		69	0.55265	1.1419474	0.28023598	0.55021405	1.0	1402	tags=25%, list=9%, signal=27%	
GOBP_REGULATION_OF_HAIR_FOLLICLE_DEVELOPMENT	GOBP_REGULATION_OF_HAIR_FOLLICLE_DEVELOPMENT		16	0.63770807	1.1418868	0.3369735	0.5500441	1.0	1874	tags=19%, list=12%, signal=21%	
GOBP_REGULATION_OF_TUMOR_NECROSIS_FACTOR_MEDIATED_SIGNALING_PATHWAY	GOBP_REGULATION_OF_TUMOR_NECROSIS_FACTOR_MEDIATED_SIGNALING_PATHWAY		59	0.56265277	1.1412207	0.2599119	0.5511352	1.0	2159	tags=34%, list=13%, signal=39%	
GEMMA_GSE140287_HIPPOCAMPAL_GENE_EXPRESSION_IN_BRED_HIGH_RESPONDER_(BHR)_VS._BRED_LOW_RESPONDER_(BLR)_RATS:_RNA-SEQ_DATA_FROM_GENERATION_F43_PHENOTYPE_BRED.HIGH.RESPONDER.BHR._UP	GEMMA_GSE140287_HIPPOCAMPAL_GENE_EXPRESSION_IN_BRED_HIGH_RESPONDER_(BHR)_VS._BRED_LOW_RESPONDER_(BLR)_RATS:_RNA-SEQ_DATA_FROM_GENERATION_F43_PHENOTYPE_BRED.HIGH.RESPONDER.BHR._UP		34	0.602417	1.1411436	0.30074075	0.550996	1.0	2344	tags=29%, list=14%, signal=34%	
GOBP_RNA_EXPORT_FROM_NUCLEUS	GOBP_RNA_EXPORT_FROM_NUCLEUS		85	0.548413	1.1410518	0.25722542	0.5508903	1.0	2663	tags=31%, list=16%, signal=36%	
GOBP_REGULATION_OF_INTRACELLULAR_ESTROGEN_RECEPTOR_SIGNALING_PATHWAY	GOBP_REGULATION_OF_INTRACELLULAR_ESTROGEN_RECEPTOR_SIGNALING_PATHWAY		32	0.59570724	1.1409663	0.27718222	0.5507639	1.0	1987	tags=25%, list=12%, signal=28%	
GOBP_REGULATION_OF_PHOSPHORYLATION	GOBP_REGULATION_OF_PHOSPHORYLATION		393	0.51204973	1.1408837	0.19092123	0.5506231	1.0	1995	tags=20%, list=12%, signal=23%	
GOBP_INTRACELLULAR_GLUCOSE_HOMEOSTASIS	GOBP_INTRACELLULAR_GLUCOSE_HOMEOSTASIS		129	0.52932334	1.1408001	0.2413793	0.55048406	1.0	1638	tags=23%, list=10%, signal=26%	
GOBP_NEURAL_NUCLEUS_DEVELOPMENT	GOBP_NEURAL_NUCLEUS_DEVELOPMENT		59	0.56415206	1.1407151	0.28424153	0.5503538	1.0	36	tags=3%, list=0%, signal=3%	
GOBP_PRIMARY_MIRNA_PROCESSING	GOBP_PRIMARY_MIRNA_PROCESSING		19	0.6277071	1.1406658	0.33178294	0.5501646	1.0	216	tags=11%, list=1%, signal=11%	
GOBP_IMMUNE_RESPONSE_REGULATING_CELL_SURFACE_RECEPTOR_SIGNALING_PATHWAY_INVOLVED_IN_PHAGOCYTOSIS	GOBP_IMMUNE_RESPONSE_REGULATING_CELL_SURFACE_RECEPTOR_SIGNALING_PATHWAY_INVOLVED_IN_PHAGOCYTOSIS		25	0.604981	1.1405901	0.30371568	0.55001533	1.0	1718	tags=36%, list=11%, signal=40%	
GOBP_CARDIAC_CONDUCTION_SYSTEM_DEVELOPMENT	GOBP_CARDIAC_CONDUCTION_SYSTEM_DEVELOPMENT		33	0.5939706	1.1402406	0.29085457	0.55044067	1.0	2334	tags=21%, list=14%, signal=25%	
GOBP_REGULATION_OF_EPITHELIAL_CELL_APOPTOTIC_PROCESS	GOBP_REGULATION_OF_EPITHELIAL_CELL_APOPTOTIC_PROCESS		29	0.5953761	1.1402332	0.3110749	0.5501526	1.0	1341	tags=17%, list=8%, signal=19%	
GOBP_RESPONSE_TO_INTERLEUKIN_6	GOBP_RESPONSE_TO_INTERLEUKIN_6		35	0.57091445	1.1398754	0.2846498	0.55062973	1.0	504	tags=17%, list=3%, signal=18%	
GOBP_REGULATION_OF_CELL_JUNCTION_ASSEMBLY	GOBP_REGULATION_OF_CELL_JUNCTION_ASSEMBLY		263	0.5108599	1.1395376	0.22809458	0.5510389	1.0	1093	tags=16%, list=7%, signal=16%	
COLIN_PILOCYTIC_ASTROCYTOMA_VS_GLIOBLASTOMA_DN	COLIN_PILOCYTIC_ASTROCYTOMA_VS_GLIOBLASTOMA_DN		26	0.6048766	1.1389297	0.30590063	0.5519831	1.0	568	tags=23%, list=3%, signal=24%	
GOBP_ORGANELLE_FUSION	GOBP_ORGANELLE_FUSION		172	0.5243491	1.1381826	0.23021583	0.553264	1.0	2102	tags=22%, list=13%, signal=24%	
KEGG_VASOPRESSIN_REGULATED_WATER_REABSORPTION	KEGG_VASOPRESSIN_REGULATED_WATER_REABSORPTION		36	0.5801223	1.1381551	0.27051672	0.55301553	1.0	1626	tags=31%, list=10%, signal=34%	
KEGG_PANTOTHENATE_AND_COA_BIOSYNTHESIS	KEGG_PANTOTHENATE_AND_COA_BIOSYNTHESIS		15	0.6361421	1.1381313	0.3014827	0.55276895	1.0	833	tags=13%, list=5%, signal=14%	
GOBP_REGULATION_OF_ENDOPLASMIC_RETICULUM_UNFOLDED_PROTEIN_RESPONSE	GOBP_REGULATION_OF_ENDOPLASMIC_RETICULUM_UNFOLDED_PROTEIN_RESPONSE		35	0.5833713	1.1380897	0.29710144	0.5525594	1.0	978	tags=14%, list=6%, signal=15%	
JOHNSON_2016_COEXPRESSION_HIPPOCAMPUS_HUMAN_M18	JOHNSON_2016_COEXPRESSION_HIPPOCAMPUS_HUMAN_M18		31	0.5943949	1.1380402	0.31908396	0.55236214	1.0	3552	tags=55%, list=22%, signal=70%	
GOBP_REGULATION_OF_T_HELPER_17_TYPE_IMMUNE_RESPONSE	GOBP_REGULATION_OF_T_HELPER_17_TYPE_IMMUNE_RESPONSE		33	0.5991759	1.1377041	0.30721965	0.552764	1.0	2249	tags=33%, list=14%, signal=39%	
GOBP_NEGATIVE_REGULATION_OF_CYTOKINE_PRODUCTION	GOBP_NEGATIVE_REGULATION_OF_CYTOKINE_PRODUCTION		264	0.5094555	1.137506	0.21388888	0.55287147	1.0	1479	tags=18%, list=9%, signal=20%	
GOBP_MHC_CLASS_II_BIOSYNTHETIC_PROCESS	GOBP_MHC_CLASS_II_BIOSYNTHETIC_PROCESS		17	0.6276878	1.1372833	0.31432974	0.5530529	1.0	2275	tags=35%, list=14%, signal=41%	
GEMMA_GSE10415_7_BRAIN_REGIONS_IN_20_INBRED_STRAINS_OF_LABORATORY_MICE_STRAINORLINE_PL.J_DOWN	GEMMA_GSE10415_7_BRAIN_REGIONS_IN_20_INBRED_STRAINS_OF_LABORATORY_MICE_STRAINORLINE_PL.J_DOWN		235	0.51533073	1.1372664	0.23309353	0.5527964	1.0	1947	tags=11%, list=12%, signal=12%	
GOBP_NEGATIVE_REGULATION_OF_NERVOUS_SYSTEM_DEVELOPMENT	GOBP_NEGATIVE_REGULATION_OF_NERVOUS_SYSTEM_DEVELOPMENT		126	0.5312665	1.136964	0.2657143	0.5531614	1.0	1461	tags=14%, list=9%, signal=16%	
GOBP_RESPONSE_TO_INTERLEUKIN_4	GOBP_RESPONSE_TO_INTERLEUKIN_4		38	0.5721121	1.1369606	0.3022152	0.55286735	1.0	477	tags=24%, list=3%, signal=24%	
KEGG_LONG_TERM_POTENTIATION	KEGG_LONG_TERM_POTENTIATION		65	0.56958777	1.1367564	0.26912183	0.5530368	1.0	2794	tags=45%, list=17%, signal=54%	
GOBP_POSITIVE_REGULATION_OF_VESICLE_FUSION	GOBP_POSITIVE_REGULATION_OF_VESICLE_FUSION		22	0.61774945	1.1364187	0.32192847	0.5534701	1.0	2362	tags=36%, list=15%, signal=42%	
GOBP_RESPONSE_TO_SALT	GOBP_RESPONSE_TO_SALT		24	0.6109113	1.1362857	0.33684212	0.55346155	1.0	1617	tags=33%, list=10%, signal=37%	
GOBP_REGULATION_OF_T_CELL_APOPTOTIC_PROCESS	GOBP_REGULATION_OF_T_CELL_APOPTOTIC_PROCESS		31	0.59197325	1.1343384	0.31319556	0.5571652	1.0	2522	tags=29%, list=16%, signal=34%	
GOBP_PROTEIN_BRANCHED_POLYUBIQUITINATION	GOBP_PROTEIN_BRANCHED_POLYUBIQUITINATION		18	0.6408967	1.1339523	0.32057416	0.55770344	1.0	1423	tags=22%, list=9%, signal=24%	
GOBP_IMMUNOGLOBULIN_PRODUCTION_INVOLVED_IN_IMMUNOGLOBULIN_MEDIATED_IMMUNE_RESPONSE	GOBP_IMMUNOGLOBULIN_PRODUCTION_INVOLVED_IN_IMMUNOGLOBULIN_MEDIATED_IMMUNE_RESPONSE		53	0.5716584	1.1339153	0.2740964	0.5574893	1.0	3101	tags=30%, list=19%, signal=37%	
GOBP_POSITIVE_REGULATION_OF_OSTEOCLAST_DIFFERENTIATION	GOBP_POSITIVE_REGULATION_OF_OSTEOCLAST_DIFFERENTIATION		27	0.6020948	1.1337966	0.3105023	0.5574196	1.0	2814	tags=41%, list=17%, signal=49%	
GOBP_TRANSPOSABLE_ELEMENT_SILENCING_BY_HETEROCHROMATIN_FORMATION	GOBP_TRANSPOSABLE_ELEMENT_SILENCING_BY_HETEROCHROMATIN_FORMATION		17	0.63942564	1.1335871	0.32520324	0.557533	1.0	3619	tags=35%, list=22%, signal=45%	
KEGG_NOD_LIKE_RECEPTOR_SIGNALING_PATHWAY	KEGG_NOD_LIKE_RECEPTOR_SIGNALING_PATHWAY		57	0.565539	1.1329501	0.25413534	0.5585674	1.0	3494	tags=60%, list=21%, signal=76%	
KEGG_MEDICUS_REFERENCE_CXCL12_CXCR4_PKC_ERK_SIGNALING_PATHAWAY	KEGG_MEDICUS_REFERENCE_CXCL12_CXCR4_PKC_ERK_SIGNALING_PATHAWAY		19	0.62398744	1.1324084	0.33128834	0.55942863	1.0	2794	tags=47%, list=17%, signal=57%	
GOBP_AMELOGENESIS	GOBP_AMELOGENESIS		19	0.61811763	1.1320198	0.32967034	0.5599464	1.0	1380	tags=16%, list=8%, signal=17%	
GOBP_RNA_SPLICING	GOBP_RNA_SPLICING		441	0.49816796	1.1319779	0.19692737	0.5597395	1.0	2421	tags=22%, list=15%, signal=25%	
KEGG_MEDICUS_VARIANT_MUTATION_CAUSED_ABERRANT_ABETA_TO_ELECTRON_TRANSFER_IN_COMPLEX_I	KEGG_MEDICUS_VARIANT_MUTATION_CAUSED_ABERRANT_ABETA_TO_ELECTRON_TRANSFER_IN_COMPLEX_I		49	0.57043904	1.1319276	0.28064993	0.5595361	1.0	892	tags=12%, list=5%, signal=13%	
GOBP_REGULATION_OF_PROTEIN_BINDING	GOBP_REGULATION_OF_PROTEIN_BINDING		36	0.5729139	1.1317166	0.28550074	0.5596877	1.0	1182	tags=22%, list=7%, signal=24%	
GEMMA_GSE20388_EXPRESSION_PROFILING_OF_A_GENETIC_ANIMAL_MODEL_OF_DEPRESSION_STRAINORLINE_DIISOPROPYL.FLUOROPHOSPHATE_FLINDERS.SENSITIVE.RAT_SPRAGUE.DAWLEY_SENSITIVE.TOWARD_DOWN	GEMMA_GSE20388_EXPRESSION_PROFILING_OF_A_GENETIC_ANIMAL_MODEL_OF_DEPRESSION_STRAINORLINE_DIISOPROPYL.FLUOROPHOSPHATE_FLINDERS.SENSITIVE.RAT_SPRAGUE.DAWLEY_SENSITIVE.TOWARD_DOWN		144	0.5272823	1.1316117	0.25316456	0.55959564	1.0	1150	tags=15%, list=7%, signal=16%	
GOBP_REGULATION_OF_DEVELOPMENTAL_GROWTH	GOBP_REGULATION_OF_DEVELOPMENTAL_GROWTH		279	0.5073217	1.1314738	0.22206897	0.5595934	1.0	1652	tags=19%, list=10%, signal=20%	
GOBP_REGULATION_OF_TOLL_LIKE_RECEPTOR_SIGNALING_PATHWAY	GOBP_REGULATION_OF_TOLL_LIKE_RECEPTOR_SIGNALING_PATHWAY		34	0.5790314	1.1309547	0.30107528	0.5603894	1.0	2599	tags=41%, list=16%, signal=49%	
GOBP_NEGATIVE_REGULATION_OF_WNT_SIGNALING_PATHWAY	GOBP_NEGATIVE_REGULATION_OF_WNT_SIGNALING_PATHWAY		159	0.5109792	1.1299567	0.24828532	0.5622057	1.0	1322	tags=10%, list=8%, signal=11%	
KEGG_PHOSPHATIDYLINOSITOL_SIGNALING_SYSTEM	KEGG_PHOSPHATIDYLINOSITOL_SIGNALING_SYSTEM		72	0.55233634	1.1296656	0.28592592	0.5625286	1.0	3195	tags=46%, list=20%, signal=57%	
GOBP_CELL_SURFACE_TOLL_LIKE_RECEPTOR_SIGNALING_PATHWAY	GOBP_CELL_SURFACE_TOLL_LIKE_RECEPTOR_SIGNALING_PATHWAY		66	0.55352795	1.1290232	0.2747415	0.5635661	1.0	1894	tags=30%, list=12%, signal=34%	
DROPVIZ_HC_ENDOTHELIAL_FLT1_CLUSTER-MARKERS.CSV	DROPVIZ_HC_ENDOTHELIAL_FLT1_CLUSTER-MARKERS.CSV		225	0.51602304	1.1287242	0.25487465	0.56392103	1.0	465	tags=9%, list=3%, signal=9%	
GOBP_HEART_FIELD_SPECIFICATION	GOBP_HEART_FIELD_SPECIFICATION		15	0.64493287	1.1287122	0.33487654	0.56364334	1.0	1849	tags=20%, list=11%, signal=23%	
GOBP_POSITIVE_REGULATION_OF_EPITHELIAL_CELL_MIGRATION	GOBP_POSITIVE_REGULATION_OF_EPITHELIAL_CELL_MIGRATION		43	0.5697557	1.1286234	0.2835821	0.56351215	1.0	1107	tags=26%, list=7%, signal=27%	
GOBP_REGULATION_OF_WOUND_HEALING	GOBP_REGULATION_OF_WOUND_HEALING		111	0.52586937	1.1286176	0.2536023	0.5632194	1.0	1107	tags=14%, list=7%, signal=14%	
GOBP_ESTABLISHMENT_OF_PROTEIN_LOCALIZATION_TO_CHROMOSOME	GOBP_ESTABLISHMENT_OF_PROTEIN_LOCALIZATION_TO_CHROMOSOME		21	0.6109545	1.1281863	0.3216	0.5638362	1.0	510	tags=14%, list=3%, signal=15%	
GOBP_SYNAPTIC_VESICLE_TRANSPORT	GOBP_SYNAPTIC_VESICLE_TRANSPORT		46	0.56297386	1.1273881	0.2884903	0.5652798	1.0	1879	tags=33%, list=12%, signal=37%	
GOBP_PROTEIN_TRANSMEMBRANE_IMPORT_INTO_INTRACELLULAR_ORGANELLE	GOBP_PROTEIN_TRANSMEMBRANE_IMPORT_INTO_INTRACELLULAR_ORGANELLE		15	0.64156616	1.1269313	0.34976152	0.5659462	1.0	186	tags=7%, list=1%, signal=7%	
GOBP_RESPONSE_TO_PROGESTERONE	GOBP_RESPONSE_TO_PROGESTERONE		31	0.5758659	1.1269225	0.314376	0.5656641	1.0	1754	tags=35%, list=11%, signal=40%	
GOBP_NEGATIVE_REGULATION_OF_ENDOPLASMIC_RETICULUM_UNFOLDED_PROTEIN_RESPONSE	GOBP_NEGATIVE_REGULATION_OF_ENDOPLASMIC_RETICULUM_UNFOLDED_PROTEIN_RESPONSE		21	0.61303365	1.1268141	0.33278146	0.56559014	1.0	507	tags=10%, list=3%, signal=10%	
GOBP_HORMONE_MEDIATED_SIGNALING_PATHWAY	GOBP_HORMONE_MEDIATED_SIGNALING_PATHWAY		194	0.50898755	1.1267133	0.24965706	0.5655162	1.0	1987	tags=24%, list=12%, signal=27%	
GEMMA_GSE73798_MOLECULAR_PROFILE_OF_KETAMINE_IN_COMPARISON_TO_MEMANTINE_AND_PHENCYCLIDYNE_AND_OTHER_PSYCHOTROPIC_DRUGS_[MOUSE_HIPPOCAMPUS]_TIMEPOINT_8.HOURS_UP	GEMMA_GSE73798_MOLECULAR_PROFILE_OF_KETAMINE_IN_COMPARISON_TO_MEMANTINE_AND_PHENCYCLIDYNE_AND_OTHER_PSYCHOTROPIC_DRUGS_[MOUSE_HIPPOCAMPUS]_TIMEPOINT_8.HOURS_UP		71	0.5371545	1.1263276	0.26584235	0.5660398	1.0	1614	tags=18%, list=10%, signal=20%	
GOBP_PROTEIN_K63_LINKED_UBIQUITINATION	GOBP_PROTEIN_K63_LINKED_UBIQUITINATION		67	0.54631966	1.1260718	0.3003003	0.5662478	1.0	1894	tags=24%, list=12%, signal=27%	
GOBP_INTERFERON_BETA_PRODUCTION	GOBP_INTERFERON_BETA_PRODUCTION		59	0.55138165	1.1260095	0.30028737	0.56608015	1.0	2851	tags=47%, list=18%, signal=57%	
GOBP_BLOOD_VESSEL_ENDOTHELIAL_CELL_MIGRATION	GOBP_BLOOD_VESSEL_ENDOTHELIAL_CELL_MIGRATION		116	0.5276336	1.1259859	0.25139666	0.5658179	1.0	1556	tags=18%, list=10%, signal=20%	
GOBP_NEGATIVE_REGULATION_OF_DEFENSE_RESPONSE_TO_VIRUS	GOBP_NEGATIVE_REGULATION_OF_DEFENSE_RESPONSE_TO_VIRUS		17	0.62534165	1.1258961	0.34053156	0.56571704	1.0	3797	tags=41%, list=23%, signal=54%	
GOBP_CHROMATIN_LOOPING	GOBP_CHROMATIN_LOOPING		16	0.6353158	1.1256971	0.3343949	0.565842	1.0	895	tags=19%, list=6%, signal=20%	
GOBP_RESPONSE_TO_MAGNESIUM_ION	GOBP_RESPONSE_TO_MAGNESIUM_ION		16	0.6359804	1.1252718	0.31630972	0.56636256	1.0	2112	tags=25%, list=13%, signal=29%	
GOBP_REGULATION_OF_PROTEIN_TRANSPORT	GOBP_REGULATION_OF_PROTEIN_TRANSPORT		381	0.500386	1.1252172	0.20958903	0.5661709	1.0	1612	tags=18%, list=10%, signal=19%	
GOBP_NEGATIVE_REGULATION_OF_CELL_CYCLE	GOBP_NEGATIVE_REGULATION_OF_CELL_CYCLE		357	0.5011919	1.1248921	0.21991701	0.56653047	1.0	1986	tags=13%, list=12%, signal=15%	
GOBP_POSITIVE_REGULATION_OF_SPROUTING_ANGIOGENESIS	GOBP_POSITIVE_REGULATION_OF_SPROUTING_ANGIOGENESIS		20	0.62040466	1.1245588	0.31595576	0.5669203	1.0	317	tags=15%, list=2%, signal=15%	
GOBP_CHROMOSOME_ORGANIZATION_INVOLVED_IN_MEIOTIC_CELL_CYCLE	GOBP_CHROMOSOME_ORGANIZATION_INVOLVED_IN_MEIOTIC_CELL_CYCLE		50	0.5529846	1.1238097	0.30890805	0.5681931	1.0	3684	tags=18%, list=23%, signal=23%	
GOBP_ZINC_ION_TRANSPORT	GOBP_ZINC_ION_TRANSPORT		31	0.59669	1.1232982	0.31415242	0.5689579	1.0	2630	tags=35%, list=16%, signal=42%	
GOBP_REGULATION_OF_NON_CANONICAL_NF_KAPPAB_SIGNAL_TRANSDUCTION	GOBP_REGULATION_OF_NON_CANONICAL_NF_KAPPAB_SIGNAL_TRANSDUCTION		87	0.53837603	1.1232841	0.26136363	0.5686856	1.0	2922	tags=38%, list=18%, signal=46%	
ANDRUS_2012_WISTARMOREIMMOBILERATS_UPREGULATED_HC	ANDRUS_2012_WISTARMOREIMMOBILERATS_UPREGULATED_HC		173	0.51434654	1.1232202	0.24761905	0.5685193	1.0	2276	tags=24%, list=14%, signal=28%	
GOBP_REGULATION_OF_MRNA_PROCESSING	GOBP_REGULATION_OF_MRNA_PROCESSING		138	0.52057624	1.1231071	0.26886144	0.5684573	1.0	2400	tags=30%, list=15%, signal=35%	
GOBP_RESPONSE_TO_OSMOTIC_STRESS	GOBP_RESPONSE_TO_OSMOTIC_STRESS		82	0.5415152	1.1229719	0.26124817	0.5684436	1.0	2681	tags=37%, list=16%, signal=44%	
GOBP_POSITIVE_REGULATION_OF_NON_CANONICAL_NF_KAPPAB_SIGNAL_TRANSDUCTION	GOBP_POSITIVE_REGULATION_OF_NON_CANONICAL_NF_KAPPAB_SIGNAL_TRANSDUCTION		58	0.55585754	1.1228296	0.2993921	0.56842893	1.0	1060	tags=19%, list=7%, signal=20%	
GOBP_ESTABLISHMENT_OF_CELL_POLARITY	GOBP_ESTABLISHMENT_OF_CELL_POLARITY		151	0.518976	1.1227597	0.27207977	0.5682797	1.0	1182	tags=15%, list=7%, signal=16%	
GOBP_REGULATION_OF_INTEGRIN_ACTIVATION	GOBP_REGULATION_OF_INTEGRIN_ACTIVATION		16	0.64306366	1.122639	0.35691318	0.56825525	1.0	119	tags=13%, list=1%, signal=13%	
GOBP_NEGATIVE_REGULATION_OF_MRNA_METABOLIC_PROCESS	GOBP_NEGATIVE_REGULATION_OF_MRNA_METABOLIC_PROCESS		112	0.5375988	1.122542	0.27705628	0.5681636	1.0	2110	tags=28%, list=13%, signal=32%	
GOBP_THYMOCYTE_APOPTOTIC_PROCESS	GOBP_THYMOCYTE_APOPTOTIC_PROCESS		16	0.6378023	1.1225067	0.34991974	0.56793344	1.0	1743	tags=25%, list=11%, signal=28%	
GOBP_T_CELL_APOPTOTIC_PROCESS	GOBP_T_CELL_APOPTOTIC_PROCESS		48	0.5618792	1.1224401	0.3011696	0.5677754	1.0	2522	tags=29%, list=16%, signal=34%	
GOBP_REGULATION_OF_EPIDERMIS_DEVELOPMENT	GOBP_REGULATION_OF_EPIDERMIS_DEVELOPMENT		53	0.5472215	1.1224378	0.28655836	0.5674795	1.0	2654	tags=28%, list=16%, signal=34%	
HALLMARK_ANDROGEN_RESPONSE	HALLMARK_ANDROGEN_RESPONSE		93	0.5335889	1.1222384	0.28197673	0.5675691	1.0	1102	tags=14%, list=7%, signal=15%	
GOBP_RESPONSE_TO_DSRNA	GOBP_RESPONSE_TO_DSRNA		37	0.57587945	1.1222093	0.31643626	0.5673308	1.0	2851	tags=32%, list=18%, signal=39%	
GOBP_PEROXISOMAL_TRANSPORT	GOBP_PEROXISOMAL_TRANSPORT		21	0.60250896	1.1219819	0.33834586	0.5675313	1.0	555	tags=10%, list=3%, signal=10%	
GOBP_POSITIVE_REGULATION_OF_AXONOGENESIS	GOBP_POSITIVE_REGULATION_OF_AXONOGENESIS		74	0.53500336	1.1195241	0.27878788	0.57238674	1.0	1139	tags=26%, list=7%, signal=27%	
HALLMARK_HYPOXIA	HALLMARK_HYPOXIA		182	0.513359	1.1192591	0.2682927	0.57264453	1.0	1520	tags=23%, list=9%, signal=25%	
GOBP_REGULATION_OF_URINE_VOLUME	GOBP_REGULATION_OF_URINE_VOLUME		16	0.62403554	1.1191423	0.351227	0.57262015	1.0	191	tags=6%, list=1%, signal=6%	
OKAWA_NEUROBLASTOMA_1P36_31_DELETION	OKAWA_NEUROBLASTOMA_1P36_31_DELETION		20	0.62374455	1.1190583	0.3421875	0.5724876	1.0	1216	tags=15%, list=7%, signal=16%	
GOBP_RIBOSE_PHOSPHATE_BIOSYNTHETIC_PROCESS	GOBP_RIBOSE_PHOSPHATE_BIOSYNTHETIC_PROCESS		169	0.5122445	1.118976	0.25245443	0.5723646	1.0	1633	tags=17%, list=10%, signal=18%	
GOBP_ADENYLATE_CYCLASE_ACTIVATING_ADRENERGIC_RECEPTOR_SIGNALING_PATHWAY	GOBP_ADENYLATE_CYCLASE_ACTIVATING_ADRENERGIC_RECEPTOR_SIGNALING_PATHWAY		18	0.6234652	1.11892	0.3441358	0.5721864	1.0	552	tags=22%, list=3%, signal=23%	
GOBP_POSITIVE_REGULATION_OF_T_HELPER_1_TYPE_IMMUNE_RESPONSE	GOBP_POSITIVE_REGULATION_OF_T_HELPER_1_TYPE_IMMUNE_RESPONSE		17	0.62579376	1.1188575	0.362916	0.57201856	1.0	3201	tags=35%, list=20%, signal=44%	
GOBP_TISSUE_HOMEOSTASIS	GOBP_TISSUE_HOMEOSTASIS		237	0.49752167	1.1187421	0.23076923	0.5719589	1.0	868	tags=9%, list=5%, signal=10%	
GOBP_HOST_MEDIATED_ACTIVATION_OF_VIRAL_TRANSCRIPTION	GOBP_HOST_MEDIATED_ACTIVATION_OF_VIRAL_TRANSCRIPTION		17	0.619644	1.1184795	0.35603714	0.57220525	1.0	1399	tags=24%, list=9%, signal=26%	
GOBP_STEROID_HORMONE_RECEPTOR_SIGNALING_PATHWAY	GOBP_STEROID_HORMONE_RECEPTOR_SIGNALING_PATHWAY		125	0.5101312	1.117355	0.25694445	0.5742653	1.0	1987	tags=28%, list=12%, signal=32%	
GOBP_PROTEIN_DEGLYCOSYLATION	GOBP_PROTEIN_DEGLYCOSYLATION		15	0.628149	1.1172994	0.35667753	0.5740758	1.0	1919	tags=33%, list=12%, signal=38%	
MANNO_MIDBRAIN_NEUROTYPES_HRGL3	MANNO_MIDBRAIN_NEUROTYPES_HRGL3		492	0.4974048	1.1171862	0.21094793	0.5740237	1.0	1147	tags=14%, list=7%, signal=14%	
GOBP_COPII_COATED_VESICLE_CARGO_LOADING	GOBP_COPII_COATED_VESICLE_CARGO_LOADING		17	0.61822885	1.1169977	0.34858045	0.574129	1.0	3443	tags=59%, list=21%, signal=75%	
GOBP_POSITIVE_REGULATION_OF_STEM_CELL_PROLIFERATION	GOBP_POSITIVE_REGULATION_OF_STEM_CELL_PROLIFERATION		21	0.6186714	1.1168686	0.32394367	0.5740781	1.0	151	tags=14%, list=1%, signal=14%	
KEGG_ACUTE_MYELOID_LEUKEMIA	KEGG_ACUTE_MYELOID_LEUKEMIA		56	0.5409843	1.1167986	0.28528973	0.57393104	1.0	2263	tags=34%, list=14%, signal=39%	
GEMMA_GSE109315_GENE_EXPRESSION_ANALYSIS_OF_MOUSE_BRAIN_REGIONS_AFTER_CHRONIC_SOCIAL_DEFEAT_STRESS_(CSDS)_STRAIN_C57BL.6CRL_DOWN	GEMMA_GSE109315_GENE_EXPRESSION_ANALYSIS_OF_MOUSE_BRAIN_REGIONS_AFTER_CHRONIC_SOCIAL_DEFEAT_STRESS_(CSDS)_STRAIN_C57BL.6CRL_DOWN		259	0.5107504	1.1165107	0.23778072	0.5742349	1.0	1222	tags=10%, list=8%, signal=10%	
GOBP_MUSCLE_CELL_CELLULAR_HOMEOSTASIS	GOBP_MUSCLE_CELL_CELLULAR_HOMEOSTASIS		20	0.6123176	1.1164557	0.3431677	0.57405293	1.0	1814	tags=25%, list=11%, signal=28%	
GEMMA_GSE10415_7_BRAIN_REGIONS_IN_20_INBRED_STRAINS_OF_LABORATORY_MICE_STRAINORLINE_MOLF.EI_DOWN	GEMMA_GSE10415_7_BRAIN_REGIONS_IN_20_INBRED_STRAINS_OF_LABORATORY_MICE_STRAINORLINE_MOLF.EI_DOWN		271	0.4926677	1.1164112	0.25274727	0.5738446	1.0	1305	tags=6%, list=8%, signal=7%	
GOBP_PROTEIN_LOCALIZATION_TO_CHROMOSOME_TELOMERIC_REGION	GOBP_PROTEIN_LOCALIZATION_TO_CHROMOSOME_TELOMERIC_REGION		15	0.634284	1.1162319	0.33333334	0.57389164	1.0	1625	tags=20%, list=10%, signal=22%	
GOBP_MULTICELLULAR_ORGANISMAL_RESPONSE_TO_STRESS	GOBP_MULTICELLULAR_ORGANISMAL_RESPONSE_TO_STRESS		93	0.5292467	1.1160902	0.27833572	0.573882	1.0	372	tags=4%, list=2%, signal=4%	
GOBP_POSITIVE_REGULATION_OF_RAS_PROTEIN_SIGNAL_TRANSDUCTION	GOBP_POSITIVE_REGULATION_OF_RAS_PROTEIN_SIGNAL_TRANSDUCTION		22	0.60727763	1.1159883	0.33637747	0.5737935	1.0	1412	tags=36%, list=9%, signal=40%	
GOBP_REGULATION_OF_SPINDLE_ORGANIZATION	GOBP_REGULATION_OF_SPINDLE_ORGANIZATION		44	0.5608665	1.1155715	0.29331306	0.57436705	1.0	526	tags=11%, list=3%, signal=12%	
GOBP_PATTERN_SPECIFICATION_PROCESS	GOBP_PATTERN_SPECIFICATION_PROCESS		368	0.49904943	1.1152508	0.22070844	0.5747751	1.0	1982	tags=14%, list=12%, signal=16%	
GOBP_POSITIVE_REGULATION_OF_ESTABLISHMENT_OF_PROTEIN_LOCALIZATION	GOBP_POSITIVE_REGULATION_OF_ESTABLISHMENT_OF_PROTEIN_LOCALIZATION		290	0.5059299	1.1151742	0.24213406	0.57463014	1.0	1612	tags=18%, list=10%, signal=20%	
GOBP_POSITIVE_REGULATION_OF_PROTEIN_LOCALIZATION	GOBP_POSITIVE_REGULATION_OF_PROTEIN_LOCALIZATION		401	0.49417922	1.1151121	0.23472223	0.57445836	1.0	1612	tags=19%, list=10%, signal=21%	
GOBP_AMINO_ACID_ACTIVATION	GOBP_AMINO_ACID_ACTIVATION		45	0.5654515	1.1150342	0.30454546	0.5743268	1.0	2028	tags=16%, list=12%, signal=18%	
KEGG_CYSTEINE_AND_METHIONINE_METABOLISM	KEGG_CYSTEINE_AND_METHIONINE_METABOLISM		30	0.5867325	1.114931	0.34323922	0.5742422	1.0	2872	tags=30%, list=18%, signal=36%	
GOBP_REGULATION_OF_NERVOUS_SYSTEM_DEVELOPMENT	GOBP_REGULATION_OF_NERVOUS_SYSTEM_DEVELOPMENT		408	0.49372247	1.114912	0.23620933	0.57398313	1.0	1514	tags=16%, list=9%, signal=17%	
MANNO_MIDBRAIN_NEUROTYPES_HRGL2B	MANNO_MIDBRAIN_NEUROTYPES_HRGL2B		378	0.5033759	1.1142707	0.22050563	0.57503587	1.0	1398	tags=16%, list=9%, signal=18%	
GOBP_POSITIVE_REGULATION_OF_MUSCLE_HYPERTROPHY	GOBP_POSITIVE_REGULATION_OF_MUSCLE_HYPERTROPHY		25	0.60374296	1.1141678	0.33174604	0.5749483	1.0	2452	tags=44%, list=15%, signal=52%	
ZHONG_PFC_C3_MICROGLIA	ZHONG_PFC_C3_MICROGLIA		425	0.48740828	1.113806	0.22646658	0.57544243	1.0	2325	tags=29%, list=14%, signal=33%	
GOBP_CELLULAR_RESPONSE_TO_LEPTIN_STIMULUS	GOBP_CELLULAR_RESPONSE_TO_LEPTIN_STIMULUS		16	0.6282747	1.1137238	0.37678856	0.57530576	1.0	1911	tags=25%, list=12%, signal=28%	
GOBP_MITOTIC_SPINDLE_ASSEMBLY	GOBP_MITOTIC_SPINDLE_ASSEMBLY		72	0.53780055	1.1135447	0.29271916	0.5753868	1.0	2971	tags=33%, list=18%, signal=41%	
GOBP_PROTEIN_CONTAINING_COMPLEX_LOCALIZATION	GOBP_PROTEIN_CONTAINING_COMPLEX_LOCALIZATION		90	0.523437	1.1130981	0.2891207	0.5760457	1.0	2230	tags=26%, list=14%, signal=29%	
GOBP_CELL_CELL_RECOGNITION	GOBP_CELL_CELL_RECOGNITION		48	0.557735	1.1130381	0.29508197	0.5758565	1.0	654	tags=17%, list=4%, signal=17%	
GOBP_CELL_ADHESION_MEDIATED_BY_INTEGRIN	GOBP_CELL_ADHESION_MEDIATED_BY_INTEGRIN		81	0.5278215	1.112923	0.30118695	0.5757951	1.0	1592	tags=23%, list=10%, signal=26%	
DESCARTES_FETAL_CEREBELLUM_SLC24A4_PEX5L_POSITIVE_CELLS	DESCARTES_FETAL_CEREBELLUM_SLC24A4_PEX5L_POSITIVE_CELLS		21	0.5958501	1.1128579	0.3268921	0.5756351	1.0	3461	tags=24%, list=21%, signal=30%	
GOBP_NEGATIVE_REGULATION_OF_NF_KAPPAB_TRANSCRIPTION_FACTOR_ACTIVITY	GOBP_NEGATIVE_REGULATION_OF_NF_KAPPAB_TRANSCRIPTION_FACTOR_ACTIVITY		39	0.5772374	1.1128438	0.30656934	0.5753692	1.0	2854	tags=36%, list=18%, signal=43%	
FAN_EMBRYONIC_CTX_EX_2_EXCITATORY_NEURON	FAN_EMBRYONIC_CTX_EX_2_EXCITATORY_NEURON		15	0.63280606	1.1127237	0.35974643	0.5753436	1.0	1032	tags=20%, list=6%, signal=21%	
GOBP_NEGATIVE_REGULATION_OF_MICROTUBULE_POLYMERIZATION_OR_DEPOLYMERIZATION	GOBP_NEGATIVE_REGULATION_OF_MICROTUBULE_POLYMERIZATION_OR_DEPOLYMERIZATION		44	0.55295116	1.1125314	0.31611893	0.57545143	1.0	1995	tags=34%, list=12%, signal=39%	
GOBP_TORC1_SIGNALING	GOBP_TORC1_SIGNALING		109	0.5267196	1.1122272	0.27192983	0.5757773	1.0	2557	tags=22%, list=16%, signal=26%	
GOBP_BLASTODERM_SEGMENTATION	GOBP_BLASTODERM_SEGMENTATION		17	0.62937313	1.1119732	0.3480315	0.5760646	1.0	1438	tags=24%, list=9%, signal=26%	
HALLMARK_APICAL_SURFACE	HALLMARK_APICAL_SURFACE		36	0.56573737	1.111935	0.32771823	0.57585263	1.0	2471	tags=44%, list=15%, signal=52%	
MANNO_MIDBRAIN_NEUROTYPES_HDA	MANNO_MIDBRAIN_NEUROTYPES_HDA		422	0.49797598	1.1117148	0.22253521	0.57603514	1.0	2978	tags=34%, list=18%, signal=40%	
GOBP_REGULATION_OF_PROTEIN_LOCALIZATION_TO_SYNAPSE	GOBP_REGULATION_OF_PROTEIN_LOCALIZATION_TO_SYNAPSE		29	0.5821896	1.1108031	0.32366413	0.5776289	1.0	1806	tags=28%, list=11%, signal=31%	
GOBP_NEGATIVE_REGULATION_OF_MOLECULAR_FUNCTION	GOBP_NEGATIVE_REGULATION_OF_MOLECULAR_FUNCTION		251	0.49835354	1.1105512	0.26863572	0.5778716	1.0	1996	tags=24%, list=12%, signal=26%	
KEGG_MEDICUS_REFERENCE_EGF_EGFR_PLCG_CAMK_SIGNALING_PATHWAY	KEGG_MEDICUS_REFERENCE_EGF_EGFR_PLCG_CAMK_SIGNALING_PATHWAY		15	0.61560935	1.1104664	0.34869432	0.5777499	1.0	1811	tags=47%, list=11%, signal=52%	
GOBP_GLAND_DEVELOPMENT	GOBP_GLAND_DEVELOPMENT		373	0.48134828	1.1102828	0.22690217	0.57784104	1.0	1640	tags=17%, list=10%, signal=19%	
DURANTE_ADULT_OLFACTORY_NEUROEPITHELIUM_CD4_T_CELLS	DURANTE_ADULT_OLFACTORY_NEUROEPITHELIUM_CD4_T_CELLS		23	0.6009287	1.1101176	0.34901366	0.5778846	1.0	868	tags=26%, list=5%, signal=28%	
GOBP_G_PROTEIN_COUPLED_ACETYLCHOLINE_RECEPTOR_SIGNALING_PATHWAY	GOBP_G_PROTEIN_COUPLED_ACETYLCHOLINE_RECEPTOR_SIGNALING_PATHWAY		20	0.5961229	1.1099313	0.35864297	0.57798225	1.0	958	tags=25%, list=6%, signal=27%	
GOBP_REGULATION_OF_COLLAGEN_METABOLIC_PROCESS	GOBP_REGULATION_OF_COLLAGEN_METABOLIC_PROCESS		34	0.5786976	1.109493	0.3318182	0.5786068	1.0	324	tags=12%, list=2%, signal=12%	
GOBP_ESTABLISHMENT_OF_PROTEIN_LOCALIZATION_TO_MEMBRANE	GOBP_ESTABLISHMENT_OF_PROTEIN_LOCALIZATION_TO_MEMBRANE		247	0.50654966	1.1089914	0.24899058	0.5793985	1.0	2244	tags=23%, list=14%, signal=26%	
GOBP_POSITIVE_REGULATION_OF_VASCULAR_ENDOTHELIAL_GROWTH_FACTOR_RECEPTOR_SIGNALING_PATHWAY	GOBP_POSITIVE_REGULATION_OF_VASCULAR_ENDOTHELIAL_GROWTH_FACTOR_RECEPTOR_SIGNALING_PATHWAY		15	0.64049596	1.1086053	0.35313	0.5799358	1.0	278	tags=13%, list=2%, signal=14%	
GOBP_RAP_PROTEIN_SIGNAL_TRANSDUCTION	GOBP_RAP_PROTEIN_SIGNAL_TRANSDUCTION		18	0.60965407	1.108238	0.3414264	0.5804162	1.0	1942	tags=39%, list=12%, signal=44%	
GOBP_INNATE_IMMUNE_RESPONSE_ACTIVATING_CELL_SURFACE_RECEPTOR_SIGNALING_PATHWAY	GOBP_INNATE_IMMUNE_RESPONSE_ACTIVATING_CELL_SURFACE_RECEPTOR_SIGNALING_PATHWAY		85	0.52683705	1.107948	0.2900433	0.5807611	1.0	1698	tags=31%, list=10%, signal=34%	
GOBP_SEMAPHORIN_PLEXIN_SIGNALING_PATHWAY	GOBP_SEMAPHORIN_PLEXIN_SIGNALING_PATHWAY		47	0.55136806	1.1076578	0.30871493	0.5810843	1.0	996	tags=26%, list=6%, signal=27%	
GOBP_GROWTH_PLATE_CARTILAGE_DEVELOPMENT	GOBP_GROWTH_PLATE_CARTILAGE_DEVELOPMENT		22	0.6048165	1.1072152	0.35410336	0.58167434	1.0	1088	tags=14%, list=7%, signal=15%	
GOBP_NEGATIVE_REGULATION_OF_ERK1_AND_ERK2_CASCADE	GOBP_NEGATIVE_REGULATION_OF_ERK1_AND_ERK2_CASCADE		63	0.54485667	1.1069559	0.29331306	0.5819139	1.0	1930	tags=21%, list=12%, signal=23%	
GOBP_EXPORT_ACROSS_PLASMA_MEMBRANE	GOBP_EXPORT_ACROSS_PLASMA_MEMBRANE		72	0.5351427	1.1067638	0.29942694	0.58202165	1.0	1566	tags=26%, list=10%, signal=29%	
GOBP_MATERNAL_PLACENTA_DEVELOPMENT	GOBP_MATERNAL_PLACENTA_DEVELOPMENT		31	0.5713904	1.1064193	0.3465649	0.5824319	1.0	803	tags=16%, list=5%, signal=17%	
GOBP_HINDBRAIN_DEVELOPMENT	GOBP_HINDBRAIN_DEVELOPMENT		147	0.50953317	1.1063923	0.27832168	0.5821963	1.0	1493	tags=16%, list=9%, signal=18%	
GOBP_REGULATION_OF_KERATINOCYTE_PROLIFERATION	GOBP_REGULATION_OF_KERATINOCYTE_PROLIFERATION		36	0.56757295	1.1061254	0.33709678	0.5824713	1.0	1768	tags=19%, list=11%, signal=22%	
GOBP_PEPTIDYL_SERINE_MODIFICATION	GOBP_PEPTIDYL_SERINE_MODIFICATION		67	0.5390375	1.1059055	0.31873113	0.5826131	1.0	2159	tags=34%, list=13%, signal=39%	
KEGG_LINOLEIC_ACID_METABOLISM	KEGG_LINOLEIC_ACID_METABOLISM		15	0.62489355	1.10577	0.37400952	0.5826033	1.0	650	tags=7%, list=4%, signal=7%	
MECKES_2018_WKYVSF344_UPREGULATED_HC	MECKES_2018_WKYVSF344_UPREGULATED_HC		341	0.48735183	1.1053863	0.24520548	0.5831138	1.0	2826	tags=30%, list=17%, signal=35%	
GOBP_PROTEIN_AUTOUBIQUITINATION	GOBP_PROTEIN_AUTOUBIQUITINATION		68	0.54138273	1.1049048	0.2887538	0.58383536	1.0	2088	tags=18%, list=13%, signal=20%	
GOBP_PROTEIN_K48_LINKED_DEUBIQUITINATION	GOBP_PROTEIN_K48_LINKED_DEUBIQUITINATION		26	0.5916929	1.1047866	0.35502958	0.58380723	1.0	1079	tags=19%, list=7%, signal=21%	
GOBP_ACETYL_COA_BIOSYNTHETIC_PROCESS	GOBP_ACETYL_COA_BIOSYNTHETIC_PROCESS		22	0.59413594	1.1044227	0.34509203	0.5842431	1.0	3298	tags=36%, list=20%, signal=46%	
GOBP_NEURON_PROJECTION_ORGANIZATION	GOBP_NEURON_PROJECTION_ORGANIZATION		93	0.5226287	1.1038443	0.29577464	0.5851785	1.0	1915	tags=29%, list=12%, signal=33%	
GOBP_POSITIVE_REGULATION_OF_PROTEIN_TARGETING_TO_MEMBRANE	GOBP_POSITIVE_REGULATION_OF_PROTEIN_TARGETING_TO_MEMBRANE		25	0.5900847	1.1037978	0.3383915	0.5849856	1.0	2362	tags=52%, list=15%, signal=61%	
GOBP_REGULATION_OF_RESPONSE_TO_WOUNDING	GOBP_REGULATION_OF_RESPONSE_TO_WOUNDING		145	0.5061602	1.103665	0.27910239	0.584968	1.0	1505	tags=18%, list=9%, signal=20%	
GOBP_HEMOGLOBIN_METABOLIC_PROCESS	GOBP_HEMOGLOBIN_METABOLIC_PROCESS		16	0.62230295	1.1032634	0.36597112	0.58554757	1.0	2269	tags=25%, list=14%, signal=29%	
JOHNSON_2016_COEXPRESSION_HIPPOCAMPUS_HUMAN_M13	JOHNSON_2016_COEXPRESSION_HIPPOCAMPUS_HUMAN_M13		119	0.51385576	1.1025449	0.29896906	0.5867871	1.0	2362	tags=32%, list=15%, signal=37%	
MANNO_MIDBRAIN_NEUROTYPES_HRN	MANNO_MIDBRAIN_NEUROTYPES_HRN		290	0.50348663	1.10229	0.25869262	0.58705497	1.0	2954	tags=32%, list=18%, signal=39%	
GOBP_ERYTHROCYTE_MATURATION	GOBP_ERYTHROCYTE_MATURATION		19	0.6066329	1.1012601	0.37304077	0.58897763	1.0	1633	tags=32%, list=10%, signal=35%	
KEGG_MEDICUS_VARIANT_MUTATION_CAUSED_ABERRANT_HTT_TO_MGLUR5_CA2_APOPTOTIC_PATHWAY	KEGG_MEDICUS_VARIANT_MUTATION_CAUSED_ABERRANT_HTT_TO_MGLUR5_CA2_APOPTOTIC_PATHWAY		21	0.59877074	1.10122	0.36535433	0.5887697	1.0	1924	tags=38%, list=12%, signal=43%	
GOBP_SOMATIC_STEM_CELL_POPULATION_MAINTENANCE	GOBP_SOMATIC_STEM_CELL_POPULATION_MAINTENANCE		44	0.56431055	1.1011214	0.3247734	0.58866405	1.0	2493	tags=20%, list=15%, signal=24%	
GOBP_IMMUNE_SYSTEM_DEVELOPMENT	GOBP_IMMUNE_SYSTEM_DEVELOPMENT		190	0.502086	1.1010907	0.29213482	0.58843213	1.0	3101	tags=35%, list=19%, signal=43%	
GOBP_REGULATION_OF_STEM_CELL_PROLIFERATION	GOBP_REGULATION_OF_STEM_CELL_PROLIFERATION		36	0.5654169	1.1007619	0.3173913	0.5888184	1.0	985	tags=22%, list=6%, signal=24%	
GOBP_CARBOHYDRATE_BIOSYNTHETIC_PROCESS	GOBP_CARBOHYDRATE_BIOSYNTHETIC_PROCESS		167	0.5053817	1.1005441	0.2709766	0.5889597	1.0	1756	tags=19%, list=11%, signal=21%	
GOBP_REGULATION_OF_ESTABLISHMENT_OF_PROTEIN_LOCALIZATION	GOBP_REGULATION_OF_ESTABLISHMENT_OF_PROTEIN_LOCALIZATION		469	0.47957006	1.1003987	0.26045883	0.5889637	1.0	1929	tags=21%, list=12%, signal=23%	
GOBP_CELL_JUNCTION_DISASSEMBLY	GOBP_CELL_JUNCTION_DISASSEMBLY		36	0.5747476	1.0997176	0.3164933	0.59013534	1.0	265	tags=6%, list=2%, signal=6%	
GOBP_ESTABLISHMENT_OF_PROTEIN_LOCALIZATION_TO_ORGANELLE	GOBP_ESTABLISHMENT_OF_PROTEIN_LOCALIZATION_TO_ORGANELLE		420	0.49573252	1.099022	0.23355705	0.59132314	1.0	1346	tags=15%, list=8%, signal=16%	
GOBP_NUCLEIC_ACID_CATABOLIC_PROCESS	GOBP_NUCLEIC_ACID_CATABOLIC_PROCESS		370	0.4882462	1.0988729	0.24520548	0.59136057	1.0	2884	tags=29%, list=18%, signal=34%	
GOBP_EYE_PHOTORECEPTOR_CELL_DEVELOPMENT	GOBP_EYE_PHOTORECEPTOR_CELL_DEVELOPMENT		32	0.5761953	1.0987524	0.32218844	0.5913072	1.0	4704	tags=38%, list=29%, signal=53%	
KEGG_CITRATE_CYCLE_TCA_CYCLE	KEGG_CITRATE_CYCLE_TCA_CYCLE		28	0.58365005	1.098524	0.34355828	0.59149444	1.0	2476	tags=43%, list=15%, signal=50%	
GOBP_REGULATION_OF_MRNA_SPLICING_VIA_SPLICEOSOME	GOBP_REGULATION_OF_MRNA_SPLICING_VIA_SPLICEOSOME		115	0.5087632	1.0982575	0.28279883	0.59177816	1.0	2400	tags=30%, list=15%, signal=35%	
GOBP_REGULATION_OF_INSULIN_RECEPTOR_SIGNALING_PATHWAY	GOBP_REGULATION_OF_INSULIN_RECEPTOR_SIGNALING_PATHWAY		64	0.53323156	1.0981175	0.30758017	0.5917575	1.0	2285	tags=30%, list=14%, signal=34%	
GOBP_NEGATIVE_REGULATION_OF_INFLAMMASOME_MEDIATED_SIGNALING_PATHWAY	GOBP_NEGATIVE_REGULATION_OF_INFLAMMASOME_MEDIATED_SIGNALING_PATHWAY		17	0.6327544	1.0978837	0.35515547	0.5919555	1.0	562	tags=18%, list=3%, signal=18%	
GOBP_RENAL_WATER_HOMEOSTASIS	GOBP_RENAL_WATER_HOMEOSTASIS		27	0.5818566	1.0974733	0.34952977	0.5925375	1.0	773	tags=15%, list=5%, signal=16%	
MANNO_MIDBRAIN_NEUROTYPES_HRGL2C	MANNO_MIDBRAIN_NEUROTYPES_HRGL2C		277	0.48897877	1.097406	0.27123287	0.59237874	1.0	1537	tags=18%, list=9%, signal=20%	
GOBP_PHAGOSOME_MATURATION	GOBP_PHAGOSOME_MATURATION		30	0.58116925	1.0970933	0.3377976	0.592746	1.0	2771	tags=40%, list=17%, signal=48%	
GOBP_AMP_METABOLIC_PROCESS	GOBP_AMP_METABOLIC_PROCESS		21	0.60132754	1.0967424	0.35832083	0.59320307	1.0	3626	tags=52%, list=22%, signal=67%	
KEGG_AMYOTROPHIC_LATERAL_SCLEROSIS_ALS	KEGG_AMYOTROPHIC_LATERAL_SCLEROSIS_ALS		51	0.55707365	1.0967112	0.33962265	0.59296775	1.0	2815	tags=39%, list=17%, signal=47%	
GOBP_LAMELLIPODIUM_MORPHOGENESIS	GOBP_LAMELLIPODIUM_MORPHOGENESIS		18	0.6009322	1.096612	0.3785822	0.5928888	1.0	2270	tags=44%, list=14%, signal=52%	
GOBP_MULTICELLULAR_ORGANISMAL_LEVEL_WATER_HOMEOSTASIS	GOBP_MULTICELLULAR_ORGANISMAL_LEVEL_WATER_HOMEOSTASIS		34	0.5657005	1.0963066	0.35339507	0.59325236	1.0	773	tags=12%, list=5%, signal=12%	
GOBP_REGULATION_OF_MITOTIC_SPINDLE_ASSEMBLY	GOBP_REGULATION_OF_MITOTIC_SPINDLE_ASSEMBLY		22	0.6039481	1.0959549	0.35508347	0.59368706	1.0	526	tags=14%, list=3%, signal=14%	
GOBP_NEGATIVE_REGULATION_OF_TORC1_SIGNALING	GOBP_NEGATIVE_REGULATION_OF_TORC1_SIGNALING		43	0.5549029	1.0956813	0.3524962	0.5940003	1.0	2531	tags=19%, list=16%, signal=22%	
GOBP_RESPONSE_TO_ALCOHOL	GOBP_RESPONSE_TO_ALCOHOL		237	0.48624715	1.0954318	0.26647967	0.5942471	1.0	1781	tags=22%, list=11%, signal=24%	
GOBP_POSITIVE_REGULATION_OF_VASOCONSTRICTION	GOBP_POSITIVE_REGULATION_OF_VASOCONSTRICTION		24	0.58235395	1.0953121	0.362776	0.5942189	1.0	646	tags=8%, list=4%, signal=9%	
GOBP_RNA_LOCALIZATION	GOBP_RNA_LOCALIZATION		186	0.500405	1.0952481	0.2664872	0.5940612	1.0	2216	tags=24%, list=14%, signal=27%	
GOBP_REGULATION_OF_CD8_POSITIVE_ALPHA_BETA_T_CELL_ACTIVATION	GOBP_REGULATION_OF_CD8_POSITIVE_ALPHA_BETA_T_CELL_ACTIVATION		17	0.60868114	1.095138	0.37777779	0.59399784	1.0	1877	tags=35%, list=12%, signal=40%	
KEGG_MEDICUS_VARIANT_SCRAPIE_CONFORMATION_PRPSC_TO_MGLUR5_CA2_APOPTOTIC_PATHWAY	KEGG_MEDICUS_VARIANT_SCRAPIE_CONFORMATION_PRPSC_TO_MGLUR5_CA2_APOPTOTIC_PATHWAY		17	0.6154354	1.0949355	0.3846154	0.5941073	1.0	1924	tags=47%, list=12%, signal=53%	
GOBP_REGULATION_OF_MITOCHONDRIAL_TRANSLATION	GOBP_REGULATION_OF_MITOCHONDRIAL_TRANSLATION		22	0.5968049	1.0946432	0.3422292	0.5944488	1.0	1827	tags=14%, list=11%, signal=15%	
GOBP_MEMBRANE_FUSION	GOBP_MEMBRANE_FUSION		168	0.49754512	1.094538	0.2821229	0.5943704	1.0	2230	tags=22%, list=14%, signal=25%	
GOBP_POSITIVE_REGULATION_OF_SUBSTRATE_ADHESION_DEPENDENT_CELL_SPREADING	GOBP_POSITIVE_REGULATION_OF_SUBSTRATE_ADHESION_DEPENDENT_CELL_SPREADING		41	0.5709319	1.0944461	0.32730016	0.59427804	1.0	2831	tags=44%, list=17%, signal=53%	
GOBP_CELLULAR_RESPONSE_TO_NUTRIENT_LEVELS	GOBP_CELLULAR_RESPONSE_TO_NUTRIENT_LEVELS		233	0.49314535	1.0943366	0.29108635	0.5942087	1.0	1872	tags=21%, list=12%, signal=24%	
GOBP_ATTACHMENT_OF_MITOTIC_SPINDLE_MICROTUBULES_TO_KINETOCHORE	GOBP_ATTACHMENT_OF_MITOTIC_SPINDLE_MICROTUBULES_TO_KINETOCHORE		25	0.5839157	1.0938157	0.34509203	0.5950491	1.0	1866	tags=16%, list=11%, signal=18%	
GOBP_RESPIRATORY_GASEOUS_EXCHANGE_BY_RESPIRATORY_SYSTEM	GOBP_RESPIRATORY_GASEOUS_EXCHANGE_BY_RESPIRATORY_SYSTEM		66	0.53665537	1.093326	0.31786215	0.59577996	1.0	1265	tags=11%, list=8%, signal=11%	
GOBP_SULFATE_TRANSMEMBRANE_TRANSPORT	GOBP_SULFATE_TRANSMEMBRANE_TRANSPORT		15	0.6191754	1.0930374	0.38019168	0.5961022	1.0	331	tags=7%, list=2%, signal=7%	
GOBP_NEGATIVE_REGULATION_OF_GENE_EXPRESSION_EPIGENETIC	GOBP_NEGATIVE_REGULATION_OF_GENE_EXPRESSION_EPIGENETIC		189	0.49282214	1.0925258	0.28326747	0.5968607	1.0	2391	tags=26%, list=15%, signal=31%	
GOBP_NEGATIVE_REGULATION_OF_PHOSPHORUS_METABOLIC_PROCESS	GOBP_NEGATIVE_REGULATION_OF_PHOSPHORUS_METABOLIC_PROCESS		156	0.5079183	1.0918735	0.30404463	0.5979019	1.0	1930	tags=22%, list=12%, signal=25%	
GOBP_GMP_METABOLIC_PROCESS	GOBP_GMP_METABOLIC_PROCESS		24	0.5841638	1.091738	0.37306502	0.5979058	1.0	2908	tags=38%, list=18%, signal=46%	
KEGG_MEDICUS_VARIANT_MUTATION_INACTIVATED_RASD1_TO_CRHR_PKA_ACTH_SIGNALING_PATHWAY	KEGG_MEDICUS_VARIANT_MUTATION_INACTIVATED_RASD1_TO_CRHR_PKA_ACTH_SIGNALING_PATHWAY		24	0.59768623	1.0916959	0.3553459	0.59770054	1.0	1292	tags=21%, list=8%, signal=23%	
GOBP_ESTABLISHMENT_OF_ORGANELLE_LOCALIZATION	GOBP_ESTABLISHMENT_OF_ORGANELLE_LOCALIZATION		380	0.48898277	1.0916004	0.25336927	0.5975845	1.0	1911	tags=23%, list=12%, signal=25%	
GENEWEAVER_ANDRUS_2012_GS380536_DIFFERENTIAL EXPRESSION OF GENES BETWEEN NS AND CRS RATS IN THE HIPPOCAMPUS_TOP25_BYPVAL	GENEWEAVER_ANDRUS_2012_GS380536_DIFFERENTIAL EXPRESSION OF GENES BETWEEN NS AND CRS RATS IN THE HIPPOCAMPUS_TOP25_BYPVAL		22	0.593721	1.0913638	0.3526646	0.59778565	1.0	673	tags=23%, list=4%, signal=24%	
GOBP_PHYSIOLOGICAL_CARDIAC_MUSCLE_HYPERTROPHY	GOBP_PHYSIOLOGICAL_CARDIAC_MUSCLE_HYPERTROPHY		20	0.5913626	1.091105	0.34670946	0.59803146	1.0	2440	tags=40%, list=15%, signal=47%	
GOBP_RESPIRATORY_BURST	GOBP_RESPIRATORY_BURST		32	0.5691642	1.0910332	0.35066864	0.597883	1.0	1414	tags=34%, list=9%, signal=38%	
GOBP_POSITIVE_REGULATION_OF_ERBB_SIGNALING_PATHWAY	GOBP_POSITIVE_REGULATION_OF_ERBB_SIGNALING_PATHWAY		29	0.56873333	1.090998	0.35538462	0.5976609	1.0	2101	tags=34%, list=13%, signal=40%	
KEGG_AMINO_SUGAR_AND_NUCLEOTIDE_SUGAR_METABOLISM	KEGG_AMINO_SUGAR_AND_NUCLEOTIDE_SUGAR_METABOLISM		42	0.5495504	1.0907522	0.3237082	0.59789383	1.0	431	tags=12%, list=3%, signal=12%	
GOBP_TYPE_2_MITOPHAGY	GOBP_TYPE_2_MITOPHAGY		16	0.6169523	1.0903205	0.3792049	0.5985029	1.0	728	tags=25%, list=4%, signal=26%	
GOBP_RESPONSE_TO_FOOD	GOBP_RESPONSE_TO_FOOD		39	0.5476588	1.0901583	0.3348485	0.5985621	1.0	1633	tags=15%, list=10%, signal=17%	
GOBP_REGULATION_OF_NERVOUS_SYSTEM_PROCESS	GOBP_REGULATION_OF_NERVOUS_SYSTEM_PROCESS		119	0.51570964	1.0900363	0.29781023	0.5985318	1.0	1870	tags=24%, list=11%, signal=27%	
GOBP_REGULATION_OF_CELL_FATE_COMMITMENT	GOBP_REGULATION_OF_CELL_FATE_COMMITMENT		38	0.5544775	1.0898864	0.33531156	0.5985658	1.0	2343	tags=37%, list=14%, signal=43%	
GOBP_NEGATIVE_REGULATION_OF_INTERLEUKIN_2_PRODUCTION	GOBP_NEGATIVE_REGULATION_OF_INTERLEUKIN_2_PRODUCTION		23	0.58930236	1.0896811	0.36464968	0.59869945	1.0	1831	tags=35%, list=11%, signal=39%	
KEGG_INSULIN_SIGNALING_PATHWAY	KEGG_INSULIN_SIGNALING_PATHWAY		117	0.5161972	1.0896301	0.3029872	0.5985016	1.0	2531	tags=36%, list=16%, signal=42%	
GOBP_TOR_SIGNALING	GOBP_TOR_SIGNALING		172	0.5032038	1.0895977	0.28808865	0.5982717	1.0	1790	tags=18%, list=11%, signal=20%	
GOBP_REGULATION_OF_STRIATED_MUSCLE_CONTRACTION	GOBP_REGULATION_OF_STRIATED_MUSCLE_CONTRACTION		89	0.51509243	1.0891901	0.31571218	0.59882975	1.0	1039	tags=11%, list=6%, signal=12%	
LEE_CALORIE_RESTRICTION_NEOCORTEX_UP	LEE_CALORIE_RESTRICTION_NEOCORTEX_UP		56	0.53390515	1.089106	0.3422222	0.5987169	1.0	1590	tags=25%, list=10%, signal=28%	
GOBP_RESPONSE_TO_CARBOHYDRATE	GOBP_RESPONSE_TO_CARBOHYDRATE		185	0.49923575	1.0885605	0.29957205	0.5995683	1.0	1874	tags=23%, list=12%, signal=26%	
GOBP_ARGININE_METABOLIC_PROCESS	GOBP_ARGININE_METABOLIC_PROCESS		21	0.5912993	1.0883127	0.37694705	0.59979415	1.0	1718	tags=24%, list=11%, signal=27%	
GOBP_POSITIVE_REGULATION_OF_BINDING	GOBP_POSITIVE_REGULATION_OF_BINDING		36	0.56196177	1.0880914	0.35877863	0.599983	1.0	562	tags=19%, list=3%, signal=20%	
GOBP_LEUKOCYTE_ADHESION_TO_VASCULAR_ENDOTHELIAL_CELL	GOBP_LEUKOCYTE_ADHESION_TO_VASCULAR_ENDOTHELIAL_CELL		46	0.5516847	1.0879868	0.3478261	0.599916	1.0	2378	tags=41%, list=15%, signal=48%	
GOBP_NEGATIVE_REGULATION_OF_CATALYTIC_ACTIVITY	GOBP_NEGATIVE_REGULATION_OF_CATALYTIC_ACTIVITY		135	0.50394565	1.0879023	0.29142857	0.59978956	1.0	1996	tags=28%, list=12%, signal=32%	
GOBP_REGULATION_OF_POSTSYNAPTIC_MEMBRANE_POTENTIAL	GOBP_REGULATION_OF_POSTSYNAPTIC_MEMBRANE_POTENTIAL		138	0.50701725	1.0867219	0.2820144	0.6020131	1.0	2716	tags=27%, list=17%, signal=32%	
GOBP_PROTEIN_PROCESSING	GOBP_PROTEIN_PROCESSING		212	0.48901886	1.0864912	0.28111887	0.6021919	1.0	1801	tags=15%, list=11%, signal=17%	
GOBP_TRANSCRIPTION_BY_RNA_POLYMERASE_III	GOBP_TRANSCRIPTION_BY_RNA_POLYMERASE_III		59	0.53838474	1.0855445	0.34238312	0.60389876	1.0	1612	tags=17%, list=10%, signal=19%	
KEGG_GNRH_SIGNALING_PATHWAY	KEGG_GNRH_SIGNALING_PATHWAY		86	0.517381	1.0851773	0.31707317	0.6043776	1.0	1288	tags=20%, list=8%, signal=21%	
GOBP_REGULATION_OF_SUBSTRATE_ADHESION_DEPENDENT_CELL_SPREADING	GOBP_REGULATION_OF_SUBSTRATE_ADHESION_DEPENDENT_CELL_SPREADING		55	0.5363677	1.0850191	0.32826748	0.6044174	1.0	2831	tags=42%, list=17%, signal=50%	
GOBP_EXCRETION	GOBP_EXCRETION		26	0.5799029	1.0847704	0.37914693	0.6046713	1.0	2200	tags=19%, list=14%, signal=22%	
GOBP_POSITIVE_REGULATION_OF_MRNA_SPLICING_VIA_SPLICEOSOME	GOBP_POSITIVE_REGULATION_OF_MRNA_SPLICING_VIA_SPLICEOSOME		18	0.5954638	1.0839102	0.38827258	0.6062144	1.0	2663	tags=33%, list=16%, signal=40%	
GOBP_CELLULAR_COMPONENT_MAINTENANCE	GOBP_CELLULAR_COMPONENT_MAINTENANCE		77	0.52276206	1.0837706	0.32178932	0.60622966	1.0	1584	tags=21%, list=10%, signal=23%	
GOBP_REGULATION_OF_PROTEIN_TARGETING_TO_MEMBRANE	GOBP_REGULATION_OF_PROTEIN_TARGETING_TO_MEMBRANE		29	0.5789596	1.0837185	0.37674418	0.60604227	1.0	2528	tags=52%, list=16%, signal=61%	
GOBP_REGULATION_OF_TRANSLATION_IN_RESPONSE_TO_STRESS	GOBP_REGULATION_OF_TRANSLATION_IN_RESPONSE_TO_STRESS		19	0.6005535	1.0835824	0.37089202	0.6060475	1.0	436	tags=16%, list=3%, signal=16%	
GOBP_VASOCONSTRICTION	GOBP_VASOCONSTRICTION		76	0.5197875	1.0830275	0.34160584	0.6069323	1.0	1403	tags=12%, list=9%, signal=13%	
GOBP_REGULATION_OF_AMINO_ACID_TRANSMEMBRANE_TRANSPORT	GOBP_REGULATION_OF_AMINO_ACID_TRANSMEMBRANE_TRANSPORT		15	0.6129689	1.0828449	0.3697749	0.6070588	1.0	1652	tags=27%, list=10%, signal=30%	
GOBP_EPIGENETIC_REGULATION_OF_GENE_EXPRESSION	GOBP_EPIGENETIC_REGULATION_OF_GENE_EXPRESSION		273	0.49442127	1.0825896	0.2815405	0.60731393	1.0	2203	tags=25%, list=14%, signal=29%	
GOBP_G_PROTEIN_COUPLED_SEROTONIN_RECEPTOR_SIGNALING_PATHWAY	GOBP_G_PROTEIN_COUPLED_SEROTONIN_RECEPTOR_SIGNALING_PATHWAY		17	0.61057305	1.0818133	0.38980263	0.60865647	1.0	441	tags=6%, list=3%, signal=6%	
GOBP_REGULATION_OF_ADENYLATE_CYCLASE_ACTIVATING_G_PROTEIN_COUPLED_RECEPTOR_SIGNALING_PATHWAY	GOBP_REGULATION_OF_ADENYLATE_CYCLASE_ACTIVATING_G_PROTEIN_COUPLED_RECEPTOR_SIGNALING_PATHWAY		21	0.59793466	1.081753	0.37078652	0.6084678	1.0	2472	tags=48%, list=15%, signal=56%	
GOBP_REGULATION_OF_TUBE_SIZE	GOBP_REGULATION_OF_TUBE_SIZE		138	0.4959887	1.0817176	0.30747533	0.60824335	1.0	1227	tags=8%, list=8%, signal=9%	
GOBP_N_TERMINAL_PROTEIN_AMINO_ACID_MODIFICATION	GOBP_N_TERMINAL_PROTEIN_AMINO_ACID_MODIFICATION		17	0.6145951	1.0816602	0.3840246	0.6080672	1.0	2763	tags=29%, list=17%, signal=35%	
ENDOTHELIAL_ALL_DARMANIS_PNAS_2015	ENDOTHELIAL_ALL_DARMANIS_PNAS_2015		15	0.6129291	1.0814472	0.36601308	0.60821724	1.0	866	tags=20%, list=5%, signal=21%	
KEGG_MEDICUS_VARIANT_MUTATION_INACTIVATED_ATP2B3_TO_ANGIOTENSIN_ALDOSTERONE_SIGNALING_PATHWAY	KEGG_MEDICUS_VARIANT_MUTATION_INACTIVATED_ATP2B3_TO_ANGIOTENSIN_ALDOSTERONE_SIGNALING_PATHWAY		20	0.5764761	1.0814452	0.37402192	0.607922	1.0	1811	tags=40%, list=11%, signal=45%	
GOBP_NEGATIVE_REGULATION_OF_DNA_BINDING_TRANSCRIPTION_FACTOR_ACTIVITY	GOBP_NEGATIVE_REGULATION_OF_DNA_BINDING_TRANSCRIPTION_FACTOR_ACTIVITY		58	0.5343389	1.0811421	0.34164223	0.60826594	1.0	2854	tags=29%, list=18%, signal=35%	
GOBP_PITUITARY_GLAND_DEVELOPMENT	GOBP_PITUITARY_GLAND_DEVELOPMENT		31	0.56259733	1.0810975	0.32366413	0.60805595	1.0	2737	tags=23%, list=17%, signal=27%	
GOBP_NUCLEOSOME_ORGANIZATION	GOBP_NUCLEOSOME_ORGANIZATION		79	0.5217739	1.0810646	0.31785196	0.6078217	1.0	1625	tags=29%, list=10%, signal=32%	
ZHONG_PFC_C5_BCL11B_CALB2_POS_INP	ZHONG_PFC_C5_BCL11B_CALB2_POS_INP		19	0.6046126	1.0810293	0.38977635	0.6076066	1.0	1031	tags=26%, list=6%, signal=28%	
GOBP_RESPONSE_TO_LEPTIN	GOBP_RESPONSE_TO_LEPTIN		20	0.57574874	1.0802267	0.3881789	0.60894305	1.0	1911	tags=20%, list=12%, signal=23%	
GOBP_PIGMENTATION	GOBP_PIGMENTATION		106	0.5171296	1.0798223	0.31948423	0.60947126	1.0	1879	tags=13%, list=12%, signal=15%	
GOBP_NEUROTRANSMITTER_RECEPTOR_LOCALIZATION_TO_POSTSYNAPTIC_SPECIALIZATION_MEMBRANE	GOBP_NEUROTRANSMITTER_RECEPTOR_LOCALIZATION_TO_POSTSYNAPTIC_SPECIALIZATION_MEMBRANE		37	0.5489329	1.0796074	0.34674922	0.60960865	1.0	1891	tags=22%, list=12%, signal=24%	
GOBP_XENOBIOTIC_TRANSPORT	GOBP_XENOBIOTIC_TRANSPORT		41	0.54151255	1.0795939	0.34814814	0.60934216	1.0	2191	tags=22%, list=13%, signal=25%	
GOBP_RESPONSE_TO_LECTIN	GOBP_RESPONSE_TO_LECTIN		18	0.59597063	1.0795828	0.37774295	0.6090717	1.0	751	tags=33%, list=5%, signal=35%	
GOBP_RESPIRATORY_CHAIN_COMPLEX_IV_ASSEMBLY	GOBP_RESPIRATORY_CHAIN_COMPLEX_IV_ASSEMBLY		21	0.5888819	1.0791419	0.40286624	0.60972005	1.0	144	tags=5%, list=1%, signal=5%	
GOBP_PRODUCTION_OF_MOLECULAR_MEDIATOR_INVOLVED_IN_INFLAMMATORY_RESPONSE	GOBP_PRODUCTION_OF_MOLECULAR_MEDIATOR_INVOLVED_IN_INFLAMMATORY_RESPONSE		89	0.5203127	1.0787839	0.3299712	0.6101705	1.0	960	tags=19%, list=6%, signal=20%	
GOBP_RECEPTOR_CLUSTERING	GOBP_RECEPTOR_CLUSTERING		67	0.5350843	1.0787138	0.3468208	0.61001724	1.0	2115	tags=33%, list=13%, signal=38%	
GOBP_MRNA_EXPORT_FROM_NUCLEUS	GOBP_MRNA_EXPORT_FROM_NUCLEUS		68	0.5361196	1.078671	0.32478634	0.60982084	1.0	2663	tags=24%, list=16%, signal=28%	
GOBP_NUCLEOTIDE_SUGAR_METABOLIC_PROCESS	GOBP_NUCLEOTIDE_SUGAR_METABOLIC_PROCESS		38	0.55311036	1.0779436	0.33878157	0.6110829	1.0	726	tags=8%, list=4%, signal=8%	
GOBP_CD8_POSITIVE_ALPHA_BETA_T_CELL_ACTIVATION	GOBP_CD8_POSITIVE_ALPHA_BETA_T_CELL_ACTIVATION		36	0.5525426	1.0776787	0.36520377	0.6113259	1.0	1877	tags=28%, list=12%, signal=31%	
GOBP_AUDITORY_RECEPTOR_CELL_STEREOCILIUM_ORGANIZATION	GOBP_AUDITORY_RECEPTOR_CELL_STEREOCILIUM_ORGANIZATION		16	0.6110206	1.0773236	0.39628482	0.6117574	1.0	1152	tags=13%, list=7%, signal=13%	
HALLMARK_PI3K_AKT_MTOR_SIGNALING	HALLMARK_PI3K_AKT_MTOR_SIGNALING		99	0.5056996	1.0768353	0.32496512	0.61251724	1.0	2304	tags=32%, list=14%, signal=37%	
GOBP_NEUROTRANSMITTER_RECEPTOR_TRANSPORT	GOBP_NEUROTRANSMITTER_RECEPTOR_TRANSPORT		19	0.59522754	1.0765467	0.37795275	0.61283594	1.0	2230	tags=32%, list=14%, signal=37%	
GOBP_DNA_CONFORMATION_CHANGE	GOBP_DNA_CONFORMATION_CHANGE		17	0.59577847	1.076244	0.3875598	0.613201	1.0	1805	tags=12%, list=11%, signal=13%	
GOBP_REGULATION_OF_MACROPHAGE_DERIVED_FOAM_CELL_DIFFERENTIATION	GOBP_REGULATION_OF_MACROPHAGE_DERIVED_FOAM_CELL_DIFFERENTIATION		26	0.56654197	1.0758612	0.36776212	0.61371166	1.0	1199	tags=27%, list=7%, signal=29%	
GOBP_REGULATION_OF_BINDING	GOBP_REGULATION_OF_BINDING		83	0.52113104	1.0758282	0.3429395	0.61349493	1.0	1182	tags=19%, list=7%, signal=21%	
GOBP_REGULATION_OF_NEUROGENESIS	GOBP_REGULATION_OF_NEUROGENESIS		327	0.48126984	1.0754391	0.28172943	0.61405146	1.0	1201	tags=15%, list=7%, signal=16%	
GOBP_REGULATION_OF_GOLGI_ORGANIZATION	GOBP_REGULATION_OF_GOLGI_ORGANIZATION		17	0.60334325	1.0753591	0.38390094	0.6139304	1.0	1723	tags=29%, list=11%, signal=33%	
GOBP_CARBOHYDRATE_METABOLIC_PROCESS	GOBP_CARBOHYDRATE_METABOLIC_PROCESS		488	0.47119382	1.0747627	0.26213592	0.61490214	1.0	1775	tags=17%, list=11%, signal=19%	
GOBP_POSITIVE_REGULATION_OF_CYTOSKELETON_ORGANIZATION	GOBP_POSITIVE_REGULATION_OF_CYTOSKELETON_ORGANIZATION		177	0.4964308	1.074598	0.29149234	0.6149672	1.0	2172	tags=32%, list=13%, signal=36%	
GOBP_REGULATION_OF_DNA_METABOLIC_PROCESS	GOBP_REGULATION_OF_DNA_METABOLIC_PROCESS		466	0.48291823	1.0739756	0.27432433	0.6159822	1.0	1912	tags=13%, list=12%, signal=15%	
GOBP_POST_GOLGI_VESICLE_MEDIATED_TRANSPORT	GOBP_POST_GOLGI_VESICLE_MEDIATED_TRANSPORT		115	0.5115111	1.0739545	0.34893617	0.61572963	1.0	2793	tags=34%, list=17%, signal=41%	
GOBP_REGULATION_OF_REACTIVE_OXYGEN_SPECIES_METABOLIC_PROCESS	GOBP_REGULATION_OF_REACTIVE_OXYGEN_SPECIES_METABOLIC_PROCESS		123	0.51064414	1.0739195	0.31593794	0.6155071	1.0	1924	tags=28%, list=12%, signal=32%	
GOBP_REGULATION_OF_MITOCHONDRIAL_MEMBRANE_PERMEABILITY	GOBP_REGULATION_OF_MITOCHONDRIAL_MEMBRANE_PERMEABILITY		48	0.5339039	1.073828	0.35507247	0.61540836	1.0	1785	tags=21%, list=11%, signal=23%	
GOBP_FOAM_CELL_DIFFERENTIATION	GOBP_FOAM_CELL_DIFFERENTIATION		33	0.5573822	1.0734422	0.35746607	0.615936	1.0	1199	tags=24%, list=7%, signal=26%	
GOBP_ACETYL_COA_METABOLIC_PROCESS	GOBP_ACETYL_COA_METABOLIC_PROCESS		39	0.54459983	1.0730906	0.37319884	0.6163732	1.0	2097	tags=21%, list=13%, signal=23%	
GOBP_POSITIVE_REGULATION_OF_PROTEIN_POLYMERIZATION	GOBP_POSITIVE_REGULATION_OF_PROTEIN_POLYMERIZATION		81	0.51691055	1.0730801	0.33630952	0.6160999	1.0	2171	tags=38%, list=13%, signal=44%	
GOBP_FIBRINOLYSIS	GOBP_FIBRINOLYSIS		21	0.57827467	1.0728499	0.3822153	0.61630106	1.0	50	tags=5%, list=0%, signal=5%	
GOBP_MITOCHONDRIAL_DNA_METABOLIC_PROCESS	GOBP_MITOCHONDRIAL_DNA_METABOLIC_PROCESS		19	0.5985957	1.0727676	0.40712073	0.61617476	1.0	1343	tags=11%, list=8%, signal=11%	
GOBP_REGULATION_OF_NATURAL_KILLER_CELL_ACTIVATION	GOBP_REGULATION_OF_NATURAL_KILLER_CELL_ACTIVATION		37	0.55302495	1.0723423	0.36731634	0.61677146	1.0	3366	tags=43%, list=21%, signal=54%	
GOBP_POSITIVE_REGULATION_OF_PROTEIN_LOCALIZATION_TO_CELL_PERIPHERY	GOBP_POSITIVE_REGULATION_OF_PROTEIN_LOCALIZATION_TO_CELL_PERIPHERY		72	0.5171765	1.072306	0.32941177	0.61654997	1.0	1586	tags=24%, list=10%, signal=26%	
GOBP_ESTABLISHMENT_OF_PIGMENT_GRANULE_LOCALIZATION	GOBP_ESTABLISHMENT_OF_PIGMENT_GRANULE_LOCALIZATION		21	0.58198845	1.0722438	0.3974563	0.6163834	1.0	2890	tags=29%, list=18%, signal=35%	
GOBP_REGULATION_OF_CALCINEURIN_MEDIATED_SIGNALING	GOBP_REGULATION_OF_CALCINEURIN_MEDIATED_SIGNALING		37	0.55580866	1.0719645	0.37272727	0.6166791	1.0	1573	tags=30%, list=10%, signal=33%	
GOBP_POSITIVE_REGULATION_OF_MRNA_PROCESSING	GOBP_POSITIVE_REGULATION_OF_MRNA_PROCESSING		22	0.5723872	1.071887	0.38933763	0.6165492	1.0	2663	tags=27%, list=16%, signal=33%	
GOBP_POSITIVE_REGULATION_OF_ERYTHROCYTE_DIFFERENTIATION	GOBP_POSITIVE_REGULATION_OF_ERYTHROCYTE_DIFFERENTIATION		29	0.56469345	1.0718814	0.38557994	0.6162712	1.0	1699	tags=38%, list=10%, signal=42%	
GOBP_POSITIVE_REGULATION_OF_PROTEIN_IMPORT_INTO_NUCLEUS	GOBP_POSITIVE_REGULATION_OF_PROTEIN_IMPORT_INTO_NUCLEUS		37	0.54877543	1.0718421	0.34520122	0.6160612	1.0	978	tags=22%, list=6%, signal=23%	
GOBP_STEROL_HOMEOSTASIS	GOBP_STEROL_HOMEOSTASIS		78	0.5086953	1.0717846	0.3460452	0.6158975	1.0	729	tags=9%, list=4%, signal=9%	
GOBP_HOMOLOGOUS_CHROMOSOME_SEGREGATION	GOBP_HOMOLOGOUS_CHROMOSOME_SEGREGATION		51	0.5408698	1.0715358	0.366322	0.6161104	1.0	1558	tags=10%, list=10%, signal=11%	
GOBP_VESICLE_TARGETING	GOBP_VESICLE_TARGETING		64	0.5219912	1.0714234	0.34509203	0.61607796	1.0	3037	tags=36%, list=19%, signal=44%	
KEGG_STEROID_BIOSYNTHESIS	KEGG_STEROID_BIOSYNTHESIS		15	0.6009446	1.0713785	0.39453718	0.61587346	1.0	1916	tags=27%, list=12%, signal=30%	
GOBP_POSITIVE_REGULATION_OF_VIRAL_GENOME_REPLICATION	GOBP_POSITIVE_REGULATION_OF_VIRAL_GENOME_REPLICATION		28	0.5597598	1.0712372	0.36661467	0.61586523	1.0	1164	tags=21%, list=7%, signal=23%	
GOBP_REGULATION_OF_SODIUM_ION_TRANSPORT	GOBP_REGULATION_OF_SODIUM_ION_TRANSPORT		63	0.52206564	1.0709189	0.36173394	0.6162311	1.0	1566	tags=29%, list=10%, signal=31%	
KEGG_SNARE_INTERACTIONS_IN_VESICULAR_TRANSPORT	KEGG_SNARE_INTERACTIONS_IN_VESICULAR_TRANSPORT		36	0.55730146	1.0702522	0.3718141	0.6174169	1.0	1872	tags=19%, list=12%, signal=22%	
GOBP_HEAT_GENERATION	GOBP_HEAT_GENERATION		16	0.6184708	1.0699776	0.3952381	0.6177225	1.0	3486	tags=38%, list=21%, signal=48%	
GOBP_REGULATION_OF_CYTOSOLIC_CALCIUM_ION_CONCENTRATION	GOBP_REGULATION_OF_CYTOSOLIC_CALCIUM_ION_CONCENTRATION		54	0.53050923	1.0695742	0.3681885	0.61827934	1.0	998	tags=15%, list=6%, signal=16%	
GOBP_MISMATCH_REPAIR	GOBP_MISMATCH_REPAIR		29	0.57299274	1.0695677	0.3834116	0.6180025	1.0	2794	tags=24%, list=17%, signal=29%	
GOBP_LIPOPOLYSACCHARIDE_MEDIATED_SIGNALING_PATHWAY	GOBP_LIPOPOLYSACCHARIDE_MEDIATED_SIGNALING_PATHWAY		58	0.5229508	1.0695105	0.34814814	0.6178233	1.0	2927	tags=48%, list=18%, signal=59%	
GOBP_REGULATION_OF_PROTEIN_MATURATION	GOBP_REGULATION_OF_PROTEIN_MATURATION		51	0.5362818	1.0693618	0.36268657	0.6178106	1.0	530	tags=10%, list=3%, signal=10%	
GOBP_COLUMNAR_CUBOIDAL_EPITHELIAL_CELL_DIFFERENTIATION	GOBP_COLUMNAR_CUBOIDAL_EPITHELIAL_CELL_DIFFERENTIATION		69	0.5105995	1.0693121	0.33185184	0.6176161	1.0	281	tags=9%, list=2%, signal=9%	
GOBP_NUCLEOBASE_CONTAINING_COMPOUND_TRANSPORT	GOBP_NUCLEOBASE_CONTAINING_COMPOUND_TRANSPORT		205	0.49650016	1.0692651	0.29460582	0.61741894	1.0	2216	tags=25%, list=14%, signal=29%	
GOBP_NEGATIVE_REGULATION_OF_BONE_MINERALIZATION	GOBP_NEGATIVE_REGULATION_OF_BONE_MINERALIZATION		15	0.5998775	1.0691576	0.4099379	0.6173406	1.0	1148	tags=33%, list=7%, signal=36%	
MANNO_MIDBRAIN_NEUROTYPES_HOMTN	MANNO_MIDBRAIN_NEUROTYPES_HOMTN		331	0.47258976	1.0691124	0.30779392	0.6171364	1.0	2542	tags=28%, list=16%, signal=33%	
GOBP_PROTEIN_DNA_COMPLEX_DISASSEMBLY	GOBP_PROTEIN_DNA_COMPLEX_DISASSEMBLY		22	0.57064325	1.0689245	0.39301974	0.61725634	1.0	1684	tags=36%, list=10%, signal=41%	
HAY_BONE_MARROW_IMMATURE_NEUTROPHIL	HAY_BONE_MARROW_IMMATURE_NEUTROPHIL		173	0.47857043	1.0685221	0.3264402	0.61780596	1.0	2072	tags=38%, list=13%, signal=43%	
GOBP_PROTON_MOTIVE_FORCE_DRIVEN_ATP_SYNTHESIS	GOBP_PROTON_MOTIVE_FORCE_DRIVEN_ATP_SYNTHESIS		71	0.52244925	1.0684389	0.3414264	0.6176856	1.0	1274	tags=13%, list=8%, signal=14%	
GOBP_REGULATION_OF_LYSOSOMAL_LUMEN_PH	GOBP_REGULATION_OF_LYSOSOMAL_LUMEN_PH		30	0.5536613	1.0683653	0.37055016	0.6175565	1.0	2821	tags=43%, list=17%, signal=52%	
GOBP_STEROL_METABOLIC_PROCESS	GOBP_STEROL_METABOLIC_PROCESS		132	0.49575022	1.0682058	0.32112676	0.6176131	1.0	2031	tags=22%, list=12%, signal=25%	
GOBP_PROTEIN_HETEROTETRAMERIZATION	GOBP_PROTEIN_HETEROTETRAMERIZATION		15	0.60626924	1.0679812	0.41041347	0.6177921	1.0	1407	tags=27%, list=9%, signal=29%	
GOBP_REGULATION_OF_GTPASE_ACTIVITY	GOBP_REGULATION_OF_GTPASE_ACTIVITY		117	0.5048829	1.0679606	0.3164557	0.61753714	1.0	1996	tags=27%, list=12%, signal=31%	
GOBP_REGULATION_OF_LONG_TERM_NEURONAL_SYNAPTIC_PLASTICITY	GOBP_REGULATION_OF_LONG_TERM_NEURONAL_SYNAPTIC_PLASTICITY		25	0.576341	1.0676178	0.378125	0.6179556	1.0	1161	tags=16%, list=7%, signal=17%	
GOBP_DNA_SYNTHESIS_INVOLVED_IN_DNA_REPLICATION	GOBP_DNA_SYNTHESIS_INVOLVED_IN_DNA_REPLICATION		27	0.5585077	1.067398	0.36225265	0.618115	1.0	2497	tags=15%, list=15%, signal=17%	
GOBP_REGULATION_OF_SMALL_GTPASE_MEDIATED_SIGNAL_TRANSDUCTION	GOBP_REGULATION_OF_SMALL_GTPASE_MEDIATED_SIGNAL_TRANSDUCTION		308	0.4799651	1.0673463	0.2936288	0.61793584	1.0	2189	tags=32%, list=13%, signal=36%	
GOBP_OSTEOCLAST_DIFFERENTIATION	GOBP_OSTEOCLAST_DIFFERENTIATION		106	0.500458	1.0672657	0.32857144	0.617803	1.0	1905	tags=25%, list=12%, signal=29%	
GOBP_POSITIVE_REGULATION_OF_PEPTIDYL_SERINE_PHOSPHORYLATION	GOBP_POSITIVE_REGULATION_OF_PEPTIDYL_SERINE_PHOSPHORYLATION		21	0.57703215	1.0672166	0.40127388	0.61761034	1.0	609	tags=10%, list=4%, signal=10%	
GOBP_CELLULAR_RESPONSE_TO_CARBOHYDRATE_STIMULUS	GOBP_CELLULAR_RESPONSE_TO_CARBOHYDRATE_STIMULUS		123	0.49665916	1.0668705	0.34893617	0.6180386	1.0	1874	tags=26%, list=12%, signal=29%	
KEGG_MEDICUS_REFERENCE_ANGIOTENSIN_ALDOSTERONE_SIGNALING_PATHWAY	KEGG_MEDICUS_REFERENCE_ANGIOTENSIN_ALDOSTERONE_SIGNALING_PATHWAY		25	0.5676458	1.0660768	0.37209302	0.61944103	1.0	1811	tags=32%, list=11%, signal=36%	
GOBP_MIDBRAIN_DEVELOPMENT	GOBP_MIDBRAIN_DEVELOPMENT		81	0.5170883	1.0658853	0.33830103	0.61955	1.0	36	tags=2%, list=0%, signal=2%	
KEGG_MEDICUS_REFERENCE_ORGANIZATION_OF_THE_OUTER_KINETOCHORE	KEGG_MEDICUS_REFERENCE_ORGANIZATION_OF_THE_OUTER_KINETOCHORE		17	0.60076666	1.0656424	0.40182647	0.6197658	1.0	4267	tags=41%, list=26%, signal=56%	
GOBP_MORPHOGENESIS_OF_AN_EPITHELIUM	GOBP_MORPHOGENESIS_OF_AN_EPITHELIUM		439	0.46992385	1.06539	0.2855263	0.6200315	1.0	1224	tags=13%, list=8%, signal=14%	
GOBP_REGULATION_OF_CELL_SHAPE	GOBP_REGULATION_OF_CELL_SHAPE		130	0.49544445	1.0649465	0.31631204	0.6206796	1.0	1648	tags=29%, list=10%, signal=32%	
GOBP_RESPONSE_TO_TEMPERATURE_STIMULUS	GOBP_RESPONSE_TO_TEMPERATURE_STIMULUS		158	0.49135652	1.0648109	0.3058659	0.6206838	1.0	1411	tags=16%, list=9%, signal=17%	
GOBP_ORGANISM_EMERGENCE_FROM_PROTECTIVE_STRUCTURE	GOBP_ORGANISM_EMERGENCE_FROM_PROTECTIVE_STRUCTURE		26	0.5693183	1.0646962	0.3993808	0.62062204	1.0	3282	tags=31%, list=20%, signal=38%	
GOBP_REGULATION_OF_NECROPTOTIC_PROCESS	GOBP_REGULATION_OF_NECROPTOTIC_PROCESS		31	0.564521	1.064652	0.36193448	0.62040806	1.0	2607	tags=45%, list=16%, signal=54%	
GOBP_RESPONSE_TO_TUMOR_NECROSIS_FACTOR	GOBP_RESPONSE_TO_TUMOR_NECROSIS_FACTOR		200	0.4862837	1.0645546	0.31669044	0.6203223	1.0	2092	tags=29%, list=13%, signal=33%	
GOBP_SMOOTH_MUSCLE_CONTRACTION	GOBP_SMOOTH_MUSCLE_CONTRACTION		93	0.49676907	1.0641342	0.36186185	0.6208831	1.0	1511	tags=12%, list=9%, signal=13%	
GOBP_RESPONSE_TO_INSULIN	GOBP_RESPONSE_TO_INSULIN		248	0.48390454	1.063762	0.31710526	0.62138814	1.0	2534	tags=32%, list=16%, signal=38%	
GOBP_RETINAL_ROD_CELL_DIFFERENTIATION	GOBP_RETINAL_ROD_CELL_DIFFERENTIATION		15	0.61235	1.0629683	0.4313099	0.6227394	1.0	514	tags=13%, list=3%, signal=14%	
GRAY_2014_FORCEDSWIMSTRESS_UPREGULATED_HC	GRAY_2014_FORCEDSWIMSTRESS_UPREGULATED_HC		69	0.51352954	1.0629531	0.35451978	0.6224823	1.0	1760	tags=19%, list=11%, signal=21%	
GOBP_POSITIVE_REGULATION_OF_MACROPHAGE_DIFFERENTIATION	GOBP_POSITIVE_REGULATION_OF_MACROPHAGE_DIFFERENTIATION		15	0.6090353	1.062673	0.4155251	0.62280566	1.0	2452	tags=33%, list=15%, signal=39%	
GOBP_POSITIVE_REGULATION_OF_G1_S_TRANSITION_OF_MITOTIC_CELL_CYCLE	GOBP_POSITIVE_REGULATION_OF_G1_S_TRANSITION_OF_MITOTIC_CELL_CYCLE		44	0.5334586	1.0624565	0.36567163	0.6229556	1.0	1393	tags=20%, list=9%, signal=22%	
GOBP_NEGATIVE_REGULATION_OF_TYPE_I_INTERFERON_PRODUCTION	GOBP_NEGATIVE_REGULATION_OF_TYPE_I_INTERFERON_PRODUCTION		49	0.52943677	1.0619586	0.384273	0.6237284	1.0	2854	tags=45%, list=18%, signal=54%	
GOBP_POSTSYNAPTIC_MEMBRANE_ORGANIZATION	GOBP_POSTSYNAPTIC_MEMBRANE_ORGANIZATION		44	0.53995454	1.0616264	0.37774524	0.62412983	1.0	2066	tags=27%, list=13%, signal=31%	
GOBP_VESICLE_CYTOSKELETAL_TRAFFICKING	GOBP_VESICLE_CYTOSKELETAL_TRAFFICKING		57	0.52739525	1.0612752	0.36182335	0.6245986	1.0	2265	tags=32%, list=14%, signal=37%	
GOBP_LYSOSOMAL_LUMEN_ACIDIFICATION	GOBP_LYSOSOMAL_LUMEN_ACIDIFICATION		22	0.56361943	1.0601144	0.4175655	0.62677056	1.0	947	tags=27%, list=6%, signal=29%	
GOBP_AMINO_ACID_BIOSYNTHETIC_PROCESS	GOBP_AMINO_ACID_BIOSYNTHETIC_PROCESS		63	0.5249579	1.0599121	0.36048266	0.6269166	1.0	1739	tags=17%, list=11%, signal=19%	
GOBP_POSITIVE_REGULATION_OF_CYTOSOLIC_CALCIUM_ION_CONCENTRATION	GOBP_POSITIVE_REGULATION_OF_CYTOSOLIC_CALCIUM_ION_CONCENTRATION		132	0.49855825	1.0598583	0.33427364	0.6267238	1.0	2439	tags=14%, list=15%, signal=17%	
GOBP_REGULATION_OF_KINASE_ACTIVITY	GOBP_REGULATION_OF_KINASE_ACTIVITY		238	0.4790835	1.0598075	0.3177305	0.6265354	1.0	2310	tags=25%, list=14%, signal=28%	
KEGG_RNA_DEGRADATION	KEGG_RNA_DEGRADATION		55	0.5235619	1.0596905	0.35745937	0.6264908	1.0	3179	tags=36%, list=20%, signal=45%	
GOBP_POSITIVE_REGULATION_OF_AUTOPHAGY_OF_MITOCHONDRION	GOBP_POSITIVE_REGULATION_OF_AUTOPHAGY_OF_MITOCHONDRION		26	0.5565161	1.059072	0.3939394	0.62745994	1.0	1110	tags=27%, list=7%, signal=29%	
GOBP_CELLULAR_OXIDANT_DETOXIFICATION	GOBP_CELLULAR_OXIDANT_DETOXIFICATION		69	0.5165746	1.0584209	0.37188873	0.6285513	1.0	381	tags=7%, list=2%, signal=7%	
GOBP_REGULATION_OF_MONONUCLEAR_CELL_MIGRATION	GOBP_REGULATION_OF_MONONUCLEAR_CELL_MIGRATION		132	0.48382688	1.0580252	0.34078214	0.62912655	1.0	1616	tags=25%, list=10%, signal=28%	
GOBP_DETOXIFICATION	GOBP_DETOXIFICATION		119	0.4813501	1.0580122	0.34142858	0.6288631	1.0	1733	tags=16%, list=11%, signal=18%	
GOBP_PIGMENT_GRANULE_LOCALIZATION	GOBP_PIGMENT_GRANULE_LOCALIZATION		23	0.57246184	1.0574574	0.39878234	0.6297457	1.0	2890	tags=26%, list=18%, signal=32%	
GOBP_NEGATIVE_REGULATION_OF_EXTRACELLULAR_MATRIX_ORGANIZATION	GOBP_NEGATIVE_REGULATION_OF_EXTRACELLULAR_MATRIX_ORGANIZATION		15	0.5915578	1.0566494	0.44167963	0.6311735	1.0	67	tags=7%, list=0%, signal=7%	
GANDAL_2018_SCHIZOPHRENIA_UPREGULATED_PFC	GANDAL_2018_SCHIZOPHRENIA_UPREGULATED_PFC		262	0.47319987	1.0561607	0.3166441	0.6319369	1.0	1206	tags=19%, list=7%, signal=20%	
GOBP_REGULATION_OF_PEPTIDYL_SERINE_PHOSPHORYLATION	GOBP_REGULATION_OF_PEPTIDYL_SERINE_PHOSPHORYLATION		29	0.55846196	1.0561125	0.40029326	0.6317545	1.0	1870	tags=21%, list=11%, signal=23%	
GOBP_POSITIVE_REGULATION_OF_SODIUM_ION_TRANSMEMBRANE_TRANSPORT	GOBP_POSITIVE_REGULATION_OF_SODIUM_ION_TRANSMEMBRANE_TRANSPORT		17	0.5888155	1.0560108	0.4290375	0.6317006	1.0	2257	tags=41%, list=14%, signal=48%	
KEGG_MEDICUS_REFERENCE_MACHR_CA2_APOPTOTIC_PATHWAY	KEGG_MEDICUS_REFERENCE_MACHR_CA2_APOPTOTIC_PATHWAY		18	0.59255075	1.055934	0.42767295	0.6315686	1.0	3073	tags=56%, list=19%, signal=68%	
GOBP_SEGMENTATION	GOBP_SEGMENTATION		81	0.49598372	1.0556788	0.35703704	0.63180566	1.0	2818	tags=25%, list=17%, signal=30%	
KEGG_CYTOKINE_CYTOKINE_RECEPTOR_INTERACTION	KEGG_CYTOKINE_CYTOKINE_RECEPTOR_INTERACTION		189	0.48923415	1.0555404	0.30921987	0.631806	1.0	1355	tags=10%, list=8%, signal=11%	
GOBP_RESPONSE_TO_MONOSACCHARIDE	GOBP_RESPONSE_TO_MONOSACCHARIDE		161	0.48292357	1.0555185	0.34582132	0.63155216	1.0	1638	tags=20%, list=10%, signal=22%	
GOBP_REGULATION_OF_CELL_MATRIX_ADHESION	GOBP_REGULATION_OF_CELL_MATRIX_ADHESION		112	0.49247932	1.0550767	0.33956835	0.6321934	1.0	1549	tags=24%, list=10%, signal=26%	
KEGG_MEDICUS_REFERENCE_TNF_JNK_SIGNALING_PATHWAY	KEGG_MEDICUS_REFERENCE_TNF_JNK_SIGNALING_PATHWAY		16	0.60752445	1.0550373	0.42589703	0.6319861	1.0	3486	tags=56%, list=21%, signal=72%	
HU_FETAL_RETINA_PHOTORECEPTOR	HU_FETAL_RETINA_PHOTORECEPTOR		49	0.523103	1.054948	0.3871951	0.6318788	1.0	784	tags=14%, list=5%, signal=15%	
GOBP_REGULATION_OF_MEMBRANE_PERMEABILITY	GOBP_REGULATION_OF_MEMBRANE_PERMEABILITY		60	0.51212466	1.0545783	0.36024845	0.6323603	1.0	1785	tags=23%, list=11%, signal=26%	
GOBP_VIRAL_TRANSCRIPTION	GOBP_VIRAL_TRANSCRIPTION		23	0.57020617	1.0542171	0.40699524	0.6328557	1.0	2464	tags=30%, list=15%, signal=36%	
PARK_2011_COEXPRESSION_HIPPOCAMPUS_MOUSE_LIGHTCYAN	PARK_2011_COEXPRESSION_HIPPOCAMPUS_MOUSE_LIGHTCYAN		494	0.4623045	1.053623	0.29755434	0.6338789	1.0	1974	tags=25%, list=12%, signal=28%	
GOBP_NEURAL_RETINA_DEVELOPMENT	GOBP_NEURAL_RETINA_DEVELOPMENT		72	0.50106055	1.0535718	0.35568514	0.63369346	1.0	1653	tags=15%, list=10%, signal=17%	
GOBP_MEIOTIC_CELL_CYCLE_PROCESS	GOBP_MEIOTIC_CELL_CYCLE_PROCESS		183	0.48237282	1.0533762	0.3460452	0.63382256	1.0	2615	tags=15%, list=16%, signal=17%	
KEGG_WNT_SIGNALING_PATHWAY	KEGG_WNT_SIGNALING_PATHWAY		141	0.48385823	1.0531219	0.34986225	0.6340659	1.0	2277	tags=24%, list=14%, signal=28%	
GOBP_ENDOPLASMIC_RETICULUM_TUBULAR_NETWORK_ORGANIZATION	GOBP_ENDOPLASMIC_RETICULUM_TUBULAR_NETWORK_ORGANIZATION		23	0.56460226	1.0530447	0.4126739	0.6339296	1.0	2655	tags=30%, list=16%, signal=36%	
GOBP_REGULATION_OF_T_CELL_MIGRATION	GOBP_REGULATION_OF_T_CELL_MIGRATION		47	0.5415021	1.0529495	0.37185186	0.6338321	1.0	1996	tags=32%, list=12%, signal=36%	
GOBP_EMBRYONIC_DIGESTIVE_TRACT_DEVELOPMENT	GOBP_EMBRYONIC_DIGESTIVE_TRACT_DEVELOPMENT		29	0.55822927	1.0527143	0.40675476	0.63402	1.0	1546	tags=17%, list=10%, signal=19%	
GOBP_VENTRICULAR_CARDIAC_MUSCLE_CELL_ACTION_POTENTIAL	GOBP_VENTRICULAR_CARDIAC_MUSCLE_CELL_ACTION_POTENTIAL		33	0.5508326	1.0526791	0.40337422	0.6337981	1.0	2675	tags=24%, list=16%, signal=29%	
GOBP_REGULATION_OF_SYNAPTIC_TRANSMISSION_GABAERGIC	GOBP_REGULATION_OF_SYNAPTIC_TRANSMISSION_GABAERGIC		37	0.54481006	1.0526749	0.4023155	0.63351405	1.0	2670	tags=32%, list=16%, signal=39%	
GOBP_CELLULAR_RESPONSE_TO_DEXAMETHASONE_STIMULUS	GOBP_CELLULAR_RESPONSE_TO_DEXAMETHASONE_STIMULUS		23	0.56687874	1.0522757	0.41321045	0.63404536	1.0	1962	tags=35%, list=12%, signal=39%	
GOBP_PROGRAMMED_NECROTIC_CELL_DEATH	GOBP_PROGRAMMED_NECROTIC_CELL_DEATH		55	0.52216864	1.0522559	0.38643068	0.63379025	1.0	2614	tags=36%, list=16%, signal=43%	
GOBP_REGULATION_OF_LONG_TERM_SYNAPTIC_DEPRESSION	GOBP_REGULATION_OF_LONG_TERM_SYNAPTIC_DEPRESSION		16	0.59428084	1.0515312	0.43485343	0.63503915	1.0	1277	tags=31%, list=8%, signal=34%	
GOBP_REGULATION_OF_COAGULATION	GOBP_REGULATION_OF_COAGULATION		65	0.5109873	1.0514324	0.37125748	0.634961	1.0	439	tags=6%, list=3%, signal=6%	
GOBP_REGULATION_OF_MONOCYTE_CHEMOTAXIS	GOBP_REGULATION_OF_MONOCYTE_CHEMOTAXIS		25	0.5603372	1.051264	0.40614888	0.635045	1.0	1588	tags=40%, list=10%, signal=44%	
GOBP_RESPONSE_TO_FLUID_SHEAR_STRESS	GOBP_RESPONSE_TO_FLUID_SHEAR_STRESS		58	0.5271911	1.0511127	0.36447167	0.6350684	1.0	1520	tags=26%, list=9%, signal=28%	
GOBP_MITOPHAGY	GOBP_MITOPHAGY		91	0.49605316	1.0507987	0.35745296	0.6354469	1.0	2440	tags=29%, list=15%, signal=33%	
GOBP_REGULATION_OF_PROGRAMMED_NECROTIC_CELL_DEATH	GOBP_REGULATION_OF_PROGRAMMED_NECROTIC_CELL_DEATH		36	0.547593	1.0501506	0.3942598	0.63654405	1.0	2607	tags=42%, list=16%, signal=50%	
GOBP_PLACENTA_DEVELOPMENT	GOBP_PLACENTA_DEVELOPMENT		135	0.49048653	1.0500884	0.34156978	0.6363924	1.0	1546	tags=18%, list=10%, signal=19%	
GOBP_REGULATION_OF_MICROTUBULE_POLYMERIZATION_OR_DEPOLYMERIZATION	GOBP_REGULATION_OF_MICROTUBULE_POLYMERIZATION_OR_DEPOLYMERIZATION		96	0.49712023	1.0500541	0.3558106	0.63616997	1.0	1995	tags=30%, list=12%, signal=34%	
PARK_2011_COEXPRESSION_HIPPOCAMPUS_MOUSE_DARKRED	PARK_2011_COEXPRESSION_HIPPOCAMPUS_MOUSE_DARKRED		84	0.49768314	1.0500361	0.34632683	0.6359237	1.0	3003	tags=23%, list=18%, signal=28%	
GOBP_POSITIVE_REGULATION_OF_GTPASE_ACTIVITY	GOBP_POSITIVE_REGULATION_OF_GTPASE_ACTIVITY		79	0.51562077	1.0500075	0.384273	0.63569945	1.0	1982	tags=29%, list=12%, signal=33%	
GOBP_REGULATION_OF_CARDIAC_MUSCLE_CONTRACTION	GOBP_REGULATION_OF_CARDIAC_MUSCLE_CONTRACTION		74	0.50137365	1.0493833	0.3488372	0.63675076	1.0	1039	tags=11%, list=6%, signal=11%	
GOBP_NEGATIVE_REGULATION_OF_NON_CANONICAL_NF_KAPPAB_SIGNAL_TRANSDUCTION	GOBP_NEGATIVE_REGULATION_OF_NON_CANONICAL_NF_KAPPAB_SIGNAL_TRANSDUCTION		24	0.56100893	1.0493251	0.40305343	0.63658565	1.0	2922	tags=42%, list=18%, signal=51%	
GEMMA_GSE117758_CELL-TYPE_SPECIFIC_TRANSCRIPTIONAL_PROFILING_OF_GLUCOCORTICOID_RECEPTOR-DEPENDENT_CHANGES_IN_THE_NUCLEUS_ACCUMBENS_CELL_TYPE_TREATMENT_NEURON_UP	GEMMA_GSE117758_CELL-TYPE_SPECIFIC_TRANSCRIPTIONAL_PROFILING_OF_GLUCOCORTICOID_RECEPTOR-DEPENDENT_CHANGES_IN_THE_NUCLEUS_ACCUMBENS_CELL_TYPE_TREATMENT_NEURON_UP		27	0.55403125	1.0491204	0.415625	0.63671505	1.0	3876	tags=44%, list=24%, signal=58%	
GOBP_MUSCLE_CELL_DEVELOPMENT	GOBP_MUSCLE_CELL_DEVELOPMENT		171	0.4833444	1.0491185	0.34320322	0.63642514	1.0	2081	tags=20%, list=13%, signal=23%	
POMEROY_MEDULLOBLASTOMA_DESMOPLASIC_VS_CLASSIC_UP	POMEROY_MEDULLOBLASTOMA_DESMOPLASIC_VS_CLASSIC_UP		54	0.52090335	1.0488325	0.39027983	0.6367224	1.0	1512	tags=20%, list=9%, signal=22%	
KEGG_MEDICUS_REFERENCE_MGLUR5_CA2_APOPTOTIC_PATHWAY	KEGG_MEDICUS_REFERENCE_MGLUR5_CA2_APOPTOTIC_PATHWAY		20	0.58178693	1.0486377	0.4186414	0.6368427	1.0	1924	tags=35%, list=12%, signal=40%	
GOBP_NEGATIVE_REGULATION_OF_ENDOPLASMIC_RETICULUM_STRESS_INDUCED_INTRINSIC_APOPTOTIC_SIGNALING_PATHWAY	GOBP_NEGATIVE_REGULATION_OF_ENDOPLASMIC_RETICULUM_STRESS_INDUCED_INTRINSIC_APOPTOTIC_SIGNALING_PATHWAY		19	0.5789249	1.0485232	0.41013825	0.63680154	1.0	1785	tags=37%, list=11%, signal=41%	
GOBP_POSITIVE_REGULATION_OF_PROGRAMMED_CELL_DEATH	GOBP_POSITIVE_REGULATION_OF_PROGRAMMED_CELL_DEATH		481	0.4675608	1.0483407	0.28787878	0.6369147	1.0	1994	tags=23%, list=12%, signal=25%	
GOBP_STEROID_METABOLIC_PROCESS	GOBP_STEROID_METABOLIC_PROCESS		252	0.46878973	1.0482389	0.32373112	0.6368537	1.0	1495	tags=15%, list=9%, signal=16%	
GOBP_POSITIVE_REGULATION_OF_RESPONSE_TO_ENDOPLASMIC_RETICULUM_STRESS	GOBP_POSITIVE_REGULATION_OF_RESPONSE_TO_ENDOPLASMIC_RETICULUM_STRESS		40	0.53707737	1.0480163	0.4108527	0.6370191	1.0	1813	tags=23%, list=11%, signal=25%	
GOBP_POSITIVE_REGULATION_OF_ATP_DEPENDENT_ACTIVITY	GOBP_POSITIVE_REGULATION_OF_ATP_DEPENDENT_ACTIVITY		18	0.58830833	1.0477585	0.43818465	0.6372799	1.0	115	tags=6%, list=1%, signal=6%	
GOBP_EXPLORATION_BEHAVIOR	GOBP_EXPLORATION_BEHAVIOR		40	0.5309412	1.0476695	0.3921283	0.63717806	1.0	864	tags=13%, list=5%, signal=13%	
GOBP_EXCITATORY_SYNAPSE_ASSEMBLY	GOBP_EXCITATORY_SYNAPSE_ASSEMBLY		43	0.52826685	1.0472815	0.3877551	0.6376597	1.0	2074	tags=33%, list=13%, signal=37%	
GOBP_STEM_CELL_DIFFERENTIATION	GOBP_STEM_CELL_DIFFERENTIATION		222	0.47196048	1.0470086	0.34642357	0.63793606	1.0	1814	tags=21%, list=11%, signal=23%	
GOBP_SPINDLE_ASSEMBLY	GOBP_SPINDLE_ASSEMBLY		133	0.48521462	1.0466287	0.348637	0.6384269	1.0	3016	tags=30%, list=19%, signal=37%	
KEGG_MEDICUS_VARIANT_MUTATION_CAUSED_ABBERANT_ATXN2_3_TO_MGLUR5_CA2_APOPTOTIC_PATHWAY	KEGG_MEDICUS_VARIANT_MUTATION_CAUSED_ABBERANT_ATXN2_3_TO_MGLUR5_CA2_APOPTOTIC_PATHWAY		16	0.5944324	1.0460644	0.42508143	0.6393445	1.0	2216	tags=38%, list=14%, signal=43%	
GOBP_ESTABLISHMENT_OF_MITOCHONDRION_LOCALIZATION	GOBP_ESTABLISHMENT_OF_MITOCHONDRION_LOCALIZATION		36	0.5390446	1.0459763	0.4090909	0.6392479	1.0	748	tags=17%, list=5%, signal=17%	
GOBP_TRANSCRIPTION_INITIATION_AT_RNA_POLYMERASE_II_PROMOTER	GOBP_TRANSCRIPTION_INITIATION_AT_RNA_POLYMERASE_II_PROMOTER		178	0.48165256	1.0459398	0.34379458	0.639028	1.0	2168	tags=20%, list=13%, signal=22%	
GOBP_CELL_SURFACE_PATTERN_RECOGNITION_RECEPTOR_SIGNALING_PATHWAY	GOBP_CELL_SURFACE_PATTERN_RECOGNITION_RECEPTOR_SIGNALING_PATHWAY		72	0.50592417	1.0455947	0.4008942	0.6394985	1.0	1698	tags=28%, list=10%, signal=31%	
GOBP_FIBROBLAST_APOPTOTIC_PROCESS	GOBP_FIBROBLAST_APOPTOTIC_PROCESS		16	0.58264214	1.0452061	0.42391303	0.6400027	1.0	2401	tags=63%, list=15%, signal=73%	
GOBP_PROTEIN_MODIFICATION_BY_SMALL_PROTEIN_REMOVAL	GOBP_PROTEIN_MODIFICATION_BY_SMALL_PROTEIN_REMOVAL		112	0.5067727	1.0447026	0.3512748	0.640774	1.0	2169	tags=21%, list=13%, signal=24%	
GOBP_NEUROEPITHELIAL_CELL_DIFFERENTIATION	GOBP_NEUROEPITHELIAL_CELL_DIFFERENTIATION		31	0.5488856	1.0444648	0.40184048	0.6409508	1.0	281	tags=13%, list=2%, signal=13%	
GOBP_NEUROMUSCULAR_PROCESS_CONTROLLING_POSTURE	GOBP_NEUROMUSCULAR_PROCESS_CONTROLLING_POSTURE		17	0.58380514	1.0440049	0.46189734	0.6416458	1.0	2134	tags=35%, list=13%, signal=41%	
GOBP_POSITIVE_REGULATION_OF_CELL_CYCLE_G1_S_PHASE_TRANSITION	GOBP_POSITIVE_REGULATION_OF_CELL_CYCLE_G1_S_PHASE_TRANSITION		53	0.5155537	1.0438169	0.39970717	0.64174646	1.0	1393	tags=19%, list=9%, signal=21%	
GOBP_FAT_CELL_DIFFERENTIATION	GOBP_FAT_CELL_DIFFERENTIATION		233	0.47692886	1.0437993	0.34062928	0.64149684	1.0	2235	tags=20%, list=14%, signal=23%	
COATES_MACROPHAGE_M1_VS_M2_UP	COATES_MACROPHAGE_M1_VS_M2_UP		77	0.5028938	1.0436898	0.37147102	0.6414446	1.0	1232	tags=25%, list=8%, signal=27%	
GOBP_NEUROTRANSMITTER_RECEPTOR_TRANSPORT_TO_PLASMA_MEMBRANE	GOBP_NEUROTRANSMITTER_RECEPTOR_TRANSPORT_TO_PLASMA_MEMBRANE		15	0.5955216	1.0432979	0.42992127	0.64195013	1.0	524	tags=13%, list=3%, signal=14%	
GOBP_PROTEIN_POLYUBIQUITINATION	GOBP_PROTEIN_POLYUBIQUITINATION		254	0.46167538	1.043092	0.3574352	0.6420836	1.0	2088	tags=21%, list=13%, signal=24%	
GOBP_REACTIVE_OXYGEN_SPECIES_METABOLIC_PROCESS	GOBP_REACTIVE_OXYGEN_SPECIES_METABOLIC_PROCESS		198	0.4741367	1.0429941	0.35539567	0.64198357	1.0	1785	tags=24%, list=11%, signal=26%	
GOBP_OLFACTORY_LOBE_DEVELOPMENT	GOBP_OLFACTORY_LOBE_DEVELOPMENT		36	0.5422678	1.0429081	0.39817628	0.6418821	1.0	674	tags=8%, list=4%, signal=9%	
GOBP_NEGATIVE_REGULATION_OF_MEMBRANE_PERMEABILITY	GOBP_NEGATIVE_REGULATION_OF_MEMBRANE_PERMEABILITY		17	0.58320206	1.0427669	0.43457943	0.6418902	1.0	1639	tags=29%, list=10%, signal=33%	
GOBP_BIOLOGICAL_PROCESS_INVOLVED_IN_INTRASPECIES_INTERACTION_BETWEEN_ORGANISMS	GOBP_BIOLOGICAL_PROCESS_INVOLVED_IN_INTRASPECIES_INTERACTION_BETWEEN_ORGANISMS		55	0.51712	1.0426136	0.39071855	0.641906	1.0	2611	tags=29%, list=16%, signal=35%	
GOBP_MITOTIC_SPINDLE_ORGANIZATION	GOBP_MITOTIC_SPINDLE_ORGANIZATION		131	0.478702	1.0422372	0.3901099	0.6423627	1.0	3016	tags=27%, list=19%, signal=33%	
GOBP_REGULATION_OF_PROTEIN_TARGETING	GOBP_REGULATION_OF_PROTEIN_TARGETING		72	0.49887326	1.0419679	0.375	0.64264184	1.0	2528	tags=39%, list=16%, signal=46%	
PARK_2011_COEXPRESSION_HIPPOCAMPUS_MOUSE_BLACK	PARK_2011_COEXPRESSION_HIPPOCAMPUS_MOUSE_BLACK		342	0.4516919	1.0418175	0.35390946	0.642653	1.0	2764	tags=32%, list=17%, signal=38%	
MURAL_ALL_ZEISEL_SCIENCE_2015	MURAL_ALL_ZEISEL_SCIENCE_2015		122	0.47716823	1.041695	0.37935844	0.6426132	1.0	542	tags=6%, list=3%, signal=6%	
GOBP_ASTROCYTE_ACTIVATION	GOBP_ASTROCYTE_ACTIVATION		22	0.5648924	1.0414065	0.41679627	0.64293814	1.0	1373	tags=27%, list=8%, signal=30%	
GOBP_LIPID_DROPLET_ORGANIZATION	GOBP_LIPID_DROPLET_ORGANIZATION		39	0.5174754	1.0413458	0.3882175	0.64276814	1.0	1416	tags=18%, list=9%, signal=20%	
GOBP_POSITIVE_REGULATION_OF_PROTEIN_LOCALIZATION_TO_CELL_SURFACE	GOBP_POSITIVE_REGULATION_OF_PROTEIN_LOCALIZATION_TO_CELL_SURFACE		21	0.57550436	1.0412856	0.45061728	0.6426094	1.0	1586	tags=24%, list=10%, signal=26%	
GOBP_NUCLEUS_ORGANIZATION	GOBP_NUCLEUS_ORGANIZATION		133	0.48495495	1.0410779	0.36908078	0.6427451	1.0	1823	tags=21%, list=11%, signal=24%	
GOBP_MONOCYTE_CHEMOTAXIS	GOBP_MONOCYTE_CHEMOTAXIS		43	0.52110565	1.0409294	0.39719626	0.6427935	1.0	1588	tags=28%, list=10%, signal=31%	
VERHAAK_GLIOBLASTOMA_MESENCHYMAL	VERHAAK_GLIOBLASTOMA_MESENCHYMAL		193	0.47201478	1.0408834	0.34366196	0.6426014	1.0	1298	tags=26%, list=8%, signal=28%	
GOBP_ODONTOBLAST_DIFFERENTIATION	GOBP_ODONTOBLAST_DIFFERENTIATION		17	0.59103227	1.0408576	0.42391303	0.6423626	1.0	281	tags=24%, list=2%, signal=24%	
GOBP_PODOSOME_ASSEMBLY	GOBP_PODOSOME_ASSEMBLY		17	0.57409924	1.0406128	0.46191248	0.6425842	1.0	1414	tags=24%, list=9%, signal=26%	
KEGG_PYRUVATE_METABOLISM	KEGG_PYRUVATE_METABOLISM		34	0.53499055	1.0404285	0.4012158	0.64268196	1.0	2476	tags=29%, list=15%, signal=35%	
GEMMA_GSE81672_KETAMINE_AND_IMIPRAMINE_REVERSE_TRANSCRIPTIONAL_SIGNATURES_OF_SUSCEPTIBILITY_AND_INDUCE_RESILIENCE-SPECIFIC_GENE_EXPRESSION_PROFILES_HC_TREATMENT_KETAMINE_DOWN	GEMMA_GSE81672_KETAMINE_AND_IMIPRAMINE_REVERSE_TRANSCRIPTIONAL_SIGNATURES_OF_SUSCEPTIBILITY_AND_INDUCE_RESILIENCE-SPECIFIC_GENE_EXPRESSION_PROFILES_HC_TREATMENT_KETAMINE_DOWN		17	0.588962	1.0403769	0.44084278	0.6424859	1.0	3848	tags=24%, list=24%, signal=31%	
GOBP_EPIDERMAL_CELL_DIFFERENTIATION	GOBP_EPIDERMAL_CELL_DIFFERENTIATION		158	0.4774032	1.0403721	0.34433284	0.6422121	1.0	1425	tags=13%, list=9%, signal=14%	
GOBP_NEGATIVE_REGULATION_OF_CGAS_STING_SIGNALING_PATHWAY	GOBP_NEGATIVE_REGULATION_OF_CGAS_STING_SIGNALING_PATHWAY		16	0.5795564	1.0402513	0.43949044	0.6421864	1.0	2043	tags=25%, list=13%, signal=29%	
GOBP_FAT_CELL_PROLIFERATION	GOBP_FAT_CELL_PROLIFERATION		20	0.56073993	1.040243	0.41950464	0.6419165	1.0	1281	tags=20%, list=8%, signal=22%	
GEMMA_GSE117758_CELL-TYPE_SPECIFIC_TRANSCRIPTIONAL_PROFILING_OF_GLUCOCORTICOID_RECEPTOR-DEPENDENT_CHANGES_IN_THE_NUCLEUS_ACCUMBENS_CELL_TYPE_TREATMENT_ASTROCYTE_DOWN	GEMMA_GSE117758_CELL-TYPE_SPECIFIC_TRANSCRIPTIONAL_PROFILING_OF_GLUCOCORTICOID_RECEPTOR-DEPENDENT_CHANGES_IN_THE_NUCLEUS_ACCUMBENS_CELL_TYPE_TREATMENT_ASTROCYTE_DOWN		23	0.55456436	1.0398927	0.41729894	0.6423272	1.0	3446	tags=43%, list=21%, signal=55%	
GOBP_POSITIVE_REGULATION_OF_CELL_PROJECTION_ORGANIZATION	GOBP_POSITIVE_REGULATION_OF_CELL_PROJECTION_ORGANIZATION		334	0.455568	1.0398133	0.35006785	0.6422165	1.0	1883	tags=25%, list=12%, signal=28%	
GOBP_VESICLE_TRANSPORT_ALONG_MICROTUBULE	GOBP_VESICLE_TRANSPORT_ALONG_MICROTUBULE		46	0.52230865	1.0392373	0.39792898	0.6431075	1.0	2852	tags=39%, list=18%, signal=47%	
GOBP_INTERSTRAND_CROSS_LINK_REPAIR	GOBP_INTERSTRAND_CROSS_LINK_REPAIR		40	0.5308462	1.038897	0.39879155	0.6435556	1.0	919	tags=5%, list=6%, signal=5%	
GOBP_POLYOL_METABOLIC_PROCESS	GOBP_POLYOL_METABOLIC_PROCESS		88	0.4957149	1.0387686	0.36363637	0.6435135	1.0	2335	tags=17%, list=14%, signal=20%	
GOBP_DETECTION_OF_STIMULUS	GOBP_DETECTION_OF_STIMULUS		180	0.47794512	1.0386474	0.37393767	0.64348793	1.0	2013	tags=17%, list=12%, signal=19%	
GOBP_BRANCHING_INVOLVED_IN_SALIVARY_GLAND_MORPHOGENESIS	GOBP_BRANCHING_INVOLVED_IN_SALIVARY_GLAND_MORPHOGENESIS		21	0.56164443	1.0385501	0.43375394	0.6434147	1.0	1963	tags=29%, list=12%, signal=32%	
GOBP_POSITIVE_REGULATION_OF_APOPTOTIC_SIGNALING_PATHWAY	GOBP_POSITIVE_REGULATION_OF_APOPTOTIC_SIGNALING_PATHWAY		135	0.4786229	1.0385246	0.36363637	0.64317757	1.0	1388	tags=18%, list=9%, signal=19%	
GOBP_AUTOPHAGY_OF_MITOCHONDRION	GOBP_AUTOPHAGY_OF_MITOCHONDRION		109	0.48071232	1.0385233	0.3687231	0.6428933	1.0	2440	tags=28%, list=15%, signal=32%	
GOBP_POSITIVE_REGULATION_OF_DENDRITIC_SPINE_DEVELOPMENT	GOBP_POSITIVE_REGULATION_OF_DENDRITIC_SPINE_DEVELOPMENT		38	0.5441169	1.038491	0.4236006	0.64266664	1.0	1474	tags=18%, list=9%, signal=20%	
GOBP_CELL_MIGRATION_IN_HINDBRAIN	GOBP_CELL_MIGRATION_IN_HINDBRAIN		15	0.5877559	1.0381207	0.425	0.6431375	1.0	414	tags=20%, list=3%, signal=21%	
KEGG_PROTEASOME	KEGG_PROTEASOME		41	0.5261877	1.0380243	0.40029985	0.6430587	1.0	1560	tags=20%, list=10%, signal=22%	
GOBP_REGULATION_OF_MICROTUBULE_NUCLEATION	GOBP_REGULATION_OF_MICROTUBULE_NUCLEATION		16	0.58843035	1.0380081	0.42972535	0.6427984	1.0	873	tags=19%, list=5%, signal=20%	
GOBP_POSITIVE_REGULATION_OF_RNA_SPLICING	GOBP_POSITIVE_REGULATION_OF_RNA_SPLICING		32	0.5435446	1.0376207	0.42424244	0.6433528	1.0	1469	tags=25%, list=9%, signal=27%	
GOBP_RAB_PROTEIN_SIGNAL_TRANSDUCTION	GOBP_RAB_PROTEIN_SIGNAL_TRANSDUCTION		23	0.56159884	1.0375745	0.440625	0.6431624	1.0	2741	tags=43%, list=17%, signal=52%	
GOBP_ANIMAL_ORGAN_MATURATION	GOBP_ANIMAL_ORGAN_MATURATION		26	0.5467636	1.0375534	0.4203125	0.6429248	1.0	1173	tags=12%, list=7%, signal=12%	
GOBP_ICOSANOID_SECRETION	GOBP_ICOSANOID_SECRETION		29	0.53938544	1.0374311	0.42015505	0.6428726	1.0	1718	tags=17%, list=11%, signal=19%	
HU_FETAL_RETINA_AMACRINE	HU_FETAL_RETINA_AMACRINE		55	0.51850337	1.0372604	0.39371258	0.6429609	1.0	1240	tags=27%, list=8%, signal=29%	
GOBP_POSITIVE_REGULATION_OF_PROTEIN_LOCALIZATION_TO_PLASMA_MEMBRANE	GOBP_POSITIVE_REGULATION_OF_PROTEIN_LOCALIZATION_TO_PLASMA_MEMBRANE		60	0.50938326	1.0371269	0.3884058	0.64292985	1.0	1586	tags=23%, list=10%, signal=26%	
GOBP_POSTSYNAPSE_ASSEMBLY	GOBP_POSTSYNAPSE_ASSEMBLY		85	0.49374098	1.036807	0.35302392	0.6432882	1.0	1441	tags=20%, list=9%, signal=22%	
GOBP_AXONAL_TRANSPORT	GOBP_AXONAL_TRANSPORT		68	0.51021355	1.0366479	0.38081396	0.64333457	1.0	956	tags=19%, list=6%, signal=20%	
GOBP_POSITIVE_REGULATION_OF_CALCIUM_ION_IMPORT	GOBP_POSITIVE_REGULATION_OF_CALCIUM_ION_IMPORT		23	0.5590099	1.0357356	0.41961414	0.6450245	1.0	876	tags=13%, list=5%, signal=14%	
GOBP_REGULATION_OF_CILIUM_DEPENDENT_CELL_MOTILITY	GOBP_REGULATION_OF_CILIUM_DEPENDENT_CELL_MOTILITY		22	0.55334985	1.0355579	0.42835367	0.64510584	1.0	515	tags=5%, list=3%, signal=5%	
DESCARTES_FETAL_EYE_SMOOTH_MUSCLE_CELLS	DESCARTES_FETAL_EYE_SMOOTH_MUSCLE_CELLS		51	0.5129902	1.0354719	0.38403615	0.64500636	1.0	1613	tags=10%, list=10%, signal=11%	
GOBP_VESICLE_BUDDING_FROM_MEMBRANE	GOBP_VESICLE_BUDDING_FROM_MEMBRANE		84	0.4911451	1.0351845	0.34890512	0.6453421	1.0	3037	tags=37%, list=19%, signal=45%	
GOBP_SODIUM_ION_IMPORT_ACROSS_PLASMA_MEMBRANE	GOBP_SODIUM_ION_IMPORT_ACROSS_PLASMA_MEMBRANE		25	0.55681115	1.0350488	0.42242703	0.64534664	1.0	3566	tags=24%, list=22%, signal=31%	
GOBP_RESPONSE_TO_LEAD_ION	GOBP_RESPONSE_TO_LEAD_ION		17	0.5864829	1.0349298	0.45007923	0.64529836	1.0	1733	tags=29%, list=11%, signal=33%	
GOBP_REGULATION_OF_PROTEIN_CATABOLIC_PROCESS	GOBP_REGULATION_OF_PROTEIN_CATABOLIC_PROCESS		373	0.45111036	1.0347605	0.35135135	0.6453895	1.0	1283	tags=14%, list=8%, signal=15%	
KEGG_MEDICUS_REFERENCE_IFN_RIPK1_3_SIGNALING_PATHWAY	KEGG_MEDICUS_REFERENCE_IFN_RIPK1_3_SIGNALING_PATHWAY		15	0.5871929	1.0345768	0.4624183	0.64547724	1.0	2159	tags=60%, list=13%, signal=69%	
HALLMARK_PEROXISOME	HALLMARK_PEROXISOME		95	0.4910605	1.0344733	0.38921282	0.6453989	1.0	1733	tags=17%, list=11%, signal=19%	
GOBP_MATERNAL_PROCESS_INVOLVED_IN_FEMALE_PREGNANCY	GOBP_MATERNAL_PROCESS_INVOLVED_IN_FEMALE_PREGNANCY		48	0.51333785	1.0342795	0.41950464	0.64553976	1.0	1059	tags=15%, list=7%, signal=16%	
KEGG_MEDICUS_REFERENCE_TCR_PLCG_ITPR_SIGNALING_PATHWAY	KEGG_MEDICUS_REFERENCE_TCR_PLCG_ITPR_SIGNALING_PATHWAY		18	0.5685121	1.0337842	0.43512657	0.6463026	1.0	3159	tags=61%, list=19%, signal=76%	
GOBP_LIPID_HOMEOSTASIS	GOBP_LIPID_HOMEOSTASIS		148	0.47470883	1.0333381	0.35337242	0.6469996	1.0	1283	tags=11%, list=8%, signal=12%	
GOBP_SYNAPSE_MATURATION	GOBP_SYNAPSE_MATURATION		43	0.5211321	1.0325338	0.42900303	0.6483761	1.0	1957	tags=35%, list=12%, signal=40%	
GOBP_BONE_RESORPTION	GOBP_BONE_RESORPTION		59	0.5088645	1.0324831	0.39732143	0.6482004	1.0	1153	tags=17%, list=7%, signal=18%	
GOBP_REGULATION_OF_ENDOPLASMIC_RETICULUM_STRESS_INDUCED_INTRINSIC_APOPTOTIC_SIGNALING_PATHWAY	GOBP_REGULATION_OF_ENDOPLASMIC_RETICULUM_STRESS_INDUCED_INTRINSIC_APOPTOTIC_SIGNALING_PATHWAY		34	0.5358496	1.0323584	0.43012422	0.6481685	1.0	1785	tags=26%, list=11%, signal=30%	
GOBP_BRANCHING_INVOLVED_IN_MAMMARY_GLAND_DUCT_MORPHOGENESIS	GOBP_BRANCHING_INVOLVED_IN_MAMMARY_GLAND_DUCT_MORPHOGENESIS		24	0.5533586	1.0317546	0.43247345	0.64913815	1.0	1059	tags=13%, list=7%, signal=13%	
GOBP_ESTABLISHMENT_OF_ENDOTHELIAL_BARRIER	GOBP_ESTABLISHMENT_OF_ENDOTHELIAL_BARRIER		51	0.5145999	1.0317371	0.39562044	0.64888144	1.0	1999	tags=31%, list=12%, signal=36%	
JOHNSON_2016_COEXPRESSION_HIPPOCAMPUS_HUMAN_M24	JOHNSON_2016_COEXPRESSION_HIPPOCAMPUS_HUMAN_M24		196	0.47323552	1.0309119	0.35492957	0.65030396	1.0	2434	tags=24%, list=15%, signal=28%	
GOBP_HETEROCHROMATIN_ORGANIZATION	GOBP_HETEROCHROMATIN_ORGANIZATION		170	0.48053953	1.0305902	0.37260273	0.6507142	1.0	2391	tags=27%, list=15%, signal=31%	
GOBP_ESTABLISHMENT_OF_MITOCHONDRION_LOCALIZATION_MICROTUBULE_MEDIATED	GOBP_ESTABLISHMENT_OF_MITOCHONDRION_LOCALIZATION_MICROTUBULE_MEDIATED		29	0.5501761	1.029595	0.42562592	0.6525173	1.0	748	tags=21%, list=5%, signal=22%	
GOBP_ALCOHOL_METABOLIC_PROCESS	GOBP_ALCOHOL_METABOLIC_PROCESS		281	0.45931056	1.0290519	0.37311384	0.6533227	1.0	2405	tags=20%, list=15%, signal=23%	
GOBP_REGULATION_OF_FILOPODIUM_ASSEMBLY	GOBP_REGULATION_OF_FILOPODIUM_ASSEMBLY		43	0.5263966	1.0289556	0.41885626	0.65321743	1.0	1967	tags=37%, list=12%, signal=42%	
GOBP_V_D_J_RECOMBINATION	GOBP_V_D_J_RECOMBINATION		18	0.5645507	1.0285982	0.45469254	0.6536736	1.0	1878	tags=17%, list=12%, signal=19%	
GOBP_NEGATIVE_REGULATION_OF_G_PROTEIN_COUPLED_RECEPTOR_SIGNALING_PATHWAY	GOBP_NEGATIVE_REGULATION_OF_G_PROTEIN_COUPLED_RECEPTOR_SIGNALING_PATHWAY		63	0.49967334	1.0285697	0.4051355	0.6534447	1.0	2496	tags=24%, list=15%, signal=28%	
GOBP_REGULATION_OF_SYSTEMIC_ARTERIAL_BLOOD_PRESSURE_MEDIATED_BY_A_CHEMICAL_SIGNAL	GOBP_REGULATION_OF_SYSTEMIC_ARTERIAL_BLOOD_PRESSURE_MEDIATED_BY_A_CHEMICAL_SIGNAL		47	0.519702	1.0284892	0.40087464	0.6533266	1.0	1521	tags=15%, list=9%, signal=16%	
GOBP_CELLULAR_RESPONSE_TO_OXYGEN_LEVELS	GOBP_CELLULAR_RESPONSE_TO_OXYGEN_LEVELS		163	0.47697964	1.0280915	0.3902098	0.65386206	1.0	2385	tags=25%, list=15%, signal=28%	
KEGG_MELANOGENESIS	KEGG_MELANOGENESIS		89	0.49011195	1.0280629	0.40250698	0.6536312	1.0	1292	tags=18%, list=8%, signal=19%	
GOBP_CLATHRIN_COAT_ASSEMBLY	GOBP_CLATHRIN_COAT_ASSEMBLY		21	0.57131577	1.0278215	0.45141065	0.6538262	1.0	1318	tags=43%, list=8%, signal=47%	
GOBP_MEMBRANE_RAFT_ORGANIZATION	GOBP_MEMBRANE_RAFT_ORGANIZATION		29	0.5515246	1.0264189	0.41374046	0.65652305	1.0	313	tags=14%, list=2%, signal=14%	
GOBP_POSITIVE_REGULATION_OF_TRANSPORTER_ACTIVITY	GOBP_POSITIVE_REGULATION_OF_TRANSPORTER_ACTIVITY		31	0.5429702	1.0259614	0.4147813	0.65717083	1.0	1380	tags=16%, list=8%, signal=18%	
GOBP_PROTEASOME_MEDIATED_UBIQUITIN_DEPENDENT_PROTEIN_CATABOLIC_PROCESS	GOBP_PROTEASOME_MEDIATED_UBIQUITIN_DEPENDENT_PROTEIN_CATABOLIC_PROCESS		480	0.45349804	1.0259136	0.33785617	0.656971	1.0	1878	tags=13%, list=12%, signal=14%	
GOBP_CYCLIC_NUCLEOTIDE_BIOSYNTHETIC_PROCESS	GOBP_CYCLIC_NUCLEOTIDE_BIOSYNTHETIC_PROCESS		23	0.5648768	1.0258962	0.4378882	0.65672094	1.0	1593	tags=17%, list=10%, signal=19%	
GOBP_POSITIVE_REGULATION_OF_TUMOR_NECROSIS_FACTOR_MEDIATED_SIGNALING_PATHWAY	GOBP_POSITIVE_REGULATION_OF_TUMOR_NECROSIS_FACTOR_MEDIATED_SIGNALING_PATHWAY		15	0.5885354	1.0254827	0.42789224	0.6573019	1.0	2786	tags=53%, list=17%, signal=64%	
GOBP_REGULATION_OF_MACROPHAGE_CHEMOTAXIS	GOBP_REGULATION_OF_MACROPHAGE_CHEMOTAXIS		29	0.55020034	1.0253019	0.41860464	0.6573862	1.0	438	tags=14%, list=3%, signal=14%	
GOBP_MITOCHONDRION_LOCALIZATION	GOBP_MITOCHONDRION_LOCALIZATION		57	0.5071955	1.0251108	0.40177253	0.6575066	1.0	748	tags=12%, list=5%, signal=13%	
GOBP_BRANCHED_CHAIN_AMINO_ACID_METABOLIC_PROCESS	GOBP_BRANCHED_CHAIN_AMINO_ACID_METABOLIC_PROCESS		25	0.546757	1.0251083	0.42945737	0.65722495	1.0	3398	tags=36%, list=21%, signal=45%	
GOBP_BASIC_AMINO_ACID_TRANSPORT	GOBP_BASIC_AMINO_ACID_TRANSPORT		22	0.55802566	1.0249567	0.4489796	0.6572381	1.0	1033	tags=9%, list=6%, signal=10%	
KEGG_NEUROTROPHIN_SIGNALING_PATHWAY	KEGG_NEUROTROPHIN_SIGNALING_PATHWAY		120	0.49039355	1.0248582	0.390462	0.6571552	1.0	1373	tags=25%, list=8%, signal=27%	
"GEMMA_GSE100236_RNA_SEQUENCING_OF_WHOLE,_VENTRAL_AND_DORSAL_HIPPOCAMPUS_AFTER_DIFFERENT_STRESS_CONDITIONS_TREATMENT_RESTRAINT.STRESS_UP"	"GEMMA_GSE100236_RNA_SEQUENCING_OF_WHOLE,_VENTRAL_AND_DORSAL_HIPPOCAMPUS_AFTER_DIFFERENT_STRESS_CONDITIONS_TREATMENT_RESTRAINT.STRESS_UP"		95	0.48617145	1.0248134	0.39204547	0.656975	1.0	2633	tags=34%, list=16%, signal=40%	
GOBP_FERTILIZATION	GOBP_FERTILIZATION		140	0.46970722	1.024759	0.3761062	0.6568086	1.0	1516	tags=12%, list=9%, signal=13%	
GOBP_NEGATIVE_REGULATION_OF_CYTOPLASMIC_PATTERN_RECOGNITION_RECEPTOR_SIGNALING_PATHWAY	GOBP_NEGATIVE_REGULATION_OF_CYTOPLASMIC_PATTERN_RECOGNITION_RECEPTOR_SIGNALING_PATHWAY		61	0.50056267	1.0246075	0.39970282	0.6568502	1.0	2043	tags=25%, list=13%, signal=28%	
"GEMMA_GSE100236_RNA_SEQUENCING_OF_WHOLE,_VENTRAL_AND_DORSAL_HIPPOCAMPUS_AFTER_DIFFERENT_STRESS_CONDITIONS_TREATMENT_SWIM.STRESS_UP"	"GEMMA_GSE100236_RNA_SEQUENCING_OF_WHOLE,_VENTRAL_AND_DORSAL_HIPPOCAMPUS_AFTER_DIFFERENT_STRESS_CONDITIONS_TREATMENT_SWIM.STRESS_UP"		85	0.48640102	1.0241708	0.3985294	0.65749407	1.0	3128	tags=41%, list=19%, signal=51%	
GOBP_T_CELL_HOMEOSTASIS	GOBP_T_CELL_HOMEOSTASIS		56	0.5142412	1.0236753	0.42143905	0.6582657	1.0	2095	tags=27%, list=13%, signal=31%	
GOBP_NEGATIVE_REGULATION_OF_NATURAL_KILLER_CELL_MEDIATED_IMMUNITY	GOBP_NEGATIVE_REGULATION_OF_NATURAL_KILLER_CELL_MEDIATED_IMMUNITY		21	0.55575895	1.0234697	0.44674087	0.65839666	1.0	2854	tags=29%, list=18%, signal=35%	
GOBP_MICROTUBULE_BUNDLE_FORMATION	GOBP_MICROTUBULE_BUNDLE_FORMATION		122	0.47315854	1.0233996	0.40172166	0.6582456	1.0	3121	tags=11%, list=19%, signal=14%	
KEGG_MEDICUS_VARIANT_SCRAPIE_CONFORMATION_PRPSC_TO_TRANSPORT_OF_CALCIUM	KEGG_MEDICUS_VARIANT_SCRAPIE_CONFORMATION_PRPSC_TO_TRANSPORT_OF_CALCIUM		16	0.5802382	1.0224845	0.46698114	0.6598501	1.0	1924	tags=50%, list=12%, signal=57%	
GOBP_REGULATION_OF_MICROVILLUS_ORGANIZATION	GOBP_REGULATION_OF_MICROVILLUS_ORGANIZATION		15	0.58824897	1.0219035	0.48026314	0.66079605	1.0	581	tags=27%, list=4%, signal=28%	
GRAY_2014_ACUTECORTICOSTERONE_UPREGULATED_HC	GRAY_2014_ACUTECORTICOSTERONE_UPREGULATED_HC		42	0.5112585	1.0216779	0.42137405	0.66095215	1.0	1467	tags=14%, list=9%, signal=16%	
GOBP_POSITIVE_REGULATION_OF_SYNAPTIC_TRANSMISSION_GLUTAMATERGIC	GOBP_POSITIVE_REGULATION_OF_SYNAPTIC_TRANSMISSION_GLUTAMATERGIC		29	0.546564	1.0215275	0.43681747	0.6610011	1.0	1407	tags=28%, list=9%, signal=30%	
GOBP_CONSTITUTIVE_HETEROCHROMATIN_FORMATION	GOBP_CONSTITUTIVE_HETEROCHROMATIN_FORMATION		48	0.5020862	1.0214077	0.41679162	0.6609423	1.0	1978	tags=25%, list=12%, signal=28%	
GOBP_POSITIVE_REGULATION_OF_NEURON_PROJECTION_DEVELOPMENT	GOBP_POSITIVE_REGULATION_OF_NEURON_PROJECTION_DEVELOPMENT		141	0.47288162	1.0209656	0.38176638	0.6615441	1.0	1648	tags=23%, list=10%, signal=26%	
FAN_EMBRYONIC_CTX_BIG_GROUPS_CAJAL_RETZIUS	FAN_EMBRYONIC_CTX_BIG_GROUPS_CAJAL_RETZIUS		418	0.45089057	1.0208453	0.35900962	0.6615159	1.0	1577	tags=16%, list=10%, signal=17%	
GOBP_PEPTIDYL_AMINO_ACID_MODIFICATION	GOBP_PEPTIDYL_AMINO_ACID_MODIFICATION		369	0.4550518	1.0208068	0.33594772	0.66131204	1.0	1999	tags=20%, list=12%, signal=22%	
GEMMA_GSE129569_MICROGLIA_ACTIVELY_REMODELS_ADULT_HIPPOCAMPAL_NEUROGENESIS_THROUGH_THE_PHAGOCYTOSIS_SECRETOME_TIMEPOINT_24H_UP	GEMMA_GSE129569_MICROGLIA_ACTIVELY_REMODELS_ADULT_HIPPOCAMPAL_NEUROGENESIS_THROUGH_THE_PHAGOCYTOSIS_SECRETOME_TIMEPOINT_24H_UP		39	0.5227264	1.0206041	0.43609023	0.661449	1.0	1347	tags=23%, list=8%, signal=25%	
GOBP_RESPONSE_TO_INTERLEUKIN_7	GOBP_RESPONSE_TO_INTERLEUKIN_7		18	0.5579791	1.0204586	0.45987654	0.6614685	1.0	742	tags=17%, list=5%, signal=17%	
KEGG_MEDICUS_VARIANT_MUTATION_ACTIVATED_KCNJ5_TO_ANGIOTENSIN_ALDOSTERONE_SIGNALING_PATHWAY	KEGG_MEDICUS_VARIANT_MUTATION_ACTIVATED_KCNJ5_TO_ANGIOTENSIN_ALDOSTERONE_SIGNALING_PATHWAY		22	0.55194277	1.0204464	0.46118012	0.6612037	1.0	1811	tags=32%, list=11%, signal=36%	
GOBP_REGULATION_OF_RESPONSE_TO_OXIDATIVE_STRESS	GOBP_REGULATION_OF_RESPONSE_TO_OXIDATIVE_STRESS		32	0.5298832	1.020434	0.41691843	0.66094005	1.0	1625	tags=25%, list=10%, signal=28%	
GOBP_NEGATIVE_REGULATION_OF_PHOSPHORYLATION	GOBP_NEGATIVE_REGULATION_OF_PHOSPHORYLATION		115	0.48116484	1.0201148	0.3900293	0.6612867	1.0	1639	tags=20%, list=10%, signal=22%	
KEGG_MEDICUS_VARIANT_MUTATION_ACTIVATED_CACNA1D_H_TO_ANGIOTENSIN_ALDOSTERONE_SIGNALING_PATHWAY	KEGG_MEDICUS_VARIANT_MUTATION_ACTIVATED_CACNA1D_H_TO_ANGIOTENSIN_ALDOSTERONE_SIGNALING_PATHWAY		21	0.5525765	1.0200869	0.4464832	0.6610521	1.0	1811	tags=33%, list=11%, signal=37%	
GOBP_REGULATION_OF_CAMP_PKA_SIGNAL_TRANSDUCTION	GOBP_REGULATION_OF_CAMP_PKA_SIGNAL_TRANSDUCTION		43	0.5195689	1.0200251	0.43382353	0.66087997	1.0	1903	tags=16%, list=12%, signal=18%	
GOBP_MONONUCLEAR_CELL_MIGRATION	GOBP_MONONUCLEAR_CELL_MIGRATION		205	0.46168518	1.0195292	0.39185393	0.6616508	1.0	1616	tags=22%, list=10%, signal=25%	
GOBP_REGULATION_OF_AUTOPHAGY_OF_MITOCHONDRION	GOBP_REGULATION_OF_AUTOPHAGY_OF_MITOCHONDRION		53	0.5012773	1.0194193	0.42237762	0.6615922	1.0	1283	tags=23%, list=8%, signal=25%	
GOBP_REGULATION_OF_SMOOTH_MUSCLE_CONTRACTION	GOBP_REGULATION_OF_SMOOTH_MUSCLE_CONTRACTION		51	0.50528777	1.01937	0.41545188	0.66140366	1.0	637	tags=4%, list=4%, signal=4%	
GEMMA_GSE84302_RNA_SEQUENCING_TO_IDENTIFY_COMMON_TARGETS_FOR_GSK3_TREATMENT_GSK3.INHIBITOR_L803.MTS_KNOCKDOWN_GSK3B.MOUSE.GLYCOGEN.SYNTHASE.KINASE.3.BETA_60.UG.5.UL.NOSTRIL_UP	GEMMA_GSE84302_RNA_SEQUENCING_TO_IDENTIFY_COMMON_TARGETS_FOR_GSK3_TREATMENT_GSK3.INHIBITOR_L803.MTS_KNOCKDOWN_GSK3B.MOUSE.GLYCOGEN.SYNTHASE.KINASE.3.BETA_60.UG.5.UL.NOSTRIL_UP		66	0.49486977	1.0189437	0.3997114	0.6620194	1.0	2286	tags=14%, list=14%, signal=16%	
GOBP_TRANSCYTOSIS	GOBP_TRANSCYTOSIS		17	0.56183183	1.0188161	0.456869	0.6619891	1.0	1626	tags=24%, list=10%, signal=26%	
GOBP_ENDOTHELIAL_CELL_DEVELOPMENT	GOBP_ENDOTHELIAL_CELL_DEVELOPMENT		68	0.49852937	1.0188009	0.4117647	0.6617361	1.0	1999	tags=28%, list=12%, signal=32%	
HALLMARK_APOPTOSIS	HALLMARK_APOPTOSIS		156	0.4844472	1.0186912	0.38055557	0.6616738	1.0	1411	tags=22%, list=9%, signal=24%	
GEMMA_GSE10415_7_BRAIN_REGIONS_IN_20_INBRED_STRAINS_OF_LABORATORY_MICE_STRAINORLINE_129S1.SVIMJ_DOWN	GEMMA_GSE10415_7_BRAIN_REGIONS_IN_20_INBRED_STRAINS_OF_LABORATORY_MICE_STRAINORLINE_129S1.SVIMJ_DOWN		398	0.44969597	1.018089	0.37209302	0.66264594	1.0	2170	tags=14%, list=13%, signal=15%	
GOBP_ADRENERGIC_RECEPTOR_SIGNALING_PATHWAY	GOBP_ADRENERGIC_RECEPTOR_SIGNALING_PATHWAY		28	0.5405891	1.0172819	0.45723173	0.6640254	1.0	2472	tags=39%, list=15%, signal=46%	
GOBP_REGULATION_OF_MITOCHONDRIAL_GENE_EXPRESSION	GOBP_REGULATION_OF_MITOCHONDRIAL_GENE_EXPRESSION		30	0.5366674	1.016966	0.4503937	0.66441566	1.0	2418	tags=13%, list=15%, signal=16%	
GOBP_INFLAMMATORY_RESPONSE_TO_WOUNDING	GOBP_INFLAMMATORY_RESPONSE_TO_WOUNDING		27	0.5486586	1.0166149	0.4527132	0.66484845	1.0	2246	tags=33%, list=14%, signal=39%	
GOBP_REGULATION_OF_HEMATOPOIETIC_PROGENITOR_CELL_DIFFERENTIATION	GOBP_REGULATION_OF_HEMATOPOIETIC_PROGENITOR_CELL_DIFFERENTIATION		38	0.5187102	1.016491	0.41321045	0.6648139	1.0	2912	tags=26%, list=18%, signal=32%	
GOBP_NEUROPEPTIDE_SIGNALING_PATHWAY	GOBP_NEUROPEPTIDE_SIGNALING_PATHWAY		81	0.4873076	1.0164878	0.38257018	0.66453254	1.0	584	tags=5%, list=4%, signal=5%	
GOBP_REGULATION_OF_LEUKOCYTE_ADHESION_TO_VASCULAR_ENDOTHELIAL_CELL	GOBP_REGULATION_OF_LEUKOCYTE_ADHESION_TO_VASCULAR_ENDOTHELIAL_CELL		27	0.54067445	1.0161269	0.45962733	0.6649975	1.0	1883	tags=33%, list=12%, signal=38%	
GOBP_TRANS_SYNAPTIC_SIGNALING_MODULATING_SYNAPTIC_TRANSMISSION	GOBP_TRANS_SYNAPTIC_SIGNALING_MODULATING_SYNAPTIC_TRANSMISSION		24	0.5556825	1.0159975	0.4493192	0.66498554	1.0	1891	tags=21%, list=12%, signal=24%	
GOBP_CYTOCHROME_COMPLEX_ASSEMBLY	GOBP_CYTOCHROME_COMPLEX_ASSEMBLY		33	0.5250382	1.0154908	0.43373495	0.66574454	1.0	607	tags=6%, list=4%, signal=6%	
GOBP_VISUAL_BEHAVIOR	GOBP_VISUAL_BEHAVIOR		52	0.49804047	1.0154824	0.42290077	0.6654734	1.0	1323	tags=25%, list=8%, signal=27%	
GOBP_PHOSPHOLIPASE_C_ACTIVATING_G_PROTEIN_COUPLED_RECEPTOR_SIGNALING_PATHWAY	GOBP_PHOSPHOLIPASE_C_ACTIVATING_G_PROTEIN_COUPLED_RECEPTOR_SIGNALING_PATHWAY		129	0.47095558	1.015419	0.39014083	0.6653128	1.0	2107	tags=12%, list=13%, signal=14%	
GOBP_MICROTUBULE_CYTOSKELETON_ORGANIZATION_INVOLVED_IN_MITOSIS	GOBP_MICROTUBULE_CYTOSKELETON_ORGANIZATION_INVOLVED_IN_MITOSIS		162	0.47033447	1.0152998	0.38537273	0.665283	1.0	3016	tags=26%, list=19%, signal=32%	
MANNO_MIDBRAIN_NEUROTYPES_HDA2	MANNO_MIDBRAIN_NEUROTYPES_HDA2		442	0.4471584	1.0152411	0.36173186	0.6651238	1.0	3005	tags=34%, list=18%, signal=40%	
GEMMA_GSE10415_7_BRAIN_REGIONS_IN_20_INBRED_STRAINS_OF_LABORATORY_MICE_STRAINORLINE_C3H.HEJ_DOWN	GEMMA_GSE10415_7_BRAIN_REGIONS_IN_20_INBRED_STRAINS_OF_LABORATORY_MICE_STRAINORLINE_C3H.HEJ_DOWN		457	0.45317337	1.0152338	0.34132582	0.6648525	1.0	2170	tags=15%, list=13%, signal=16%	
GOBP_MEMORY	GOBP_MEMORY		125	0.47390288	1.0151038	0.38816738	0.6648317	1.0	1378	tags=21%, list=8%, signal=23%	
GEMMA_GSE34424_THE_INFLUENCE_OF_SLEEP_DEPRIVATION_ON_HIPPOCAMPAL_CA1_GENE_EXPRESSION:_RELATION_TO_STRESS_AND_AGING_TREATMENT_SLEEP.DEPRIVATION_72.H_UP	GEMMA_GSE34424_THE_INFLUENCE_OF_SLEEP_DEPRIVATION_ON_HIPPOCAMPAL_CA1_GENE_EXPRESSION:_RELATION_TO_STRESS_AND_AGING_TREATMENT_SLEEP.DEPRIVATION_72.H_UP		34	0.5253819	1.0150564	0.43288085	0.6646388	1.0	1381	tags=26%, list=8%, signal=29%	
GOBP_NEGATIVE_REGULATION_OF_MACROPHAGE_ACTIVATION	GOBP_NEGATIVE_REGULATION_OF_MACROPHAGE_ACTIVATION		17	0.57299554	1.0149039	0.46635368	0.6646738	1.0	1335	tags=24%, list=8%, signal=26%	
GOBP_BONE_MATURATION	GOBP_BONE_MATURATION		23	0.54758114	1.014725	0.44514108	0.6647453	1.0	724	tags=9%, list=4%, signal=9%	
GOBP_GOLGI_TO_ENDOSOME_TRANSPORT	GOBP_GOLGI_TO_ENDOSOME_TRANSPORT		20	0.5593982	1.0145411	0.46686748	0.66484016	1.0	3178	tags=55%, list=20%, signal=68%	
GOBP_POSITIVE_REGULATION_OF_SMOOTHENED_SIGNALING_PATHWAY	GOBP_POSITIVE_REGULATION_OF_SMOOTHENED_SIGNALING_PATHWAY		37	0.5170555	1.0143111	0.45	0.6650454	1.0	1541	tags=14%, list=9%, signal=15%	
KEGG_MEDICUS_VARIANT_MUTATION_CAUSED_ABERRANT_HTT_TO_TRANSPORT_OF_CALCIUM	KEGG_MEDICUS_VARIANT_MUTATION_CAUSED_ABERRANT_HTT_TO_TRANSPORT_OF_CALCIUM		17	0.5812583	1.01411	0.4968153	0.66518646	1.0	1924	tags=47%, list=12%, signal=53%	
GOBP_POSITIVE_REGULATION_OF_AUTOPHAGY	GOBP_POSITIVE_REGULATION_OF_AUTOPHAGY		154	0.4662267	1.0140696	0.3971223	0.66498196	1.0	2558	tags=28%, list=16%, signal=33%	
KEGG_MEDICUS_REFERENCE_EGF_EGFR_PLCG_ERK_SIGNALING_PATHWAY	KEGG_MEDICUS_REFERENCE_EGF_EGFR_PLCG_ERK_SIGNALING_PATHWAY		15	0.5722681	1.0137875	0.47903225	0.66526854	1.0	2794	tags=47%, list=17%, signal=56%	
GOBP_POSITIVE_REGULATION_OF_CELLULAR_EXTRAVASATION	GOBP_POSITIVE_REGULATION_OF_CELLULAR_EXTRAVASATION		15	0.578768	1.0135763	0.46266234	0.6653883	1.0	2879	tags=27%, list=18%, signal=32%	
GOBP_MITOCHONDRIAL_CALCIUM_ION_HOMEOSTASIS	GOBP_MITOCHONDRIAL_CALCIUM_ION_HOMEOSTASIS		23	0.5443223	1.0133728	0.45975232	0.6655512	1.0	1368	tags=17%, list=8%, signal=19%	
GOBP_LENS_FIBER_CELL_DEVELOPMENT	GOBP_LENS_FIBER_CELL_DEVELOPMENT		15	0.5827331	1.0132306	0.4695513	0.6655636	1.0	183	tags=7%, list=1%, signal=7%	
GOBP_NEGATIVE_REGULATION_OF_T_HELPER_CELL_DIFFERENTIATION	GOBP_NEGATIVE_REGULATION_OF_T_HELPER_CELL_DIFFERENTIATION		18	0.5565021	1.0125991	0.45397815	0.66656756	1.0	2095	tags=44%, list=13%, signal=51%	
GOBP_LOCOMOTORY_EXPLORATION_BEHAVIOR	GOBP_LOCOMOTORY_EXPLORATION_BEHAVIOR		17	0.5730268	1.0125223	0.48466256	0.666443	1.0	37	tags=12%, list=0%, signal=12%	
GOBP_BIOLOGICAL_PROCESS_INVOLVED_IN_INTERACTION_WITH_HOST	GOBP_BIOLOGICAL_PROCESS_INVOLVED_IN_INTERACTION_WITH_HOST		142	0.46483877	1.0124094	0.4002849	0.6664039	1.0	1487	tags=20%, list=9%, signal=22%	
KEGG_PHENYLALANINE_METABOLISM	KEGG_PHENYLALANINE_METABOLISM		15	0.56868035	1.0123736	0.47178683	0.66619694	1.0	1262	tags=27%, list=8%, signal=29%	
GOBP_REGULATION_OF_NEUROTRANSMITTER_RECEPTOR_LOCALIZATION_TO_POSTSYNAPTIC_SPECIALIZATION_MEMBRANE	GOBP_REGULATION_OF_NEUROTRANSMITTER_RECEPTOR_LOCALIZATION_TO_POSTSYNAPTIC_SPECIALIZATION_MEMBRANE		19	0.54759026	1.0123469	0.4653313	0.6659767	1.0	1806	tags=26%, list=11%, signal=30%	
GOBP_REGULATION_OF_CELL_SUBSTRATE_JUNCTION_ORGANIZATION	GOBP_REGULATION_OF_CELL_SUBSTRATE_JUNCTION_ORGANIZATION		71	0.48631328	1.0112536	0.3901734	0.66798866	1.0	1093	tags=21%, list=7%, signal=23%	
ZHONG_PFC_C9_ORG_OTHER	ZHONG_PFC_C9_ORG_OTHER		73	0.49088836	1.0107446	0.40393344	0.6687754	1.0	910	tags=23%, list=6%, signal=25%	
GOBP_REGULATION_OF_P38MAPK_CASCADE	GOBP_REGULATION_OF_P38MAPK_CASCADE		36	0.5315288	1.0106281	0.44409937	0.66872084	1.0	2912	tags=33%, list=18%, signal=41%	
GOBP_P38MAPK_CASCADE	GOBP_P38MAPK_CASCADE		52	0.5046915	1.010449	0.42052025	0.6688068	1.0	2912	tags=35%, list=18%, signal=42%	
GOBP_REGULATION_OF_SYNAPSE_STRUCTURE_OR_ACTIVITY	GOBP_REGULATION_OF_SYNAPSE_STRUCTURE_OR_ACTIVITY		313	0.46287212	1.010242	0.37026647	0.668952	1.0	1616	tags=22%, list=10%, signal=24%	
GOBP_MICROTUBULE_BASED_TRANSPORT	GOBP_MICROTUBULE_BASED_TRANSPORT		229	0.4613118	1.0089238	0.39305556	0.6713874	1.0	956	tags=11%, list=6%, signal=11%	
GOBP_INTRACELLULAR_ZINC_ION_HOMEOSTASIS	GOBP_INTRACELLULAR_ZINC_ION_HOMEOSTASIS		26	0.5336507	1.0088787	0.48107255	0.6711934	1.0	2630	tags=35%, list=16%, signal=41%	
ANDRUS_2012_WISTARMOREIMMOBILERATS_DOWNREGULATED_HC	ANDRUS_2012_WISTARMOREIMMOBILERATS_DOWNREGULATED_HC		177	0.45706153	1.008737	0.38633195	0.67119485	1.0	803	tags=11%, list=5%, signal=11%	
GOBP_ENDOPLASMIC_RETICULUM_ORGANIZATION	GOBP_ENDOPLASMIC_RETICULUM_ORGANIZATION		95	0.48037925	1.0087216	0.4226804	0.6709439	1.0	2655	tags=25%, list=16%, signal=30%	
GOBP_REGULATION_OF_AMINO_ACID_TRANSPORT	GOBP_REGULATION_OF_AMINO_ACID_TRANSPORT		34	0.5163699	1.0085301	0.4609375	0.6710461	1.0	1851	tags=21%, list=11%, signal=23%	
GOBP_NEGATIVE_REGULATION_OF_PROTEASOMAL_PROTEIN_CATABOLIC_PROCESS	GOBP_NEGATIVE_REGULATION_OF_PROTEASOMAL_PROTEIN_CATABOLIC_PROCESS		56	0.50365466	1.0082208	0.4439394	0.67141014	1.0	1691	tags=18%, list=10%, signal=20%	
GOBP_GLUTAMATE_SECRETION	GOBP_GLUTAMATE_SECRETION		27	0.53880954	1.0080578	0.45539907	0.6714648	1.0	239	tags=11%, list=1%, signal=11%	
GOBP_PROTEIN_DNA_COMPLEX_ORGANIZATION	GOBP_PROTEIN_DNA_COMPLEX_ORGANIZATION		162	0.45691925	1.0078682	0.41127923	0.6715665	1.0	1702	tags=21%, list=10%, signal=23%	
HU_FETAL_RETINA_RPC	HU_FETAL_RETINA_RPC		88	0.47905448	1.0072011	0.40056023	0.67267793	1.0	969	tags=9%, list=6%, signal=10%	
GOBP_CYTOSOLIC_TRANSPORT	GOBP_CYTOSOLIC_TRANSPORT		134	0.46443576	1.0069329	0.40869564	0.67295253	1.0	2495	tags=28%, list=15%, signal=32%	
GOBP_RESPONSE_TO_STEROL	GOBP_RESPONSE_TO_STEROL		28	0.51624614	1.0059667	0.44375962	0.674626	1.0	225	tags=14%, list=1%, signal=14%	
GOBP_PROTEIN_LOCALIZATION_TO_NUCLEUS	GOBP_PROTEIN_LOCALIZATION_TO_NUCLEUS		303	0.4500273	1.005245	0.39946738	0.67585534	1.0	1345	tags=17%, list=8%, signal=18%	
GOBP_POSITIVE_REGULATION_OF_STEROID_BIOSYNTHETIC_PROCESS	GOBP_POSITIVE_REGULATION_OF_STEROID_BIOSYNTHETIC_PROCESS		27	0.53277	1.0050503	0.46879756	0.6759674	1.0	1288	tags=22%, list=8%, signal=24%	
GOBP_LYMPHOCYTE_COSTIMULATION	GOBP_LYMPHOCYTE_COSTIMULATION		47	0.51192874	1.0044825	0.45137882	0.67681956	1.0	2437	tags=34%, list=15%, signal=40%	
GOBP_ACTIN_FILAMENT_BUNDLE_ORGANIZATION	GOBP_ACTIN_FILAMENT_BUNDLE_ORGANIZATION		169	0.46321085	1.004363	0.41853932	0.6767928	1.0	2062	tags=28%, list=13%, signal=32%	
GOBP_POSITIVE_REGULATION_OF_TRANSLATIONAL_INITIATION	GOBP_POSITIVE_REGULATION_OF_TRANSLATIONAL_INITIATION		30	0.52382445	1.0042031	0.45305514	0.67684543	1.0	2916	tags=30%, list=18%, signal=36%	
GOBP_NEGATIVE_REGULATION_OF_ALPHA_BETA_T_CELL_ACTIVATION	GOBP_NEGATIVE_REGULATION_OF_ALPHA_BETA_T_CELL_ACTIVATION		41	0.51047	1.0041461	0.46003017	0.67667747	1.0	2095	tags=32%, list=13%, signal=36%	
GOBP_XENOBIOTIC_CATABOLIC_PROCESS	GOBP_XENOBIOTIC_CATABOLIC_PROCESS		18	0.5663743	1.0036788	0.4946071	0.6773459	1.0	2012	tags=22%, list=12%, signal=25%	
GOBP_REGULATION_OF_POSTSYNAPTIC_MEMBRANE_NEUROTRANSMITTER_RECEPTOR_LEVELS	GOBP_REGULATION_OF_POSTSYNAPTIC_MEMBRANE_NEUROTRANSMITTER_RECEPTOR_LEVELS		116	0.46948162	1.0032928	0.4315938	0.6778383	1.0	1943	tags=23%, list=12%, signal=26%	
GOBP_STRESS_GRANULE_ASSEMBLY	GOBP_STRESS_GRANULE_ASSEMBLY		34	0.5247498	1.0032694	0.44962406	0.677598	1.0	1134	tags=26%, list=7%, signal=28%	
GOBP_ORGANELLE_INHERITANCE	GOBP_ORGANELLE_INHERITANCE		16	0.56846863	1.0031028	0.48058254	0.67767316	1.0	1288	tags=25%, list=8%, signal=27%	
GOBP_REGULATION_OF_ICOSANOID_SECRETION	GOBP_REGULATION_OF_ICOSANOID_SECRETION		15	0.5557045	1.0026559	0.4866562	0.67829555	1.0	2950	tags=20%, list=18%, signal=24%	
GOBP_BIOLOGICAL_PROCESS_INVOLVED_IN_SYMBIOTIC_INTERACTION	GOBP_BIOLOGICAL_PROCESS_INVOLVED_IN_SYMBIOTIC_INTERACTION		165	0.45488206	1.0018239	0.41360545	0.67971337	1.0	1487	tags=19%, list=9%, signal=20%	
GOBP_NEGATIVE_REGULATION_OF_SYNAPTIC_TRANSMISSION	GOBP_NEGATIVE_REGULATION_OF_SYNAPTIC_TRANSMISSION		62	0.48829907	1.0017095	0.43970588	0.67967975	1.0	748	tags=16%, list=5%, signal=17%	
GOBP_U2_TYPE_PRESPLICEOSOME_ASSEMBLY	GOBP_U2_TYPE_PRESPLICEOSOME_ASSEMBLY		26	0.52510625	1.0015744	0.4709576	0.6796621	1.0	1410	tags=19%, list=9%, signal=21%	
GOBP_SYNAPTIC_VESICLE_CLUSTERING	GOBP_SYNAPTIC_VESICLE_CLUSTERING		17	0.5631029	1.0015029	0.4752791	0.6795452	1.0	522	tags=29%, list=3%, signal=30%	
GOBP_NEGATIVE_REGULATION_OF_CHEMOTAXIS	GOBP_NEGATIVE_REGULATION_OF_CHEMOTAXIS		40	0.51185334	1.0010611	0.44242424	0.68017155	1.0	2504	tags=25%, list=15%, signal=29%	
KEGG_PANCREATIC_CANCER	KEGG_PANCREATIC_CANCER		67	0.49426028	1.0004408	0.4295977	0.6811691	1.0	1288	tags=24%, list=8%, signal=26%	
GOBP_TISSUE_REMODELING	GOBP_TISSUE_REMODELING		163	0.4620843	1.0003238	0.40054497	0.68115914	1.0	1199	tags=17%, list=7%, signal=18%	
GOBP_REGULATION_OF_MRNA_3_END_PROCESSING	GOBP_REGULATION_OF_MRNA_3_END_PROCESSING		16	0.5699492	0.99986887	0.48064515	0.68187153	1.0	3584	tags=38%, list=22%, signal=48%	
GOBP_HYDROGEN_PEROXIDE_METABOLIC_PROCESS	GOBP_HYDROGEN_PEROXIDE_METABOLIC_PROCESS		37	0.5144403	0.999468	0.45606062	0.68240005	1.0	607	tags=19%, list=4%, signal=20%	
GOBP_CHOLESTEROL_BIOSYNTHETIC_PROCESS_VIA_DESMOSTEROL	GOBP_CHOLESTEROL_BIOSYNTHETIC_PROCESS_VIA_DESMOSTEROL		19	0.5546076	0.9993601	0.4864	0.68234026	1.0	2391	tags=26%, list=15%, signal=31%	
GOBP_NEGATIVE_REGULATION_OF_CYTOKINE_PRODUCTION_INVOLVED_IN_IMMUNE_RESPONSE	GOBP_NEGATIVE_REGULATION_OF_CYTOKINE_PRODUCTION_INVOLVED_IN_IMMUNE_RESPONSE		23	0.5453153	0.99918026	0.47538462	0.6824267	1.0	2449	tags=35%, list=15%, signal=41%	
GOBP_REGULATION_OF_REPRODUCTIVE_PROCESS	GOBP_REGULATION_OF_REPRODUCTIVE_PROCESS		134	0.46481308	0.99900085	0.42496493	0.68251085	1.0	609	tags=8%, list=4%, signal=8%	
GOBP_VESICLE_CARGO_LOADING	GOBP_VESICLE_CARGO_LOADING		29	0.52500147	0.9988174	0.46860644	0.6826019	1.0	3443	tags=55%, list=21%, signal=70%	
GOBP_REGULATORY_NCRNA_PROCESSING	GOBP_REGULATORY_NCRNA_PROCESSING		60	0.49258393	0.99860567	0.45731708	0.68272376	1.0	2828	tags=33%, list=17%, signal=40%	
GOBP_REGULATION_OF_AUTOPHAGY	GOBP_REGULATION_OF_AUTOPHAGY		348	0.44693974	0.99832195	0.39218327	0.6830482	1.0	1924	tags=20%, list=12%, signal=23%	
JOHNSTONE_PARVB_TARGETS_2_DN	JOHNSTONE_PARVB_TARGETS_2_DN		305	0.44768384	0.99823135	0.39014646	0.6829244	1.0	2567	tags=26%, list=16%, signal=30%	
GOBP_MRNA_3_END_PROCESSING	GOBP_MRNA_3_END_PROCESSING		45	0.5150412	0.99811256	0.44054878	0.68288445	1.0	3584	tags=38%, list=22%, signal=48%	
GOBP_CALCINEURIN_MEDIATED_SIGNALING	GOBP_CALCINEURIN_MEDIATED_SIGNALING		50	0.5028196	0.9979611	0.46067417	0.6829161	1.0	1641	tags=32%, list=10%, signal=35%	
GOBP_RESPONSE_TO_X_RAY	GOBP_RESPONSE_TO_X_RAY		24	0.5276203	0.99766845	0.48584905	0.6832235	1.0	2750	tags=29%, list=17%, signal=35%	
KEGG_PURINE_METABOLISM	KEGG_PURINE_METABOLISM		140	0.46131495	0.9975386	0.42553192	0.68321013	1.0	1952	tags=14%, list=12%, signal=16%	
GOBP_RESPONSE_TO_COLD	GOBP_RESPONSE_TO_COLD		42	0.51086867	0.99732465	0.45454547	0.68334895	1.0	824	tags=12%, list=5%, signal=13%	
GOBP_LIPID_CATABOLIC_PROCESS	GOBP_LIPID_CATABOLIC_PROCESS		284	0.45263833	0.99706274	0.4131327	0.68361187	1.0	2100	tags=14%, list=13%, signal=16%	
GOBP_POSITIVE_REGULATION_OF_CYTOPLASMIC_TRANSLATION	GOBP_POSITIVE_REGULATION_OF_CYTOPLASMIC_TRANSLATION		15	0.58046114	0.9966217	0.4863124	0.68425274	1.0	1384	tags=40%, list=9%, signal=44%	
CEMBROWSKI_HIPPOSEQ_CA4-CA3_D-CA3_V-CA2-CA1_D-CA1_V__VS__DG_D-DG_V	CEMBROWSKI_HIPPOSEQ_CA4-CA3_D-CA3_V-CA2-CA1_D-CA1_V__VS__DG_D-DG_V		22	0.53729033	0.9966129	0.47311828	0.68397975	1.0	910	tags=23%, list=6%, signal=24%	
ASTROCYTE_ALL_ZEISEL_SCIENCE_2015	ASTROCYTE_ALL_ZEISEL_SCIENCE_2015		197	0.44353124	0.99632925	0.4275766	0.684261	1.0	1907	tags=17%, list=12%, signal=19%	
DESCARTES_FETAL_CEREBRUM_MEGAKARYOCYTES	DESCARTES_FETAL_CEREBRUM_MEGAKARYOCYTES		279	0.44903356	0.9963002	0.40162823	0.68403715	1.0	2702	tags=17%, list=17%, signal=20%	
GOBP_POSITIVE_REGULATION_OF_HEART_RATE	GOBP_POSITIVE_REGULATION_OF_HEART_RATE		23	0.5388838	0.99619436	0.46821705	0.68397063	1.0	1652	tags=13%, list=10%, signal=14%	
GOBP_NEURON_APOPTOTIC_PROCESS	GOBP_NEURON_APOPTOTIC_PROCESS		272	0.4470766	0.9961105	0.3977433	0.68385214	1.0	1633	tags=21%, list=10%, signal=23%	
GOBP_CARDIAC_MUSCLE_TISSUE_DEVELOPMENT	GOBP_CARDIAC_MUSCLE_TISSUE_DEVELOPMENT		205	0.45261234	0.995553	0.42655367	0.6847448	1.0	2082	tags=22%, list=13%, signal=25%	
GOBP_PERIPHERAL_NERVOUS_SYSTEM_AXON_ENSHEATHMENT	GOBP_PERIPHERAL_NERVOUS_SYSTEM_AXON_ENSHEATHMENT		29	0.5386415	0.99531317	0.48669797	0.684951	1.0	1231	tags=24%, list=8%, signal=26%	
GOBP_PROSTAGLANDIN_TRANSPORT	GOBP_PROSTAGLANDIN_TRANSPORT		20	0.55283636	0.995255	0.5078125	0.6847781	1.0	2950	tags=30%, list=18%, signal=37%	
GOBP_POSITIVE_REGULATION_OF_DEVELOPMENTAL_GROWTH	GOBP_POSITIVE_REGULATION_OF_DEVELOPMENTAL_GROWTH		142	0.46019754	0.99491733	0.43087247	0.6851745	1.0	1404	tags=19%, list=9%, signal=21%	
GOBP_NEGATIVE_REGULATION_OF_NUCLEOTIDE_METABOLIC_PROCESS	GOBP_NEGATIVE_REGULATION_OF_NUCLEOTIDE_METABOLIC_PROCESS		26	0.53018355	0.9946992	0.46978852	0.68536055	1.0	1775	tags=23%, list=11%, signal=26%	
GOBP_REGULATION_OF_NOTCH_SIGNALING_PATHWAY	GOBP_REGULATION_OF_NOTCH_SIGNALING_PATHWAY		90	0.47921607	0.99463403	0.43285716	0.6852182	1.0	1904	tags=18%, list=12%, signal=20%	
GOBP_APOPTOTIC_PROCESS_INVOLVED_IN_DEVELOPMENT	GOBP_APOPTOTIC_PROCESS_INVOLVED_IN_DEVELOPMENT		36	0.51662505	0.9945979	0.46624804	0.6850078	1.0	1994	tags=19%, list=12%, signal=22%	
KEGG_MEDICUS_REFERENCE_PDGF_PDGFR_PLCG_CAMK_SIGNALING_PATHWAY	KEGG_MEDICUS_REFERENCE_PDGF_PDGFR_PLCG_CAMK_SIGNALING_PATHWAY		17	0.56218225	0.9941324	0.4847561	0.6856632	1.0	1811	tags=47%, list=11%, signal=53%	
GOBP_GAMMA_AMINOBUTYRIC_ACID_SIGNALING_PATHWAY	GOBP_GAMMA_AMINOBUTYRIC_ACID_SIGNALING_PATHWAY		30	0.5180723	0.9935052	0.49920762	0.6866852	1.0	2670	tags=30%, list=16%, signal=36%	
GENEWEAVER_LOIAOCONA_2016_GS400101_DOWN-REGULATED GENES IN S-S (SOCIAL STRESS) MICE_TOP25_BYPVAL	GENEWEAVER_LOIAOCONA_2016_GS400101_DOWN-REGULATED GENES IN S-S (SOCIAL STRESS) MICE_TOP25_BYPVAL		21	0.53952986	0.99348	0.47694755	0.68645346	1.0	3512	tags=43%, list=22%, signal=55%	
GOBP_DNA_TEMPLATED_TRANSCRIPTION_TERMINATION	GOBP_DNA_TEMPLATED_TRANSCRIPTION_TERMINATION		45	0.5042338	0.99292994	0.45426357	0.6872763	1.0	1384	tags=13%, list=9%, signal=15%	
GOBP_NEURON_RECOGNITION	GOBP_NEURON_RECOGNITION		49	0.49943116	0.99265504	0.46439168	0.687536	1.0	2579	tags=37%, list=16%, signal=44%	
GOBP_PURINE_NUCLEOBASE_METABOLIC_PROCESS	GOBP_PURINE_NUCLEOBASE_METABOLIC_PROCESS		19	0.5408708	0.99253905	0.46623793	0.687496	1.0	405	tags=11%, list=2%, signal=11%	
COLIN_PILOCYTIC_ASTROCYTOMA_VS_GLIOBLASTOMA_UP	COLIN_PILOCYTIC_ASTROCYTOMA_VS_GLIOBLASTOMA_UP		36	0.5098592	0.9924848	0.47186148	0.68732893	1.0	202	tags=25%, list=1%, signal=25%	
GEMMA_GSE72343_CIRCUIT-WIDE_TRANSCRIPTIONAL_PROFILING_REVEALS_REGION_SPECIFIC_GENE_CO-EXPRESSION_NETWORKS_REGULATING_DEPRESSION_SUSCEPTIBILITY_PHENOTYPE_RESILIENT_UP	GEMMA_GSE72343_CIRCUIT-WIDE_TRANSCRIPTIONAL_PROFILING_REVEALS_REGION_SPECIFIC_GENE_CO-EXPRESSION_NETWORKS_REGULATING_DEPRESSION_SUSCEPTIBILITY_PHENOTYPE_RESILIENT_UP		36	0.5069725	0.99183625	0.47297296	0.68835515	1.0	2992	tags=31%, list=18%, signal=37%	
GOBP_MAMMARY_GLAND_EPITHELIAL_CELL_DIFFERENTIATION	GOBP_MAMMARY_GLAND_EPITHELIAL_CELL_DIFFERENTIATION		15	0.5632001	0.99164325	0.48153847	0.6884899	1.0	992	tags=13%, list=6%, signal=14%	
DROPVIZ_STR_ENDOTHELIAL_FLT1_CLUSTER-MARKERS.CSV	DROPVIZ_STR_ENDOTHELIAL_FLT1_CLUSTER-MARKERS.CSV		223	0.45100972	0.9915164	0.44319776	0.6884801	1.0	411	tags=11%, list=3%, signal=11%	
VERHAAK_GLIOBLASTOMA_PRONEURAL	VERHAAK_GLIOBLASTOMA_PRONEURAL		156	0.4488404	0.9914722	0.43304843	0.6882759	1.0	1359	tags=18%, list=8%, signal=19%	
GOBP_INNER_EAR_RECEPTOR_CELL_STEREOCILIUM_ORGANIZATION	GOBP_INNER_EAR_RECEPTOR_CELL_STEREOCILIUM_ORGANIZATION		35	0.50633395	0.9914126	0.46636087	0.68810576	1.0	1389	tags=11%, list=9%, signal=12%	
GOBP_REGULATION_OF_DIGESTIVE_SYSTEM_PROCESS	GOBP_REGULATION_OF_DIGESTIVE_SYSTEM_PROCESS		26	0.5367502	0.9911326	0.4921875	0.6884005	1.0	1098	tags=8%, list=7%, signal=8%	
GOBP_HEART_VALVE_DEVELOPMENT	GOBP_HEART_VALVE_DEVELOPMENT		70	0.48452237	0.99102235	0.48099416	0.6883531	1.0	1182	tags=19%, list=7%, signal=20%	
GOBP_CGAS_STING_SIGNALING_PATHWAY	GOBP_CGAS_STING_SIGNALING_PATHWAY		28	0.52822536	0.9905116	0.48833594	0.68912226	1.0	2851	tags=29%, list=18%, signal=35%	
GOBP_PERIPHERAL_NERVOUS_SYSTEM_DEVELOPMENT	GOBP_PERIPHERAL_NERVOUS_SYSTEM_DEVELOPMENT		77	0.4833155	0.99019855	0.4581431	0.68950313	1.0	2162	tags=34%, list=13%, signal=39%	
KEGG_MEDICUS_PATHOGEN_HIV_GP120_TO_CXCR4_GNAQ_PLCB_G_CALCINEURIN	KEGG_MEDICUS_PATHOGEN_HIV_GP120_TO_CXCR4_GNAQ_PLCB_G_CALCINEURIN		17	0.55267686	0.98924905	0.47530866	0.6911836	1.0	1641	tags=29%, list=10%, signal=33%	
GOBP_REGULATION_OF_EXTRACELLULAR_MATRIX_ORGANIZATION	GOBP_REGULATION_OF_EXTRACELLULAR_MATRIX_ORGANIZATION		59	0.4764296	0.98924106	0.4636628	0.6909155	1.0	546	tags=12%, list=3%, signal=12%	
GOBP_RUFFLE_ASSEMBLY	GOBP_RUFFLE_ASSEMBLY		41	0.49879098	0.9890426	0.45373136	0.6910499	1.0	1998	tags=29%, list=12%, signal=33%	
KEGG_MTOR_SIGNALING_PATHWAY	KEGG_MTOR_SIGNALING_PATHWAY		49	0.4974082	0.98897225	0.45668134	0.6909111	1.0	2587	tags=35%, list=16%, signal=41%	
GOBP_BONE_REMODELING	GOBP_BONE_REMODELING		82	0.4666124	0.98820096	0.45184135	0.69221914	1.0	868	tags=15%, list=5%, signal=15%	
GOBP_REGULATION_OF_PROTEIN_SERINE_THREONINE_KINASE_ACTIVITY	GOBP_REGULATION_OF_PROTEIN_SERINE_THREONINE_KINASE_ACTIVITY		110	0.4609665	0.98768634	0.44569817	0.692997	1.0	2310	tags=24%, list=14%, signal=27%	
GEMMA_GSE10415_7_BRAIN_REGIONS_IN_20_INBRED_STRAINS_OF_LABORATORY_MICE_STRAINORLINE_DBA.2J_DOWN	GEMMA_GSE10415_7_BRAIN_REGIONS_IN_20_INBRED_STRAINS_OF_LABORATORY_MICE_STRAINORLINE_DBA.2J_DOWN		347	0.4383543	0.98765653	0.43147898	0.6927635	1.0	2150	tags=14%, list=13%, signal=16%	
GOBP_NEGATIVE_REGULATION_OF_BINDING	GOBP_NEGATIVE_REGULATION_OF_BINDING		37	0.5024295	0.98739713	0.47767857	0.6930132	1.0	1119	tags=19%, list=7%, signal=20%	
GOBP_REGULATION_OF_SNARE_COMPLEX_ASSEMBLY	GOBP_REGULATION_OF_SNARE_COMPLEX_ASSEMBLY		15	0.5618522	0.98707837	0.5	0.6933566	1.0	2102	tags=27%, list=13%, signal=31%	
GEMMA_GSE10415_7_BRAIN_REGIONS_IN_20_INBRED_STRAINS_OF_LABORATORY_MICE_STRAINORLINE_A.J_DOWN	GEMMA_GSE10415_7_BRAIN_REGIONS_IN_20_INBRED_STRAINS_OF_LABORATORY_MICE_STRAINORLINE_A.J_DOWN		434	0.43736055	0.98705196	0.41551247	0.6931256	1.0	2973	tags=22%, list=18%, signal=26%	
GOBP_RENAL_TUBULAR_SECRETION	GOBP_RENAL_TUBULAR_SECRETION		15	0.5573292	0.98682207	0.5140187	0.69329953	1.0	1938	tags=20%, list=12%, signal=23%	
GOBP_RUFFLE_ORGANIZATION	GOBP_RUFFLE_ORGANIZATION		53	0.48902786	0.98672676	0.4651163	0.6931989	1.0	1998	tags=28%, list=12%, signal=32%	
GOBP_STEM_CELL_PROLIFERATION	GOBP_STEM_CELL_PROLIFERATION		67	0.4790202	0.9865228	0.45978755	0.6933259	1.0	985	tags=15%, list=6%, signal=16%	
GOBP_CELL_GROWTH	GOBP_CELL_GROWTH		444	0.44225985	0.98639244	0.41504177	0.69330966	1.0	1702	tags=19%, list=10%, signal=21%	
GOBP_REGULATION_OF_TRANSFERASE_ACTIVITY	GOBP_REGULATION_OF_TRANSFERASE_ACTIVITY		274	0.44537655	0.98585635	0.42022792	0.6941418	1.0	2310	tags=23%, list=14%, signal=27%	
GOBP_NUCLEOLAR_LARGE_RRNA_TRANSCRIPTION_BY_RNA_POLYMERASE_I	GOBP_NUCLEOLAR_LARGE_RRNA_TRANSCRIPTION_BY_RNA_POLYMERASE_I		32	0.5147547	0.9857168	0.48037678	0.69414836	1.0	1625	tags=13%, list=10%, signal=14%	
GOBP_POSITIVE_REGULATION_OF_JNK_CASCADE	GOBP_POSITIVE_REGULATION_OF_JNK_CASCADE		99	0.47087166	0.985545	0.46666667	0.69422317	1.0	1522	tags=13%, list=9%, signal=14%	
KEGG_DORSO_VENTRAL_AXIS_FORMATION	KEGG_DORSO_VENTRAL_AXIS_FORMATION		20	0.5367726	0.9854127	0.50651467	0.69422716	1.0	2101	tags=30%, list=13%, signal=34%	
GOBP_SKELETAL_MUSCLE_CELL_PROLIFERATION	GOBP_SKELETAL_MUSCLE_CELL_PROLIFERATION		20	0.5487846	0.98530835	0.51450384	0.6941488	1.0	2223	tags=25%, list=14%, signal=29%	
GOBP_CELLULAR_HYPEROSMOTIC_RESPONSE	GOBP_CELLULAR_HYPEROSMOTIC_RESPONSE		19	0.5262932	0.9852721	0.49356914	0.6939309	1.0	1425	tags=26%, list=9%, signal=29%	
QUINTENS_EMBRYONIC_BRAIN_RESPONSE_TO_IR	QUINTENS_EMBRYONIC_BRAIN_RESPONSE_TO_IR		74	0.475822	0.98499376	0.4505814	0.6942241	1.0	2769	tags=20%, list=17%, signal=24%	
GOBP_CALCIUM_ION_IMPORT	GOBP_CALCIUM_ION_IMPORT		68	0.48950723	0.9849045	0.47883213	0.69413406	1.0	1569	tags=18%, list=10%, signal=19%	
GOBP_ARP2_3_COMPLEX_MEDIATED_ACTIN_NUCLEATION	GOBP_ARP2_3_COMPLEX_MEDIATED_ACTIN_NUCLEATION		44	0.50026804	0.98485434	0.5037936	0.69396615	1.0	2895	tags=34%, list=18%, signal=41%	
GOBP_EYE_PHOTORECEPTOR_CELL_DIFFERENTIATION	GOBP_EYE_PHOTORECEPTOR_CELL_DIFFERENTIATION		45	0.49706483	0.9845413	0.4552239	0.69433284	1.0	514	tags=7%, list=3%, signal=7%	
GOBP_REGULATION_OF_ER_TO_GOLGI_VESICLE_MEDIATED_TRANSPORT	GOBP_REGULATION_OF_ER_TO_GOLGI_VESICLE_MEDIATED_TRANSPORT		18	0.54788524	0.9836142	0.50164473	0.6959434	1.0	3443	tags=44%, list=21%, signal=56%	
GOBP_REGULATION_OF_AXON_EXTENSION_INVOLVED_IN_AXON_GUIDANCE	GOBP_REGULATION_OF_AXON_EXTENSION_INVOLVED_IN_AXON_GUIDANCE		15	0.5526252	0.9831019	0.50877196	0.69667935	1.0	2128	tags=27%, list=13%, signal=31%	
GOBP_CELLULAR_EXTRAVASATION	GOBP_CELLULAR_EXTRAVASATION		64	0.48380622	0.98298925	0.47138554	0.6966214	1.0	2184	tags=31%, list=13%, signal=36%	
KEGG_MEDICUS_REFERENCE_GNRH_GNRHR_PLCB_PKC_SIGNALING_PATHWAY	KEGG_MEDICUS_REFERENCE_GNRH_GNRHR_PLCB_PKC_SIGNALING_PATHWAY		18	0.5364168	0.98250246	0.5157233	0.6973345	1.0	1288	tags=17%, list=8%, signal=18%	
GEMMA_GSE10415_7_BRAIN_REGIONS_IN_20_INBRED_STRAINS_OF_LABORATORY_MICE_STRAINORLINE_PERA.EIJ_DOWN	GEMMA_GSE10415_7_BRAIN_REGIONS_IN_20_INBRED_STRAINS_OF_LABORATORY_MICE_STRAINORLINE_PERA.EIJ_DOWN		222	0.44879904	0.9824592	0.4640884	0.69714385	1.0	1947	tags=14%, list=12%, signal=15%	
GOBP_MODIFIED_AMINO_ACID_TRANSPORT	GOBP_MODIFIED_AMINO_ACID_TRANSPORT		36	0.51165015	0.9823988	0.49172932	0.6969884	1.0	3325	tags=25%, list=20%, signal=31%	
KEGG_LYSINE_DEGRADATION	KEGG_LYSINE_DEGRADATION		42	0.49564442	0.9819405	0.4745509	0.6976177	1.0	2392	tags=29%, list=15%, signal=33%	
GOBP_MIRNA_PROCESSING	GOBP_MIRNA_PROCESSING		44	0.5018675	0.9816109	0.46293494	0.6980065	1.0	3285	tags=48%, list=20%, signal=60%	
GOBP_PROTEIN_K11_LINKED_UBIQUITINATION	GOBP_PROTEIN_K11_LINKED_UBIQUITINATION		36	0.5028339	0.9815991	0.4781955	0.6977471	1.0	2524	tags=28%, list=16%, signal=33%	
GOBP_PHOSPHATIDYLGLYCEROL_METABOLIC_PROCESS	GOBP_PHOSPHATIDYLGLYCEROL_METABOLIC_PROCESS		28	0.5096859	0.981458	0.49701494	0.69776773	1.0	1151	tags=14%, list=7%, signal=15%	
GOBP_REGULATION_OF_ORGANELLE_ASSEMBLY	GOBP_REGULATION_OF_ORGANELLE_ASSEMBLY		248	0.43629247	0.98123366	0.44351465	0.6979515	1.0	2025	tags=19%, list=12%, signal=21%	
GOBP_WNT_SIGNALING_PATHWAY_PLANAR_CELL_POLARITY_PATHWAY	GOBP_WNT_SIGNALING_PATHWAY_PLANAR_CELL_POLARITY_PATHWAY		46	0.49360538	0.9811787	0.4650456	0.6977779	1.0	1541	tags=17%, list=9%, signal=19%	
GOBP_REGULATION_OF_CELLULAR_RESPONSE_TO_OXIDATIVE_STRESS	GOBP_REGULATION_OF_CELLULAR_RESPONSE_TO_OXIDATIVE_STRESS		21	0.5284657	0.9809959	0.5079618	0.6978536	1.0	1593	tags=24%, list=10%, signal=26%	
OLIGODENDROCYTE_MYELINATING_ZHANG_JNEURO_2014	OLIGODENDROCYTE_MYELINATING_ZHANG_JNEURO_2014		35	0.5002316	0.9808555	0.48892406	0.6978505	1.0	313	tags=9%, list=2%, signal=9%	
MICROGLIA_ALL_ZHANG_JNEURO_2014	MICROGLIA_ALL_ZHANG_JNEURO_2014		32	0.51611614	0.98073435	0.46374622	0.6978315	1.0	413	tags=19%, list=3%, signal=19%	
GANDAL_2018_BIPOLARDISORDER_DOWNREGULATED_CORTEX	GANDAL_2018_BIPOLARDISORDER_DOWNREGULATED_CORTEX		158	0.4540023	0.98042274	0.43239436	0.69820917	1.0	1242	tags=14%, list=8%, signal=15%	
GOBP_CELLULAR_RESPONSE_TO_TOXIC_SUBSTANCE	GOBP_CELLULAR_RESPONSE_TO_TOXIC_SUBSTANCE		110	0.45844024	0.9801603	0.44747612	0.69847554	1.0	803	tags=6%, list=5%, signal=7%	
GOBP_ERYTHROCYTE_DEVELOPMENT	GOBP_ERYTHROCYTE_DEVELOPMENT		39	0.5090439	0.979987	0.49096385	0.69854546	1.0	1904	tags=33%, list=12%, signal=38%	
GOBP_NEURON_PROJECTION_EXTENSION_INVOLVED_IN_NEURON_PROJECTION_GUIDANCE	GOBP_NEURON_PROJECTION_EXTENSION_INVOLVED_IN_NEURON_PROJECTION_GUIDANCE		19	0.541548	0.9796965	0.5213946	0.69884866	1.0	2128	tags=32%, list=13%, signal=36%	
WILHELM_2013_FLINDERSSENSITIVELINE_UPREGULATED_HC	WILHELM_2013_FLINDERSSENSITIVELINE_UPREGULATED_HC		63	0.4771193	0.9795365	0.47283408	0.6989145	1.0	1232	tags=16%, list=8%, signal=17%	
GEMMA_GSE29552_DEVELOPMENTAL_UNDERPINNINGS_OF_DIFFERENCES_IN_RODENT_NOVELTY-SEEKING_AND_EMOTIONAL_REACTIVITY_HC_PHENOTYPE_HIGH.RESPONDER_DOWN	GEMMA_GSE29552_DEVELOPMENTAL_UNDERPINNINGS_OF_DIFFERENCES_IN_RODENT_NOVELTY-SEEKING_AND_EMOTIONAL_REACTIVITY_HC_PHENOTYPE_HIGH.RESPONDER_DOWN		16	0.55166185	0.9791488	0.5192012	0.69939613	1.0	1478	tags=44%, list=9%, signal=48%	
KEGG_EPITHELIAL_CELL_SIGNALING_IN_HELICOBACTER_PYLORI_INFECTION	KEGG_EPITHELIAL_CELL_SIGNALING_IN_HELICOBACTER_PYLORI_INFECTION		64	0.48027667	0.97913814	0.47826087	0.6991353	1.0	1999	tags=27%, list=12%, signal=30%	
GOBP_SCHWANN_CELL_DIFFERENTIATION	GOBP_SCHWANN_CELL_DIFFERENTIATION		47	0.4927048	0.9788185	0.50762194	0.6995208	1.0	2162	tags=34%, list=13%, signal=39%	
GOBP_ETHER_LIPID_METABOLIC_PROCESS	GOBP_ETHER_LIPID_METABOLIC_PROCESS		21	0.54214436	0.9786241	0.53554505	0.69961977	1.0	2552	tags=29%, list=16%, signal=34%	
GOBP_MITOCHONDRIAL_FUSION	GOBP_MITOCHONDRIAL_FUSION		35	0.50380397	0.9785561	0.4714065	0.6994656	1.0	1748	tags=17%, list=11%, signal=19%	
GEMMA_GSE88736_TRANSCRIPTOMICS_OF_ENVIRONMENTAL_ENRICHMENT_AND_COCAINE_USING_QUANTITATIVE_NEXT_GENERATION_SEQUENCING_ENVIRONMENTAL_HISTORY_ENVIRONMENTAL.ENRICHMENT_DOWN	GEMMA_GSE88736_TRANSCRIPTOMICS_OF_ENVIRONMENTAL_ENRICHMENT_AND_COCAINE_USING_QUANTITATIVE_NEXT_GENERATION_SEQUENCING_ENVIRONMENTAL_HISTORY_ENVIRONMENTAL.ENRICHMENT_DOWN		68	0.48401466	0.97828645	0.4671642	0.6997442	1.0	3190	tags=44%, list=20%, signal=55%	
NEURON_NEURON_PNOC_DOYLE_CELL_2008	NEURON_NEURON_PNOC_DOYLE_CELL_2008		20	0.52602166	0.97828496	0.49375	0.699465	1.0	264	tags=5%, list=2%, signal=5%	
GEMMA_GSE72343_CIRCUIT-WIDE_TRANSCRIPTIONAL_PROFILING_REVEALS_REGION_SPECIFIC_GENE_CO-EXPRESSION_NETWORKS_REGULATING_DEPRESSION_SUSCEPTIBILITY_PHENOTYPE_SUSCEPTIBLE_UP	GEMMA_GSE72343_CIRCUIT-WIDE_TRANSCRIPTIONAL_PROFILING_REVEALS_REGION_SPECIFIC_GENE_CO-EXPRESSION_NETWORKS_REGULATING_DEPRESSION_SUSCEPTIBILITY_PHENOTYPE_SUSCEPTIBLE_UP		36	0.5069725	0.9782334	0.49025488	0.69929737	1.0	2992	tags=31%, list=18%, signal=37%	
GOBP_DNA_INTEGRITY_CHECKPOINT_SIGNALING	GOBP_DNA_INTEGRITY_CHECKPOINT_SIGNALING		128	0.4507513	0.9781501	0.44537815	0.6991842	1.0	2867	tags=20%, list=18%, signal=24%	
GOBP_MRNA_METHYLGUANOSINE_CAP_DECAPPING	GOBP_MRNA_METHYLGUANOSINE_CAP_DECAPPING		23	0.5328324	0.9780487	0.5022831	0.6991065	1.0	3066	tags=43%, list=19%, signal=54%	
GOBP_DNA_TEMPLATED_TRANSCRIPTION_INITIATION	GOBP_DNA_TEMPLATED_TRANSCRIPTION_INITIATION		232	0.4428903	0.9780134	0.44846797	0.69890434	1.0	1866	tags=17%, list=11%, signal=19%	
GOBP_POSITIVE_REGULATION_OF_PROTEIN_LOCALIZATION_TO_NUCLEUS	GOBP_POSITIVE_REGULATION_OF_PROTEIN_LOCALIZATION_TO_NUCLEUS		90	0.4685976	0.977178	0.47562778	0.70028883	1.0	978	tags=17%, list=6%, signal=18%	
GOBP_MITOTIC_SISTER_CHROMATID_SEGREGATION	GOBP_MITOTIC_SISTER_CHROMATID_SEGREGATION		195	0.44113263	0.9770801	0.45402297	0.70020866	1.0	2971	tags=25%, list=18%, signal=30%	
GOBP_REGULATION_OF_CATALYTIC_ACTIVITY	GOBP_REGULATION_OF_CATALYTIC_ACTIVITY		479	0.43112648	0.9769527	0.4373259	0.7001711	1.0	1996	tags=21%, list=12%, signal=23%	
JOHNSON_2016_COEXPRESSION_HIPPOCAMPUS_HUMAN_M5	JOHNSON_2016_COEXPRESSION_HIPPOCAMPUS_HUMAN_M5		125	0.4603928	0.97661287	0.46571428	0.70055264	1.0	1477	tags=18%, list=9%, signal=19%	
GOBP_NEGATIVE_REGULATION_OF_CATABOLIC_PROCESS	GOBP_NEGATIVE_REGULATION_OF_CATABOLIC_PROCESS		346	0.43606445	0.9761477	0.43373495	0.7012062	1.0	2037	tags=24%, list=13%, signal=27%	
GOBP_EPIBOLY	GOBP_EPIBOLY		39	0.5012145	0.9760909	0.5030769	0.7010417	1.0	1393	tags=26%, list=9%, signal=28%	
ROVERSI_GLIOMA_COPY_NUMBER_DN	ROVERSI_GLIOMA_COPY_NUMBER_DN		40	0.4937126	0.9760119	0.4978038	0.70091665	1.0	2270	tags=18%, list=14%, signal=20%	
KEGG_PPAR_SIGNALING_PATHWAY	KEGG_PPAR_SIGNALING_PATHWAY		49	0.49394616	0.97589326	0.49112427	0.7008829	1.0	2571	tags=31%, list=16%, signal=36%	
GOBP_PYRIMIDINE_CONTAINING_COMPOUND_CATABOLIC_PROCESS	GOBP_PYRIMIDINE_CONTAINING_COMPOUND_CATABOLIC_PROCESS		28	0.5188984	0.97537047	0.48053893	0.7016493	1.0	104	tags=4%, list=1%, signal=4%	
GOBP_SULFUR_COMPOUND_BIOSYNTHETIC_PROCESS	GOBP_SULFUR_COMPOUND_BIOSYNTHETIC_PROCESS		105	0.4607005	0.9750722	0.48236954	0.7019657	1.0	2432	tags=19%, list=15%, signal=22%	
GOBP_NERVE_DEVELOPMENT	GOBP_NERVE_DEVELOPMENT		79	0.46883222	0.97470564	0.4527736	0.70244443	1.0	1883	tags=25%, list=12%, signal=28%	
GOBP_MULTICELLULAR_ORGANISM_GROWTH	GOBP_MULTICELLULAR_ORGANISM_GROWTH		162	0.4554158	0.9741495	0.46065807	0.7032834	1.0	1292	tags=19%, list=8%, signal=21%	
GOBP_POSITIVE_REGULATION_OF_MICROTUBULE_POLYMERIZATION_OR_DEPOLYMERIZATION	GOBP_POSITIVE_REGULATION_OF_MICROTUBULE_POLYMERIZATION_OR_DEPOLYMERIZATION		33	0.5089508	0.9737799	0.49924126	0.7037408	1.0	1915	tags=39%, list=12%, signal=45%	
GOBP_MITOCHONDRIAL_FISSION	GOBP_MITOCHONDRIAL_FISSION		43	0.4936134	0.9731806	0.48192772	0.7046691	1.0	2235	tags=30%, list=14%, signal=35%	
GOBP_RESPONSE_TO_MONOAMINE	GOBP_RESPONSE_TO_MONOAMINE		55	0.48239586	0.9730886	0.49266863	0.7045699	1.0	1911	tags=22%, list=12%, signal=25%	
GOBP_NEGATIVE_REGULATION_OF_EPITHELIAL_CELL_PROLIFERATION	GOBP_NEGATIVE_REGULATION_OF_EPITHELIAL_CELL_PROLIFERATION		107	0.45954773	0.97261906	0.4536653	0.70527196	1.0	18	tags=2%, list=0%, signal=2%	
GOBP_REGULATION_OF_MICROTUBULE_POLYMERIZATION	GOBP_REGULATION_OF_MICROTUBULE_POLYMERIZATION		61	0.47548917	0.97238547	0.47988078	0.7054763	1.0	1915	tags=33%, list=12%, signal=37%	
GOBP_SYNAPTIC_TRANSMISSION_GABAERGIC	GOBP_SYNAPTIC_TRANSMISSION_GABAERGIC		61	0.47685593	0.9722722	0.47683108	0.7054328	1.0	2670	tags=28%, list=16%, signal=33%	
GOBP_RESPONSE_TO_HEAT	GOBP_RESPONSE_TO_HEAT		92	0.45455465	0.9721881	0.48640916	0.7053174	1.0	1411	tags=17%, list=9%, signal=19%	
GRAY_2014_CHRONICRESTRAINTSTRESS_DOWNREGULATED_HC	GRAY_2014_CHRONICRESTRAINTSTRESS_DOWNREGULATED_HC		36	0.4998575	0.9718311	0.47447446	0.7057715	1.0	2278	tags=25%, list=14%, signal=29%	
GOBP_VIRAL_PROTEIN_PROCESSING	GOBP_VIRAL_PROTEIN_PROCESSING		30	0.5223139	0.97154343	0.51532847	0.7060523	1.0	1182	tags=17%, list=7%, signal=18%	
MANNO_MIDBRAIN_NEUROTYPES_HRGL1	MANNO_MIDBRAIN_NEUROTYPES_HRGL1		303	0.4382975	0.97150415	0.436919	0.7058514	1.0	1293	tags=13%, list=8%, signal=13%	
GEMMA_GSE50423_CONTEXTUAL_FEAR_CONDITIONING_IN_THE_MOUSE_HIPPOCAMPUS_TIMEPOINT_24.H_DOWN	GEMMA_GSE50423_CONTEXTUAL_FEAR_CONDITIONING_IN_THE_MOUSE_HIPPOCAMPUS_TIMEPOINT_24.H_DOWN		155	0.44673148	0.9706204	0.46054518	0.70738447	1.0	2633	tags=29%, list=16%, signal=34%	
GOBP_POSITIVE_REGULATION_OF_STRIATED_MUSCLE_CELL_DIFFERENTIATION	GOBP_POSITIVE_REGULATION_OF_STRIATED_MUSCLE_CELL_DIFFERENTIATION		32	0.5031319	0.97044694	0.5054773	0.7074587	1.0	3084	tags=28%, list=19%, signal=35%	
GOBP_REGULATION_OF_ERAD_PATHWAY	GOBP_REGULATION_OF_ERAD_PATHWAY		25	0.5169282	0.9696391	0.5151515	0.7087908	1.0	1456	tags=16%, list=9%, signal=18%	
"GEMMA_GSE100236_RNA_SEQUENCING_OF_WHOLE,_VENTRAL_AND_DORSAL_HIPPOCAMPUS_AFTER_DIFFERENT_STRESS_CONDITIONS_TREATMENT_NOVELTY.STRESS_UP"	"GEMMA_GSE100236_RNA_SEQUENCING_OF_WHOLE,_VENTRAL_AND_DORSAL_HIPPOCAMPUS_AFTER_DIFFERENT_STRESS_CONDITIONS_TREATMENT_NOVELTY.STRESS_UP"		98	0.4637185	0.9694864	0.47017047	0.70883334	1.0	2633	tags=31%, list=16%, signal=36%	
GOBP_NEGATIVE_REGULATION_OF_BIOMINERAL_TISSUE_DEVELOPMENT	GOBP_NEGATIVE_REGULATION_OF_BIOMINERAL_TISSUE_DEVELOPMENT		25	0.52123743	0.96944034	0.5023184	0.70865333	1.0	1148	tags=28%, list=7%, signal=30%	
GOBP_REGULATION_OF_CELL_GROWTH_INVOLVED_IN_CARDIAC_MUSCLE_CELL_DEVELOPMENT	GOBP_REGULATION_OF_CELL_GROWTH_INVOLVED_IN_CARDIAC_MUSCLE_CELL_DEVELOPMENT		16	0.54610723	0.96937394	0.5007949	0.70849437	1.0	2440	tags=38%, list=15%, signal=44%	
GOBP_NEGATIVE_REGULATION_OF_CELL_DIVISION	GOBP_NEGATIVE_REGULATION_OF_CELL_DIVISION		15	0.55795586	0.96907765	0.54108524	0.70884377	1.0	2811	tags=27%, list=17%, signal=32%	
GOBP_MEIOTIC_CELL_CYCLE	GOBP_MEIOTIC_CELL_CYCLE		250	0.4321254	0.96904916	0.4670407	0.70861894	1.0	2615	tags=16%, list=16%, signal=18%	
GOBP_REGULATION_OF_ESTABLISHMENT_OF_PROTEIN_LOCALIZATION_TO_MITOCHONDRION	GOBP_REGULATION_OF_ESTABLISHMENT_OF_PROTEIN_LOCALIZATION_TO_MITOCHONDRION		49	0.4838849	0.9688851	0.48690292	0.7086824	1.0	2440	tags=35%, list=15%, signal=41%	
KEGG_GLIOMA	KEGG_GLIOMA		60	0.4683802	0.9681264	0.48165137	0.7098977	1.0	1433	tags=28%, list=9%, signal=31%	
HALLMARK_KRAS_SIGNALING_DN	HALLMARK_KRAS_SIGNALING_DN		146	0.44259727	0.9679095	0.4542857	0.71005434	1.0	2389	tags=18%, list=15%, signal=21%	
GOBP_REGULATION_OF_GLUCOSE_METABOLIC_PROCESS	GOBP_REGULATION_OF_GLUCOSE_METABOLIC_PROCESS		87	0.46329784	0.96758103	0.48063126	0.7104172	1.0	1640	tags=16%, list=10%, signal=18%	
GOBP_CARDIAC_SEPTUM_DEVELOPMENT	GOBP_CARDIAC_SEPTUM_DEVELOPMENT		99	0.4552196	0.9674987	0.4964029	0.7103049	1.0	2403	tags=25%, list=15%, signal=29%	
GEMMA_GSE34424_THE_INFLUENCE_OF_SLEEP_DEPRIVATION_ON_HIPPOCAMPAL_CA1_GENE_EXPRESSION:_RELATION_TO_STRESS_AND_AGING_TREATMENT_NOVEL.ENVIRONMENT.STRESS_72.H_DOWN	GEMMA_GSE34424_THE_INFLUENCE_OF_SLEEP_DEPRIVATION_ON_HIPPOCAMPAL_CA1_GENE_EXPRESSION:_RELATION_TO_STRESS_AND_AGING_TREATMENT_NOVEL.ENVIRONMENT.STRESS_72.H_DOWN		43	0.48698908	0.9674077	0.50625	0.7102103	1.0	646	tags=26%, list=4%, signal=27%	
GOBP_POSITIVE_REGULATION_OF_CELL_JUNCTION_ASSEMBLY	GOBP_POSITIVE_REGULATION_OF_CELL_JUNCTION_ASSEMBLY		104	0.45451856	0.9670569	0.47042254	0.71063834	1.0	1541	tags=17%, list=9%, signal=19%	
GOBP_VIRAL_GENE_EXPRESSION	GOBP_VIRAL_GENE_EXPRESSION		75	0.46857944	0.9666474	0.49621785	0.71116674	1.0	1573	tags=16%, list=10%, signal=18%	
GEMMA_GSE34424_THE_INFLUENCE_OF_SLEEP_DEPRIVATION_ON_HIPPOCAMPAL_CA1_GENE_EXPRESSION:_RELATION_TO_STRESS_AND_AGING_TREATMENT_NOVEL.ENVIRONMENT.STRESS_24.H_DOWN	GEMMA_GSE34424_THE_INFLUENCE_OF_SLEEP_DEPRIVATION_ON_HIPPOCAMPAL_CA1_GENE_EXPRESSION:_RELATION_TO_STRESS_AND_AGING_TREATMENT_NOVEL.ENVIRONMENT.STRESS_24.H_DOWN		45	0.4834362	0.96663016	0.4868217	0.7109183	1.0	646	tags=24%, list=4%, signal=25%	
GOBP_REGULATION_OF_INTRACELLULAR_TRANSPORT	GOBP_REGULATION_OF_INTRACELLULAR_TRANSPORT		260	0.4341631	0.96653277	0.4516129	0.7108347	1.0	1788	tags=21%, list=11%, signal=23%	
GOBP_AMIDE_BIOSYNTHETIC_PROCESS	GOBP_AMIDE_BIOSYNTHETIC_PROCESS		161	0.45046923	0.96592623	0.44507042	0.7117899	1.0	2097	tags=18%, list=13%, signal=20%	
CEMBROWSKI_HIPPOSEQ_CA2__VS__CA3_D-CA3_V	CEMBROWSKI_HIPPOSEQ_CA2__VS__CA3_D-CA3_V		33	0.51264733	0.9658279	0.5186846	0.71171516	1.0	96	tags=6%, list=1%, signal=6%	
GOBP_NEURON_PROJECTION_GUIDANCE	GOBP_NEURON_PROJECTION_GUIDANCE		215	0.43451965	0.9656088	0.4764543	0.7118866	1.0	2128	tags=24%, list=13%, signal=27%	
GOBP_REGULATION_OF_MUSCLE_CONTRACTION	GOBP_REGULATION_OF_MUSCLE_CONTRACTION		153	0.4440307	0.9652601	0.4516129	0.7122869	1.0	1039	tags=8%, list=6%, signal=9%	
GOBP_MITOTIC_G1_S_TRANSITION_CHECKPOINT_SIGNALING	GOBP_MITOTIC_G1_S_TRANSITION_CHECKPOINT_SIGNALING		16	0.5428589	0.96516204	0.5210608	0.7122036	1.0	1955	tags=25%, list=12%, signal=28%	
GOBP_NEGATIVE_REGULATION_OF_BONE_REMODELING	GOBP_NEGATIVE_REGULATION_OF_BONE_REMODELING		16	0.5460797	0.9650415	0.52125984	0.7121564	1.0	1541	tags=19%, list=9%, signal=21%	
GOBP_DENDRITE_DEVELOPMENT	GOBP_DENDRITE_DEVELOPMENT		233	0.43843973	0.9650288	0.45673758	0.71190464	1.0	1941	tags=22%, list=12%, signal=25%	
GOBP_NUCLEOBASE_METABOLIC_PROCESS	GOBP_NUCLEOBASE_METABOLIC_PROCESS		39	0.49319422	0.96491873	0.4892638	0.71184355	1.0	1288	tags=13%, list=8%, signal=14%	
GOBP_CELL_SUBSTRATE_JUNCTION_ORGANIZATION	GOBP_CELL_SUBSTRATE_JUNCTION_ORGANIZATION		104	0.45351094	0.9645051	0.48185778	0.7124062	1.0	1093	tags=19%, list=7%, signal=20%	
GOBP_REGULATION_OF_ADENYLATE_CYCLASE_ACTIVITY	GOBP_REGULATION_OF_ADENYLATE_CYCLASE_ACTIVITY		24	0.5102604	0.9643724	0.5192604	0.71239674	1.0	1832	tags=21%, list=11%, signal=23%	
GOBP_CONNECTIVE_TISSUE_REPLACEMENT	GOBP_CONNECTIVE_TISSUE_REPLACEMENT		15	0.5466241	0.9642888	0.51692307	0.71227604	1.0	1093	tags=20%, list=7%, signal=21%	
DESCARTES_MAIN_FETAL_VISCERAL_NEURONS	DESCARTES_MAIN_FETAL_VISCERAL_NEURONS		223	0.43784958	0.9642488	0.47184986	0.71208656	1.0	2774	tags=25%, list=17%, signal=30%	
GOBP_CELLULAR_RESPONSE_TO_VIRUS	GOBP_CELLULAR_RESPONSE_TO_VIRUS		56	0.47842833	0.9641621	0.5044776	0.71198803	1.0	890	tags=16%, list=5%, signal=17%	
GOBP_REGULATION_OF_EXTRINSIC_APOPTOTIC_SIGNALING_PATHWAY_VIA_DEATH_DOMAIN_RECEPTORS	GOBP_REGULATION_OF_EXTRINSIC_APOPTOTIC_SIGNALING_PATHWAY_VIA_DEATH_DOMAIN_RECEPTORS		46	0.48150423	0.963938	0.4793893	0.71216667	1.0	1586	tags=37%, list=10%, signal=41%	
GOBP_MORPHOGENESIS_OF_AN_EPITHELIAL_SHEET	GOBP_MORPHOGENESIS_OF_AN_EPITHELIAL_SHEET		60	0.48177087	0.96333873	0.49615976	0.7130825	1.0	1162	tags=18%, list=7%, signal=20%	
JOHNSON_2016_COEXPRESSION_HIPPOCAMPUS_HUMAN_M10	JOHNSON_2016_COEXPRESSION_HIPPOCAMPUS_HUMAN_M10		41	0.48581877	0.96329135	0.50829566	0.7129067	1.0	2129	tags=15%, list=13%, signal=17%	
GOBP_DNA_TEMPLATED_DNA_REPLICATION_MAINTENANCE_OF_FIDELITY	GOBP_DNA_TEMPLATED_DNA_REPLICATION_MAINTENANCE_OF_FIDELITY		60	0.46778983	0.9631058	0.49924812	0.7129843	1.0	2333	tags=20%, list=14%, signal=23%	
GOBP_CRANIAL_NERVE_DEVELOPMENT	GOBP_CRANIAL_NERVE_DEVELOPMENT		45	0.48175418	0.9625943	0.49304482	0.71372974	1.0	847	tags=16%, list=5%, signal=16%	
GOBP_ZYMOGEN_ACTIVATION	GOBP_ZYMOGEN_ACTIVATION		43	0.49250075	0.9621782	0.5074627	0.71429497	1.0	821	tags=12%, list=5%, signal=12%	
GOBP_ADENYLATE_CYCLASE_ACTIVATING_G_PROTEIN_COUPLED_RECEPTOR_SIGNALING_PATHWAY	GOBP_ADENYLATE_CYCLASE_ACTIVATING_G_PROTEIN_COUPLED_RECEPTOR_SIGNALING_PATHWAY		153	0.4431212	0.96199167	0.47083926	0.7143813	1.0	2531	tags=20%, list=16%, signal=23%	
GOBP_PROTEIN_LOCALIZATION_TO_CELL_SURFACE	GOBP_PROTEIN_LOCALIZATION_TO_CELL_SURFACE		66	0.4698412	0.96158206	0.48640484	0.71492827	1.0	2237	tags=26%, list=14%, signal=30%	
GOBP_POSITIVE_REGULATION_OF_DEFENSE_RESPONSE_TO_VIRUS_BY_HOST	GOBP_POSITIVE_REGULATION_OF_DEFENSE_RESPONSE_TO_VIRUS_BY_HOST		26	0.5120126	0.9614819	0.50318474	0.7148434	1.0	1171	tags=19%, list=7%, signal=21%	
GOBP_MEMBRANELESS_ORGANELLE_ASSEMBLY	GOBP_MEMBRANELESS_ORGANELLE_ASSEMBLY		425	0.43452984	0.9613488	0.4477612	0.71481013	1.0	2299	tags=20%, list=14%, signal=23%	
GOBP_MODIFIED_AMINO_ACID_METABOLIC_PROCESS	GOBP_MODIFIED_AMINO_ACID_METABOLIC_PROCESS		156	0.4435947	0.9607608	0.4739803	0.7157207	1.0	1640	tags=10%, list=10%, signal=11%	
GEMMA_GSE50423_CONTEXTUAL_FEAR_CONDITIONING_IN_THE_MOUSE_HIPPOCAMPUS_TIMEPOINT_4.H_DOWN	GEMMA_GSE50423_CONTEXTUAL_FEAR_CONDITIONING_IN_THE_MOUSE_HIPPOCAMPUS_TIMEPOINT_4.H_DOWN		427	0.42687246	0.96065575	0.43448275	0.7156424	1.0	2693	tags=26%, list=17%, signal=30%	
GOBP_MAMMARY_GLAND_ALVEOLUS_DEVELOPMENT	GOBP_MAMMARY_GLAND_ALVEOLUS_DEVELOPMENT		17	0.541908	0.96015847	0.5446154	0.7163566	1.0	254	tags=6%, list=2%, signal=6%	
GOBP_KERATINOCYTE_PROLIFERATION	GOBP_KERATINOCYTE_PROLIFERATION		46	0.4776577	0.96003664	0.5128983	0.7163275	1.0	1768	tags=15%, list=11%, signal=17%	
GOBP_CELLULAR_RESPONSE_TO_KETONE	GOBP_CELLULAR_RESPONSE_TO_KETONE		103	0.45284295	0.9596627	0.48359486	0.7167812	1.0	1785	tags=21%, list=11%, signal=24%	
GOBP_REGULATION_OF_GLIAL_CELL_PROLIFERATION	GOBP_REGULATION_OF_GLIAL_CELL_PROLIFERATION		29	0.5062411	0.9595642	0.50834596	0.7166979	1.0	3602	tags=45%, list=22%, signal=57%	
GOBP_EXTRINSIC_APOPTOTIC_SIGNALING_PATHWAY_VIA_DEATH_DOMAIN_RECEPTORS	GOBP_EXTRINSIC_APOPTOTIC_SIGNALING_PATHWAY_VIA_DEATH_DOMAIN_RECEPTORS		85	0.46669558	0.9591683	0.49782923	0.7171961	1.0	1875	tags=29%, list=12%, signal=33%	
GOBP_POSITIVE_REGULATION_OF_IMMUNOGLOBULIN_PRODUCTION	GOBP_POSITIVE_REGULATION_OF_IMMUNOGLOBULIN_PRODUCTION		48	0.47633934	0.95891637	0.49712643	0.7174206	1.0	1586	tags=13%, list=10%, signal=14%	
GOBP_SPLICEOSOMAL_COMPLEX_ASSEMBLY	GOBP_SPLICEOSOMAL_COMPLEX_ASSEMBLY		78	0.46131596	0.9586628	0.48053893	0.71765476	1.0	2861	tags=28%, list=18%, signal=34%	
GOBP_REGULATION_OF_CELL_PROJECTION_ASSEMBLY	GOBP_REGULATION_OF_CELL_PROJECTION_ASSEMBLY		225	0.4321319	0.95860094	0.47091413	0.7175028	1.0	2025	tags=24%, list=12%, signal=27%	
GOBP_POSITIVE_REGULATION_OF_MACROPHAGE_MIGRATION	GOBP_POSITIVE_REGULATION_OF_MACROPHAGE_MIGRATION		27	0.50520855	0.9584919	0.5172956	0.71745634	1.0	1288	tags=19%, list=8%, signal=20%	
KEGG_MAPK_SIGNALING_PATHWAY	KEGG_MAPK_SIGNALING_PATHWAY		244	0.42953113	0.958358	0.46291208	0.71744925	1.0	2815	tags=30%, list=17%, signal=36%	
GOBP_CARBOHYDRATE_HOMEOSTASIS	GOBP_CARBOHYDRATE_HOMEOSTASIS		213	0.43995512	0.9578072	0.47862068	0.7183147	1.0	1638	tags=20%, list=10%, signal=22%	
KEGG_OLFACTORY_TRANSDUCTION	KEGG_OLFACTORY_TRANSDUCTION		28	0.5079739	0.9575797	0.5192012	0.71848655	1.0	1161	tags=14%, list=7%, signal=15%	
GOBP_JNK_CASCADE	GOBP_JNK_CASCADE		176	0.4353076	0.95742667	0.48368794	0.7185214	1.0	1894	tags=20%, list=12%, signal=22%	
GOBP_MRNA_SPLICE_SITE_RECOGNITION	GOBP_MRNA_SPLICE_SITE_RECOGNITION		31	0.49645752	0.95710945	0.50928795	0.71889997	1.0	2370	tags=32%, list=15%, signal=38%	
LEE_AGING_NEOCORTEX_DN	LEE_AGING_NEOCORTEX_DN		51	0.48387748	0.9567256	0.5030581	0.71942294	1.0	585	tags=8%, list=4%, signal=8%	
GEMMA_GSE131972_EARLY_LIFE_STRESS_RESTRICTS_TRANSLATIONAL_REACTIVITY_IN_CA3_NEURONS_ASSOCIATED_WITH_ALTERED_STRESS_RESPONSE_IN_ADULTHOOD_TREATMENT_1_TREATMENT_2_EARLY.LIFE.STRESS_DOWN	GEMMA_GSE131972_EARLY_LIFE_STRESS_RESTRICTS_TRANSLATIONAL_REACTIVITY_IN_CA3_NEURONS_ASSOCIATED_WITH_ALTERED_STRESS_RESPONSE_IN_ADULTHOOD_TREATMENT_1_TREATMENT_2_EARLY.LIFE.STRESS_DOWN		32	0.49420494	0.95658165	0.52134144	0.7194313	1.0	1062	tags=19%, list=7%, signal=20%	
GOBP_NEUROMUSCULAR_PROCESS_CONTROLLING_BALANCE	GOBP_NEUROMUSCULAR_PROCESS_CONTROLLING_BALANCE		53	0.47083998	0.9564806	0.5082212	0.7193759	1.0	1216	tags=21%, list=7%, signal=22%	
GOBP_ACYL_COA_BIOSYNTHETIC_PROCESS	GOBP_ACYL_COA_BIOSYNTHETIC_PROCESS		53	0.47782728	0.95639235	0.4941691	0.71926445	1.0	2097	tags=23%, list=13%, signal=26%	
GOBP_LACTATE_METABOLIC_PROCESS	GOBP_LACTATE_METABOLIC_PROCESS		16	0.5349812	0.9558257	0.5453149	0.72011113	1.0	855	tags=13%, list=5%, signal=13%	
GOBP_AXONAL_TRANSPORT_OF_MITOCHONDRION	GOBP_AXONAL_TRANSPORT_OF_MITOCHONDRION		17	0.53671247	0.9557038	0.5364341	0.7200864	1.0	748	tags=24%, list=5%, signal=25%	
GEMMA_GSE10415_7_BRAIN_REGIONS_IN_20_INBRED_STRAINS_OF_LABORATORY_MICE_STRAINORLINE_SPRET.EIJ_DOWN	GEMMA_GSE10415_7_BRAIN_REGIONS_IN_20_INBRED_STRAINS_OF_LABORATORY_MICE_STRAINORLINE_SPRET.EIJ_DOWN		423	0.42666999	0.95561403	0.45672438	0.71999705	1.0	2078	tags=14%, list=13%, signal=16%	
GOBP_REGULATION_OF_PIGMENTATION	GOBP_REGULATION_OF_PIGMENTATION		15	0.53836226	0.9549656	0.5337838	0.72102994	1.0	1743	tags=13%, list=11%, signal=15%	
RAGHAVAN_2017_WISTARMOREIMMOBILERATS_DOWNREGULATED_HC	RAGHAVAN_2017_WISTARMOREIMMOBILERATS_DOWNREGULATED_HC		16	0.5291977	0.95489645	0.5252855	0.72090054	1.0	2502	tags=25%, list=15%, signal=30%	
GOBP_NEURON_FATE_SPECIFICATION	GOBP_NEURON_FATE_SPECIFICATION		17	0.53349495	0.95476806	0.5456	0.7208691	1.0	3874	tags=41%, list=24%, signal=54%	
GOBP_IMMUNOGLOBULIN_PRODUCTION	GOBP_IMMUNOGLOBULIN_PRODUCTION		98	0.45337015	0.9546199	0.49562684	0.7209205	1.0	3101	tags=26%, list=19%, signal=31%	
GOBP_NEGATIVE_REGULATION_OF_AXONOGENESIS	GOBP_NEGATIVE_REGULATION_OF_AXONOGENESIS		51	0.4690856	0.9542499	0.49853373	0.72140855	1.0	2528	tags=29%, list=16%, signal=35%	
GOBP_NEGATIVE_REGULATION_OF_OSSIFICATION	GOBP_NEGATIVE_REGULATION_OF_OSSIFICATION		38	0.48598146	0.9540104	0.5164671	0.7216504	1.0	1965	tags=29%, list=12%, signal=33%	
GOBP_CEREBRAL_CORTEX_NEURON_DIFFERENTIATION	GOBP_CEREBRAL_CORTEX_NEURON_DIFFERENTIATION		28	0.50468475	0.9539811	0.53313255	0.721425	1.0	1692	tags=18%, list=10%, signal=20%	
GOBP_REGULATION_OF_TOLL_LIKE_RECEPTOR_4_SIGNALING_PATHWAY	GOBP_REGULATION_OF_TOLL_LIKE_RECEPTOR_4_SIGNALING_PATHWAY		30	0.5110547	0.95391667	0.516129	0.72127455	1.0	1894	tags=30%, list=12%, signal=34%	
GOBP_MEMBRANE_REPOLARIZATION_DURING_ACTION_POTENTIAL	GOBP_MEMBRANE_REPOLARIZATION_DURING_ACTION_POTENTIAL		28	0.5022688	0.95380837	0.5122699	0.72120476	1.0	940	tags=18%, list=6%, signal=19%	
KEGG_ALANINE_ASPARTATE_AND_GLUTAMATE_METABOLISM	KEGG_ALANINE_ASPARTATE_AND_GLUTAMATE_METABOLISM		28	0.5065217	0.9536952	0.51993865	0.72115487	1.0	1262	tags=18%, list=8%, signal=19%	
GOBP_REGULATION_OF_WNT_SIGNALING_PATHWAY	GOBP_REGULATION_OF_WNT_SIGNALING_PATHWAY		315	0.42742786	0.9535211	0.47531736	0.7212166	1.0	1373	tags=12%, list=8%, signal=13%	
GOBP_TIGHT_JUNCTION_ORGANIZATION	GOBP_TIGHT_JUNCTION_ORGANIZATION		61	0.46410793	0.9522443	0.52430046	0.7235424	1.0	1829	tags=18%, list=11%, signal=20%	
GOBP_WNT_SIGNALING_PATHWAY	GOBP_WNT_SIGNALING_PATHWAY		437	0.42793405	0.9521991	0.4642857	0.7233513	1.0	1982	tags=16%, list=12%, signal=18%	
GOBP_PHOSPHOLIPID_TRANSPORT	GOBP_PHOSPHOLIPID_TRANSPORT		98	0.44618848	0.9519105	0.52011496	0.72364867	1.0	1583	tags=17%, list=10%, signal=19%	
GOBP_CELL_CYCLE_CHECKPOINT_SIGNALING	GOBP_CELL_CYCLE_CHECKPOINT_SIGNALING		196	0.43492228	0.95189595	0.48783785	0.72339493	1.0	2972	tags=19%, list=18%, signal=23%	
GOBP_REGULATION_OF_JUN_KINASE_ACTIVITY	GOBP_REGULATION_OF_JUN_KINASE_ACTIVITY		19	0.5287152	0.9517213	0.558104	0.7234854	1.0	3919	tags=63%, list=24%, signal=83%	
GOBP_POSITIVE_REGULATION_OF_FATTY_ACID_TRANSPORT	GOBP_POSITIVE_REGULATION_OF_FATTY_ACID_TRANSPORT		17	0.5269901	0.95168924	0.5457464	0.7232672	1.0	2950	tags=24%, list=18%, signal=29%	
KEGG_MEDICUS_REFERENCE_IL1_IL1R_P38_SIGNALING_PATHWAY	KEGG_MEDICUS_REFERENCE_IL1_IL1R_P38_SIGNALING_PATHWAY		17	0.5423265	0.9502264	0.549273	0.72591925	1.0	4222	tags=59%, list=26%, signal=79%	
GEMMA_GSE72343_CIRCUIT-WIDE_TRANSCRIPTIONAL_PROFILING_REVEALS_REGION_SPECIFIC_GENE_CO-EXPRESSION_NETWORKS_REGULATING_DEPRESSION_SUSCEPTIBILITY_TIMEPOINT_28.D_CHRONIC.SOCIAL.DEFEAT.STRESS_1.H_AGGRESSOR.RE.EXPOSURE_UP	GEMMA_GSE72343_CIRCUIT-WIDE_TRANSCRIPTIONAL_PROFILING_REVEALS_REGION_SPECIFIC_GENE_CO-EXPRESSION_NETWORKS_REGULATING_DEPRESSION_SUSCEPTIBILITY_TIMEPOINT_28.D_CHRONIC.SOCIAL.DEFEAT.STRESS_1.H_AGGRESSOR.RE.EXPOSURE_UP		323	0.42888892	0.9500657	0.4806867	0.7259405	1.0	2042	tags=15%, list=13%, signal=17%	
GOBP_VESICLE_MEDIATED_TRANSPORT_TO_THE_PLASMA_MEMBRANE	GOBP_VESICLE_MEDIATED_TRANSPORT_TO_THE_PLASMA_MEMBRANE		165	0.43695164	0.94958556	0.5077139	0.72657126	1.0	2793	tags=29%, list=17%, signal=35%	
GOBP_RAS_PROTEIN_SIGNAL_TRANSDUCTION	GOBP_RAS_PROTEIN_SIGNAL_TRANSDUCTION		108	0.44768253	0.94947976	0.49080622	0.7265102	1.0	2588	tags=27%, list=16%, signal=32%	
GOBP_REGULATION_OF_ACTOMYOSIN_STRUCTURE_ORGANIZATION	GOBP_REGULATION_OF_ACTOMYOSIN_STRUCTURE_ORGANIZATION		97	0.45385417	0.94933707	0.5146199	0.72651285	1.0	2062	tags=31%, list=13%, signal=35%	
GOBP_DEOXYRIBONUCLEOTIDE_BIOSYNTHETIC_PROCESS	GOBP_DEOXYRIBONUCLEOTIDE_BIOSYNTHETIC_PROCESS		16	0.54058796	0.94877	0.5684713	0.7274023	1.0	1564	tags=25%, list=10%, signal=28%	
GOBP_CYTOSKELETON_DEPENDENT_INTRACELLULAR_TRANSPORT	GOBP_CYTOSKELETON_DEPENDENT_INTRACELLULAR_TRANSPORT		207	0.4239005	0.94848096	0.48853868	0.727686	1.0	956	tags=13%, list=6%, signal=14%	
GOBP_REGULATION_OF_PROTEIN_EXIT_FROM_ENDOPLASMIC_RETICULUM	GOBP_REGULATION_OF_PROTEIN_EXIT_FROM_ENDOPLASMIC_RETICULUM		30	0.49986973	0.94827026	0.5529226	0.72782046	1.0	2407	tags=37%, list=15%, signal=43%	
HALLMARK_MTORC1_SIGNALING	HALLMARK_MTORC1_SIGNALING		195	0.43010294	0.94817054	0.47652915	0.7277294	1.0	1368	tags=22%, list=8%, signal=23%	
GOBP_POSITIVE_REGULATION_OF_MONOCYTE_CHEMOTAXIS	GOBP_POSITIVE_REGULATION_OF_MONOCYTE_CHEMOTAXIS		18	0.5330435	0.9480033	0.5613208	0.7277636	1.0	1505	tags=39%, list=9%, signal=43%	
GOBP_POSITIVE_REGULATION_OF_ESTABLISHMENT_OF_PROTEIN_LOCALIZATION_TO_MITOCHONDRION	GOBP_POSITIVE_REGULATION_OF_ESTABLISHMENT_OF_PROTEIN_LOCALIZATION_TO_MITOCHONDRION		35	0.48554596	0.94798386	0.526475	0.7275177	1.0	2440	tags=31%, list=15%, signal=37%	
GOBP_REGULATION_OF_AMINE_METABOLIC_PROCESS	GOBP_REGULATION_OF_AMINE_METABOLIC_PROCESS		20	0.5170784	0.9477662	0.53973013	0.72766346	1.0	2134	tags=30%, list=13%, signal=34%	
GOBP_EPHRIN_RECEPTOR_SIGNALING_PATHWAY	GOBP_EPHRIN_RECEPTOR_SIGNALING_PATHWAY		52	0.4708594	0.947694	0.5316642	0.7275137	1.0	2724	tags=35%, list=17%, signal=41%	
GOBP_EMBRYONIC_HEART_TUBE_DEVELOPMENT	GOBP_EMBRYONIC_HEART_TUBE_DEVELOPMENT		70	0.4548295	0.9475719	0.52122986	0.7274797	1.0	1814	tags=21%, list=11%, signal=24%	
GOBP_MICROTUBULE_BASED_MOVEMENT	GOBP_MICROTUBULE_BASED_MOVEMENT		436	0.41491747	0.94747615	0.4871448	0.727399	1.0	1458	tags=10%, list=9%, signal=11%	
GEMMA_GSE131972_EARLY_LIFE_STRESS_RESTRICTS_TRANSLATIONAL_REACTIVITY_IN_CA3_NEURONS_ASSOCIATED_WITH_ALTERED_STRESS_RESPONSE_IN_ADULTHOOD_TREATMENT_1_TREATMENT_2_FORCED.SWIM.TEST_DOWN	GEMMA_GSE131972_EARLY_LIFE_STRESS_RESTRICTS_TRANSLATIONAL_REACTIVITY_IN_CA3_NEURONS_ASSOCIATED_WITH_ALTERED_STRESS_RESPONSE_IN_ADULTHOOD_TREATMENT_1_TREATMENT_2_FORCED.SWIM.TEST_DOWN		32	0.49420494	0.9473225	0.52030075	0.7274269	1.0	1062	tags=19%, list=7%, signal=20%	
GOBP_CELLULAR_RESPONSE_TO_HEAT	GOBP_CELLULAR_RESPONSE_TO_HEAT		60	0.46341518	0.9469981	0.52180684	0.72778517	1.0	1182	tags=18%, list=7%, signal=20%	
GOBP_REGULATION_OF_MITOCHONDRIAL_MEMBRANE_PERMEABILITY_INVOLVED_IN_APOPTOTIC_PROCESS	GOBP_REGULATION_OF_MITOCHONDRIAL_MEMBRANE_PERMEABILITY_INVOLVED_IN_APOPTOTIC_PROCESS		39	0.47712237	0.9468411	0.52148145	0.727819	1.0	1785	tags=21%, list=11%, signal=23%	
GOBP_NEGATIVE_REGULATION_OF_CELL_JUNCTION_ASSEMBLY	GOBP_NEGATIVE_REGULATION_OF_CELL_JUNCTION_ASSEMBLY		35	0.49019167	0.94631803	0.54672897	0.72860545	1.0	2128	tags=34%, list=13%, signal=39%	
GOBP_MAMMARY_GLAND_EPITHELIUM_DEVELOPMENT	GOBP_MAMMARY_GLAND_EPITHELIUM_DEVELOPMENT		66	0.45055997	0.94577223	0.5352518	0.7294127	1.0	2506	tags=24%, list=15%, signal=29%	
GOBP_POSITIVE_REGULATION_OF_ALCOHOL_BIOSYNTHETIC_PROCESS	GOBP_POSITIVE_REGULATION_OF_ALCOHOL_BIOSYNTHETIC_PROCESS		26	0.507064	0.94555014	0.5503876	0.72954845	1.0	2112	tags=27%, list=13%, signal=31%	
GOBP_REGULATION_OF_RAS_PROTEIN_SIGNAL_TRANSDUCTION	GOBP_REGULATION_OF_RAS_PROTEIN_SIGNAL_TRANSDUCTION		51	0.47411415	0.94521743	0.50293255	0.72994435	1.0	1412	tags=22%, list=9%, signal=24%	
GOBP_NEGATIVE_REGULATION_OF_PROTEIN_LOCALIZATION	GOBP_NEGATIVE_REGULATION_OF_PROTEIN_LOCALIZATION		180	0.43140534	0.9449451	0.50612247	0.7302073	1.0	1284	tags=16%, list=8%, signal=17%	
GOBP_GLIAL_CELL_DEVELOPMENT	GOBP_GLIAL_CELL_DEVELOPMENT		126	0.44618708	0.94492763	0.52529764	0.7299669	1.0	1373	tags=20%, list=8%, signal=22%	
GOBP_REGULATION_OF_RUFFLE_ASSEMBLY	GOBP_REGULATION_OF_RUFFLE_ASSEMBLY		29	0.4879396	0.94488716	0.5206107	0.7297825	1.0	1610	tags=24%, list=10%, signal=27%	
GOBP_PROTEIN_K48_LINKED_UBIQUITINATION	GOBP_PROTEIN_K48_LINKED_UBIQUITINATION		98	0.45087814	0.9448551	0.49856323	0.7295597	1.0	1875	tags=20%, list=12%, signal=23%	
GOBP_CAMERA_TYPE_EYE_PHOTORECEPTOR_CELL_DIFFERENTIATION	GOBP_CAMERA_TYPE_EYE_PHOTORECEPTOR_CELL_DIFFERENTIATION		26	0.4913963	0.9447375	0.54414123	0.72950023	1.0	514	tags=8%, list=3%, signal=8%	
GOBP_CHROMOSOME_LOCALIZATION	GOBP_CHROMOSOME_LOCALIZATION		121	0.44055843	0.9445773	0.509299	0.7295548	1.0	1993	tags=16%, list=12%, signal=18%	
JOHNSON_2016_COEXPRESSION_HIPPOCAMPUS_HUMAN_M14	JOHNSON_2016_COEXPRESSION_HIPPOCAMPUS_HUMAN_M14		96	0.4560341	0.9445111	0.51014495	0.72941184	1.0	1904	tags=25%, list=12%, signal=28%	
GOBP_REGULATION_OF_FAT_CELL_DIFFERENTIATION	GOBP_REGULATION_OF_FAT_CELL_DIFFERENTIATION		130	0.43864128	0.94447327	0.4854369	0.729198	1.0	1877	tags=15%, list=12%, signal=16%	
GOBP_SMAD_PROTEIN_SIGNAL_TRANSDUCTION	GOBP_SMAD_PROTEIN_SIGNAL_TRANSDUCTION		77	0.44651312	0.94389915	0.51420027	0.7300599	1.0	2334	tags=26%, list=14%, signal=30%	
GEMMA_GSE10415_7_BRAIN_REGIONS_IN_20_INBRED_STRAINS_OF_LABORATORY_MICE_STRAINORLINE_C58.J_DOWN	GEMMA_GSE10415_7_BRAIN_REGIONS_IN_20_INBRED_STRAINS_OF_LABORATORY_MICE_STRAINORLINE_C58.J_DOWN		90	0.45061252	0.94387174	0.51437217	0.72984135	1.0	1863	tags=11%, list=11%, signal=12%	
GOBP_CYTOKINE_PRODUCTION_INVOLVED_IN_INFLAMMATORY_RESPONSE	GOBP_CYTOKINE_PRODUCTION_INVOLVED_IN_INFLAMMATORY_RESPONSE		60	0.4646535	0.94380623	0.50832075	0.72970057	1.0	1999	tags=27%, list=12%, signal=30%	
GOBP_PHOSPHATIDYLINOSITOL_3_PHOSPHATE_BIOSYNTHETIC_PROCESS	GOBP_PHOSPHATIDYLINOSITOL_3_PHOSPHATE_BIOSYNTHETIC_PROCESS		23	0.5205003	0.9432983	0.5520505	0.7304516	1.0	2049	tags=26%, list=13%, signal=30%	
GOBP_POSITIVE_REGULATION_OF_PROTEIN_LOCALIZATION_TO_MEMBRANE	GOBP_POSITIVE_REGULATION_OF_PROTEIN_LOCALIZATION_TO_MEMBRANE		81	0.44679788	0.94318545	0.5221239	0.7304135	1.0	1963	tags=30%, list=12%, signal=34%	
LASTOWSKA_NEUROBLASTOMA_COPY_NUMBER_UP	LASTOWSKA_NEUROBLASTOMA_COPY_NUMBER_UP		165	0.43833727	0.9429886	0.5167131	0.73054385	1.0	2101	tags=16%, list=13%, signal=19%	
GOBP_AXIS_ELONGATION	GOBP_AXIS_ELONGATION		26	0.49794394	0.94292766	0.5439394	0.730395	1.0	1546	tags=19%, list=10%, signal=21%	
GOBP_POSITIVE_REGULATION_OF_TRIGLYCERIDE_METABOLIC_PROCESS	GOBP_POSITIVE_REGULATION_OF_TRIGLYCERIDE_METABOLIC_PROCESS		18	0.53488004	0.9427914	0.559633	0.7303905	1.0	2058	tags=22%, list=13%, signal=25%	
GOBP_POSITIVE_REGULATION_OF_ORGANELLE_ORGANIZATION	GOBP_POSITIVE_REGULATION_OF_ORGANELLE_ORGANIZATION		475	0.42029586	0.9427205	0.46031746	0.73024577	1.0	2017	tags=21%, list=12%, signal=24%	
GEMMA_GSE85136_SEX_DIFFERENCES_IN_NUCLEUS_ACCUMBENS_TRANSCRIPTOME_PROFILES_ASSOCIATED_WITH_SUSCEPTIBILITY_VERSUS_RESILIENCE_TO_SUBCHRONIC_VARIABLE_STRESS_GENOTYPE_DNMT3A.MOUSE.DNA.METHYLTRANSFERASE.3A_HOMOZYGOUS.NEGATIVE_DOWN	GEMMA_GSE85136_SEX_DIFFERENCES_IN_NUCLEUS_ACCUMBENS_TRANSCRIPTOME_PROFILES_ASSOCIATED_WITH_SUSCEPTIBILITY_VERSUS_RESILIENCE_TO_SUBCHRONIC_VARIABLE_STRESS_GENOTYPE_DNMT3A.MOUSE.DNA.METHYLTRANSFERASE.3A_HOMOZYGOUS.NEGATIVE_DOWN		128	0.44288006	0.94255656	0.5064378	0.73028713	1.0	2042	tags=14%, list=13%, signal=16%	
GOBP_REGULATION_OF_ORGANIC_ACID_TRANSPORT	GOBP_REGULATION_OF_ORGANIC_ACID_TRANSPORT		58	0.46174076	0.9424823	0.5372907	0.730169	1.0	1851	tags=16%, list=11%, signal=17%	
GOBP_AMINE_TRANSPORT	GOBP_AMINE_TRANSPORT		74	0.4562949	0.94227797	0.5165945	0.7302797	1.0	1863	tags=20%, list=11%, signal=23%	
GOBP_REGULATION_OF_T_HELPER_1_TYPE_IMMUNE_RESPONSE	GOBP_REGULATION_OF_T_HELPER_1_TYPE_IMMUNE_RESPONSE		33	0.48704004	0.9416608	0.5335366	0.7312337	1.0	3208	tags=36%, list=20%, signal=45%	
GOBP_2_OXOGLUTARATE_METABOLIC_PROCESS	GOBP_2_OXOGLUTARATE_METABOLIC_PROCESS		17	0.5334143	0.9414483	0.5453125	0.7313577	1.0	1326	tags=29%, list=8%, signal=32%	
GOBP_POSITIVE_REGULATION_OF_AMINE_TRANSPORT	GOBP_POSITIVE_REGULATION_OF_AMINE_TRANSPORT		33	0.49022254	0.9413466	0.52537316	0.73126733	1.0	1373	tags=24%, list=8%, signal=26%	
GOBP_POST_EMBRYONIC_DEVELOPMENT	GOBP_POST_EMBRYONIC_DEVELOPMENT		83	0.4531379	0.9395962	0.505698	0.7344658	1.0	2862	tags=40%, list=18%, signal=48%	
GOBP_MITOTIC_CYTOKINESIS	GOBP_MITOTIC_CYTOKINESIS		97	0.45372236	0.939518	0.5309201	0.7343568	1.0	2687	tags=30%, list=17%, signal=36%	
KEGG_MEDICUS_REFERENCE_CCR5_GNB_G_PLCB_G_PKC_SIGNALING_PATHWAY	KEGG_MEDICUS_REFERENCE_CCR5_GNB_G_PLCB_G_PKC_SIGNALING_PATHWAY		23	0.5076107	0.93949646	0.5601218	0.7341178	1.0	571	tags=13%, list=4%, signal=13%	
GOBP_POSITIVE_REGULATION_OF_MACROAUTOPHAGY	GOBP_POSITIVE_REGULATION_OF_MACROAUTOPHAGY		92	0.44975454	0.93947315	0.5174927	0.73387843	1.0	1698	tags=22%, list=10%, signal=24%	
GOBP_RAC_PROTEIN_SIGNAL_TRANSDUCTION	GOBP_RAC_PROTEIN_SIGNAL_TRANSDUCTION		59	0.45695287	0.9388716	0.5233236	0.73483145	1.0	2101	tags=36%, list=13%, signal=41%	
GOBP_FOCAL_ADHESION_ASSEMBLY	GOBP_FOCAL_ADHESION_ASSEMBLY		85	0.45050853	0.93867505	0.52592593	0.73495716	1.0	1549	tags=21%, list=10%, signal=23%	
GOBP_HYALURONAN_METABOLIC_PROCESS	GOBP_HYALURONAN_METABOLIC_PROCESS		30	0.48110735	0.9386709	0.544919	0.73468703	1.0	238	tags=10%, list=1%, signal=10%	
GOBP_ISOPRENOID_METABOLIC_PROCESS	GOBP_ISOPRENOID_METABOLIC_PROCESS		88	0.44585693	0.93864036	0.5130058	0.7344688	1.0	1209	tags=11%, list=7%, signal=12%	
GOBP_INTESTINAL_ABSORPTION	GOBP_INTESTINAL_ABSORPTION		27	0.48521003	0.93863446	0.5458787	0.7342008	1.0	1656	tags=19%, list=10%, signal=21%	
GOBP_ARTERY_DEVELOPMENT	GOBP_ARTERY_DEVELOPMENT		103	0.43651754	0.9386288	0.50791365	0.7339316	1.0	1849	tags=20%, list=11%, signal=23%	
GOBP_NEGATIVE_REGULATION_OF_CANONICAL_WNT_SIGNALING_PATHWAY	GOBP_NEGATIVE_REGULATION_OF_CANONICAL_WNT_SIGNALING_PATHWAY		130	0.4348384	0.9384343	0.5209235	0.7340498	1.0	1322	tags=10%, list=8%, signal=11%	
HAY_BONE_MARROW_FOLLICULAR_B_CELL	HAY_BONE_MARROW_FOLLICULAR_B_CELL		112	0.44085506	0.9380687	0.50584793	0.73449874	1.0	2685	tags=28%, list=17%, signal=33%	
GOBP_ARTERY_MORPHOGENESIS	GOBP_ARTERY_MORPHOGENESIS		69	0.4483488	0.9378701	0.532656	0.7346172	1.0	378	tags=9%, list=2%, signal=9%	
GOBP_POSITIVE_REGULATION_OF_MACROPHAGE_ACTIVATION	GOBP_POSITIVE_REGULATION_OF_MACROPHAGE_ACTIVATION		25	0.5028285	0.9374043	0.5360983	0.73526084	1.0	477	tags=16%, list=3%, signal=16%	
DESCARTES_MAIN_FETAL_ENS_NEURONS	DESCARTES_MAIN_FETAL_ENS_NEURONS		200	0.42162487	0.9368298	0.525	0.7361321	1.0	1359	tags=14%, list=8%, signal=15%	
GOBP_NEGATIVE_REGULATION_OF_T_CELL_APOPTOTIC_PROCESS	GOBP_NEGATIVE_REGULATION_OF_T_CELL_APOPTOTIC_PROCESS		17	0.5320275	0.9367605	0.58204335	0.7359984	1.0	654	tags=12%, list=4%, signal=12%	
GOBP_REGULATION_OF_DENDRITE_EXTENSION	GOBP_REGULATION_OF_DENDRITE_EXTENSION		23	0.500792	0.9365396	0.55230767	0.73615044	1.0	3249	tags=35%, list=20%, signal=43%	
GOBP_NEGATIVE_REGULATION_OF_SMAD_PROTEIN_SIGNAL_TRANSDUCTION	GOBP_NEGATIVE_REGULATION_OF_SMAD_PROTEIN_SIGNAL_TRANSDUCTION		23	0.5051755	0.9362279	0.5611285	0.73647416	1.0	34	tags=4%, list=0%, signal=4%	
GOBP_NEGATIVE_REGULATION_OF_NUCLEAR_DIVISION	GOBP_NEGATIVE_REGULATION_OF_NUCLEAR_DIVISION		68	0.4603154	0.93616843	0.54260087	0.7363164	1.0	713	tags=9%, list=4%, signal=9%	
GOBP_POSITIVE_REGULATION_OF_HYDROLASE_ACTIVITY	GOBP_POSITIVE_REGULATION_OF_HYDROLASE_ACTIVITY		98	0.45082965	0.9357039	0.5065123	0.7369421	1.0	2342	tags=29%, list=14%, signal=33%	
GOBP_REGULATION_OF_MAP_KINASE_ACTIVITY	GOBP_REGULATION_OF_MAP_KINASE_ACTIVITY		62	0.45613503	0.93523437	0.5154639	0.7375818	1.0	1894	tags=23%, list=12%, signal=25%	
PARK_2011_COEXPRESSION_HIPPOCAMPUS_MOUSE_MAGENTA	PARK_2011_COEXPRESSION_HIPPOCAMPUS_MOUSE_MAGENTA		321	0.41229096	0.934857	0.5048544	0.7380543	1.0	675	tags=12%, list=4%, signal=12%	
GOBP_REGULATION_OF_OXIDATIVE_PHOSPHORYLATION	GOBP_REGULATION_OF_OXIDATIVE_PHOSPHORYLATION		21	0.50199705	0.9346589	0.5534591	0.7381689	1.0	1625	tags=14%, list=10%, signal=16%	
GOBP_NUCLEAR_EXPORT	GOBP_NUCLEAR_EXPORT		157	0.42833152	0.934513	0.5361702	0.73818785	1.0	2220	tags=24%, list=14%, signal=28%	
KEGG_APOPTOSIS	KEGG_APOPTOSIS		81	0.45028993	0.9342833	0.5324859	0.7383396	1.0	2791	tags=31%, list=17%, signal=37%	
GOBP_NEGATIVE_REGULATION_OF_PROTEIN_METABOLIC_PROCESS	GOBP_NEGATIVE_REGULATION_OF_PROTEIN_METABOLIC_PROCESS		492	0.40948918	0.9342327	0.5042017	0.73815435	1.0	1785	tags=20%, list=11%, signal=22%	
GOBP_RECEPTOR_CATABOLIC_PROCESS	GOBP_RECEPTOR_CATABOLIC_PROCESS		30	0.5006317	0.93402344	0.5444618	0.7382914	1.0	170	tags=7%, list=1%, signal=7%	
GOBP_MITOCHONDRIAL_MEMBRANE_ORGANIZATION	GOBP_MITOCHONDRIAL_MEMBRANE_ORGANIZATION		107	0.43326458	0.9340211	0.52729887	0.7380187	1.0	1368	tags=13%, list=8%, signal=14%	
KEGG_OOCYTE_MEIOSIS	KEGG_OOCYTE_MEIOSIS		100	0.44517848	0.9338961	0.5341246	0.7379988	1.0	1790	tags=22%, list=11%, signal=25%	
GOBP_ANTEROGRADE_AXONAL_TRANSPORT	GOBP_ANTEROGRADE_AXONAL_TRANSPORT		44	0.4733665	0.9336707	0.53264093	0.7381859	1.0	1443	tags=20%, list=9%, signal=22%	
GOBP_CELL_FATE_COMMITMENT	GOBP_CELL_FATE_COMMITMENT		224	0.42074114	0.93357956	0.5167131	0.73806846	1.0	2506	tags=23%, list=15%, signal=27%	
GOBP_PROTEIN_LOCALIZATION_TO_SYNAPSE	GOBP_PROTEIN_LOCALIZATION_TO_SYNAPSE		88	0.4494114	0.9330419	0.54273504	0.738835	1.0	1927	tags=24%, list=12%, signal=27%	
GOBP_NEGATIVE_REGULATION_OF_SMOOTH_MUSCLE_CELL_DIFFERENTIATION	GOBP_NEGATIVE_REGULATION_OF_SMOOTH_MUSCLE_CELL_DIFFERENTIATION		16	0.52768683	0.9330058	0.5800933	0.7386279	1.0	1887	tags=25%, list=12%, signal=28%	
GOBP_RESPIRATORY_BURST_INVOLVED_IN_DEFENSE_RESPONSE	GOBP_RESPIRATORY_BURST_INVOLVED_IN_DEFENSE_RESPONSE		15	0.5225573	0.9321907	0.5476923	0.73998094	1.0	467	tags=20%, list=3%, signal=21%	
GEMMA_GSE10415_7_BRAIN_REGIONS_IN_20_INBRED_STRAINS_OF_LABORATORY_MICE_STRAINORLINE_FVB.NJ_DOWN	GEMMA_GSE10415_7_BRAIN_REGIONS_IN_20_INBRED_STRAINS_OF_LABORATORY_MICE_STRAINORLINE_FVB.NJ_DOWN		280	0.4165527	0.9321676	0.5269542	0.7397477	1.0	2632	tags=18%, list=16%, signal=21%	
GOBP_INTERMEMBRANE_LIPID_TRANSFER	GOBP_INTERMEMBRANE_LIPID_TRANSFER		39	0.4720015	0.9317919	0.54599404	0.7401946	1.0	2073	tags=28%, list=13%, signal=32%	
KEGG_MEDICUS_REFERENCE_ELECTRON_TRANSFER_IN_COMPLEX_I	KEGG_MEDICUS_REFERENCE_ELECTRON_TRANSFER_IN_COMPLEX_I		42	0.47393566	0.9316171	0.5600601	0.74026144	1.0	1274	tags=12%, list=8%, signal=13%	
GOBP_REGULATION_OF_EXTRINSIC_APOPTOTIC_SIGNALING_PATHWAY	GOBP_REGULATION_OF_EXTRINSIC_APOPTOTIC_SIGNALING_PATHWAY		151	0.42965648	0.93103564	0.53869045	0.7411461	1.0	1787	tags=23%, list=11%, signal=26%	
KEGG_ENDOCYTOSIS	KEGG_ENDOCYTOSIS		169	0.4162577	0.9306703	0.5503448	0.74158263	1.0	2454	tags=32%, list=15%, signal=37%	
VERNELL_RETINOBLASTOMA_PATHWAY_UP	VERNELL_RETINOBLASTOMA_PATHWAY_UP		70	0.45133138	0.93063414	0.5462555	0.7413848	1.0	2360	tags=17%, list=15%, signal=20%	
GOBP_TISSUE_MIGRATION	GOBP_TISSUE_MIGRATION		85	0.44047713	0.93057597	0.56241035	0.74121886	1.0	2295	tags=32%, list=14%, signal=37%	
GOBP_NEGATIVE_REGULATION_OF_PROTEASOMAL_UBIQUITIN_DEPENDENT_PROTEIN_CATABOLIC_PROCESS	GOBP_NEGATIVE_REGULATION_OF_PROTEASOMAL_UBIQUITIN_DEPENDENT_PROTEIN_CATABOLIC_PROCESS		42	0.47182152	0.93050873	0.54545456	0.74106914	1.0	857	tags=14%, list=5%, signal=15%	
GOBP_POSITIVE_REGULATION_OF_PLASMA_MEMBRANE_BOUNDED_CELL_PROJECTION_ASSEMBLY	GOBP_POSITIVE_REGULATION_OF_PLASMA_MEMBRANE_BOUNDED_CELL_PROJECTION_ASSEMBLY		112	0.43349105	0.93046653	0.529661	0.74086463	1.0	1984	tags=29%, list=12%, signal=32%	
KEGG_BUTANOATE_METABOLISM	KEGG_BUTANOATE_METABOLISM		29	0.48971725	0.9304509	0.55052793	0.74061686	1.0	2546	tags=24%, list=16%, signal=29%	
GOBP_CELLULAR_RESPONSE_TO_ABIOTIC_STIMULUS	GOBP_CELLULAR_RESPONSE_TO_ABIOTIC_STIMULUS		317	0.41384414	0.9298627	0.5132128	0.74150777	1.0	2285	tags=24%, list=14%, signal=28%	
GOBP_RNA_DECAPPING	GOBP_RNA_DECAPPING		27	0.49677804	0.92930144	0.561051	0.7423466	1.0	3066	tags=37%, list=19%, signal=46%	
GOBP_RECEPTOR_METABOLIC_PROCESS	GOBP_RECEPTOR_METABOLIC_PROCESS		73	0.44384083	0.92919725	0.5226586	0.74227136	1.0	1201	tags=15%, list=7%, signal=16%	
GOBP_POSITIVE_REGULATION_OF_NEUROINFLAMMATORY_RESPONSE	GOBP_POSITIVE_REGULATION_OF_NEUROINFLAMMATORY_RESPONSE		19	0.51635677	0.9289682	0.58641976	0.74244785	1.0	1785	tags=21%, list=11%, signal=24%	
GOBP_NEGATIVE_REGULATION_OF_TUMOR_NECROSIS_FACTOR_MEDIATED_SIGNALING_PATHWAY	GOBP_NEGATIVE_REGULATION_OF_TUMOR_NECROSIS_FACTOR_MEDIATED_SIGNALING_PATHWAY		20	0.5108715	0.9276665	0.55725193	0.7447058	1.0	1447	tags=25%, list=9%, signal=27%	
GOBP_RESPONSE_TO_LIGHT_INTENSITY	GOBP_RESPONSE_TO_LIGHT_INTENSITY		17	0.5170537	0.92756486	0.57007873	0.74462986	1.0	1733	tags=12%, list=11%, signal=13%	
KEGG_BASE_EXCISION_REPAIR	KEGG_BASE_EXCISION_REPAIR		32	0.48556662	0.9266319	0.568779	0.74616593	1.0	2185	tags=13%, list=13%, signal=14%	
KEGG_VALINE_LEUCINE_AND_ISOLEUCINE_DEGRADATION	KEGG_VALINE_LEUCINE_AND_ISOLEUCINE_DEGRADATION		43	0.46249384	0.92657536	0.55904335	0.7459898	1.0	3398	tags=37%, list=21%, signal=47%	
KEGG_MEDICUS_VARIANT_MUTATION_CAUSED_ABERRANT_SNCA_TO_ELECTRON_TRANSFER_IN_COMPLEX_I	KEGG_MEDICUS_VARIANT_MUTATION_CAUSED_ABERRANT_SNCA_TO_ELECTRON_TRANSFER_IN_COMPLEX_I		43	0.4734206	0.9262471	0.5520995	0.746369	1.0	1274	tags=12%, list=8%, signal=13%	
GOBP_POLY_A_PLUS_MRNA_EXPORT_FROM_NUCLEUS	GOBP_POLY_A_PLUS_MRNA_EXPORT_FROM_NUCLEUS		18	0.5212258	0.92567134	0.5784615	0.7472096	1.0	4128	tags=39%, list=25%, signal=52%	
GOBP_LEUKOCYTE_TETHERING_OR_ROLLING	GOBP_LEUKOCYTE_TETHERING_OR_ROLLING		27	0.48593938	0.92542213	0.5443235	0.7474239	1.0	2793	tags=52%, list=17%, signal=63%	
HALLMARK_UNFOLDED_PROTEIN_RESPONSE	HALLMARK_UNFOLDED_PROTEIN_RESPONSE		108	0.44202793	0.92524296	0.5317348	0.74748874	1.0	2266	tags=24%, list=14%, signal=28%	
GOBP_SPHINGOID_METABOLIC_PROCESS	GOBP_SPHINGOID_METABOLIC_PROCESS		22	0.50813895	0.92487955	0.566719	0.7479342	1.0	764	tags=14%, list=5%, signal=14%	
KEGG_MEDICUS_REFERENCE_IL1_IL1R_JNK_SIGNALING_PATHWAY	KEGG_MEDICUS_REFERENCE_IL1_IL1R_JNK_SIGNALING_PATHWAY		19	0.5009464	0.92455786	0.5758514	0.7482646	1.0	4384	tags=63%, list=27%, signal=86%	
KEGG_AXON_GUIDANCE	KEGG_AXON_GUIDANCE		127	0.4400008	0.92448	0.5360231	0.74814934	1.0	2128	tags=25%, list=13%, signal=29%	
GOBP_ESTABLISHMENT_OF_SPINDLE_ORIENTATION	GOBP_ESTABLISHMENT_OF_SPINDLE_ORIENTATION		42	0.47289822	0.92421085	0.56259906	0.7483955	1.0	1110	tags=12%, list=7%, signal=13%	
GOBP_REGULATION_OF_EXCITATORY_SYNAPSE_ASSEMBLY	GOBP_REGULATION_OF_EXCITATORY_SYNAPSE_ASSEMBLY		21	0.50259346	0.9238541	0.56474257	0.748829	1.0	1441	tags=24%, list=9%, signal=26%	
TCGA_GLIOBLASTOMA_COPY_NUMBER_UP	TCGA_GLIOBLASTOMA_COPY_NUMBER_UP		62	0.45863402	0.9237354	0.55617976	0.7487817	1.0	2424	tags=26%, list=15%, signal=30%	
GOBP_RESPONSE_TO_AMINO_ACID_STARVATION	GOBP_RESPONSE_TO_AMINO_ACID_STARVATION		52	0.4638322	0.92339295	0.5642202	0.7491889	1.0	2873	tags=31%, list=18%, signal=37%	
GOBP_DNA_DAMAGE_TOLERANCE	GOBP_DNA_DAMAGE_TOLERANCE		35	0.47352704	0.92308605	0.57057947	0.7494906	1.0	2497	tags=14%, list=15%, signal=17%	
GOBP_REGULATION_OF_SMOOTHENED_SIGNALING_PATHWAY	GOBP_REGULATION_OF_SMOOTHENED_SIGNALING_PATHWAY		89	0.43970704	0.92292696	0.53133905	0.7495171	1.0	2865	tags=24%, list=18%, signal=28%	
"GEMMA_GSE151807_EXPRESSION_DATA_FROM_BRAIN_PARTS_(AMYGDALA,_HIPPOCAMPUS,_PREFRONTAL_CORTEX,_AND_CEREBRAL_CORTEX)_FROM_MICE_WITH_OR_WITHOUT_CHRONIC_MILD_STRESS_(CMS)_TREATMENTS._TREATMENT_CHRONIC.MILD.STRESS_DOWN"	"GEMMA_GSE151807_EXPRESSION_DATA_FROM_BRAIN_PARTS_(AMYGDALA,_HIPPOCAMPUS,_PREFRONTAL_CORTEX,_AND_CEREBRAL_CORTEX)_FROM_MICE_WITH_OR_WITHOUT_CHRONIC_MILD_STRESS_(CMS)_TREATMENTS._TREATMENT_CHRONIC.MILD.STRESS_DOWN"		75	0.44289282	0.92277575	0.55654764	0.74952817	1.0	1095	tags=16%, list=7%, signal=17%	
GOBP_MITOCHONDRIAL_RESPIRATORY_CHAIN_COMPLEX_ASSEMBLY	GOBP_MITOCHONDRIAL_RESPIRATORY_CHAIN_COMPLEX_ASSEMBLY		81	0.44171932	0.92238444	0.5431165	0.75003093	1.0	1274	tags=6%, list=8%, signal=7%	
GOBP_TRICARBOXYLIC_ACID_CYCLE	GOBP_TRICARBOXYLIC_ACID_CYCLE		31	0.49320593	0.9222399	0.59063447	0.75003093	1.0	2476	tags=39%, list=15%, signal=46%	
GOBP_REGULATION_OF_POST_TRANSLATIONAL_PROTEIN_MODIFICATION	GOBP_REGULATION_OF_POST_TRANSLATIONAL_PROTEIN_MODIFICATION		225	0.4164674	0.9220651	0.5410498	0.75007665	1.0	1894	tags=20%, list=12%, signal=22%	
GOBP_REGULATION_OF_CELL_GROWTH	GOBP_REGULATION_OF_CELL_GROWTH		367	0.40966365	0.92136836	0.5434174	0.75116915	1.0	1702	tags=18%, list=10%, signal=20%	
GOBP_CELLULAR_RESPONSE_TO_CHEMICAL_STRESS	GOBP_CELLULAR_RESPONSE_TO_CHEMICAL_STRESS		298	0.4091836	0.921261	0.52387446	0.75110453	1.0	1790	tags=21%, list=11%, signal=23%	
GOBP_POSITIVE_REGULATION_OF_CELL_CYCLE_PROCESS	GOBP_POSITIVE_REGULATION_OF_CELL_CYCLE_PROCESS		234	0.4127925	0.9211229	0.53462607	0.7511118	1.0	1625	tags=14%, list=10%, signal=15%	
GOBP_SMALL_GTPASE_MEDIATED_SIGNAL_TRANSDUCTION	GOBP_SMALL_GTPASE_MEDIATED_SIGNAL_TRANSDUCTION		491	0.40971848	0.9208385	0.5006821	0.7513872	1.0	2336	tags=29%, list=14%, signal=33%	
GOBP_NEGATIVE_REGULATION_OF_DNA_TEMPLATED_TRANSCRIPTION_ELONGATION	GOBP_NEGATIVE_REGULATION_OF_DNA_TEMPLATED_TRANSCRIPTION_ELONGATION		26	0.4935463	0.92009264	0.58064514	0.75260895	1.0	1212	tags=15%, list=7%, signal=17%	
GOBP_EXOCRINE_SYSTEM_DEVELOPMENT	GOBP_EXOCRINE_SYSTEM_DEVELOPMENT		49	0.45147958	0.9195459	0.56426334	0.7533915	1.0	986	tags=12%, list=6%, signal=13%	
GOBP_PHOSPHOLIPID_DEPHOSPHORYLATION	GOBP_PHOSPHOLIPID_DEPHOSPHORYLATION		39	0.47115394	0.91940457	0.5593985	0.7533997	1.0	2678	tags=26%, list=16%, signal=31%	
GOBP_DNA_MODIFICATION	GOBP_DNA_MODIFICATION		22	0.49844736	0.9188488	0.5729323	0.75423163	1.0	3840	tags=23%, list=24%, signal=30%	
GOBP_REGULATION_OF_CELL_FATE_SPECIFICATION	GOBP_REGULATION_OF_CELL_FATE_SPECIFICATION		21	0.5065231	0.918474	0.5761905	0.75467825	1.0	2343	tags=38%, list=14%, signal=44%	
GOBP_SINGLE_FERTILIZATION	GOBP_SINGLE_FERTILIZATION		113	0.43615565	0.91846824	0.5436047	0.7544095	1.0	571	tags=7%, list=4%, signal=7%	
KEGG_MEDICUS_VARIANT_MUTATION_CAUSED_ABERRANT_TDP43_TO_ELECTRON_TRANSFER_IN_COMPLEX_I	KEGG_MEDICUS_VARIANT_MUTATION_CAUSED_ABERRANT_TDP43_TO_ELECTRON_TRANSFER_IN_COMPLEX_I		43	0.47200733	0.9184195	0.56429654	0.7542268	1.0	1274	tags=12%, list=8%, signal=13%	
GOBP_AMEBOIDAL_TYPE_CELL_MIGRATION	GOBP_AMEBOIDAL_TYPE_CELL_MIGRATION		216	0.41357023	0.91837573	0.5217391	0.7540386	1.0	1998	tags=25%, list=12%, signal=28%	
GOBP_CHROMOSOME_SEPARATION	GOBP_CHROMOSOME_SEPARATION		89	0.43892837	0.91834784	0.56	0.7538114	1.0	1558	tags=12%, list=10%, signal=14%	
GOBP_POSTSYNAPTIC_DENSITY_ASSEMBLY	GOBP_POSTSYNAPTIC_DENSITY_ASSEMBLY		30	0.47568586	0.91795194	0.57575756	0.7543247	1.0	1891	tags=30%, list=12%, signal=34%	
GOBP_REGULATION_OF_JNK_CASCADE	GOBP_REGULATION_OF_JNK_CASCADE		141	0.4294429	0.9178788	0.54242	0.7541985	1.0	1894	tags=19%, list=12%, signal=21%	
GOBP_REGULATION_OF_ERBB_SIGNALING_PATHWAY	GOBP_REGULATION_OF_ERBB_SIGNALING_PATHWAY		70	0.44965723	0.9160127	0.55474454	0.75756556	1.0	2304	tags=27%, list=14%, signal=31%	
GOBP_NEGATIVE_REGULATION_OF_ESTABLISHMENT_OF_PROTEIN_LOCALIZATION	GOBP_NEGATIVE_REGULATION_OF_ESTABLISHMENT_OF_PROTEIN_LOCALIZATION		111	0.43176886	0.9158278	0.5420827	0.75767547	1.0	2364	tags=28%, list=15%, signal=32%	
FAN_EMBRYONIC_CTX_MICROGLIA_3	FAN_EMBRYONIC_CTX_MICROGLIA_3		18	0.49187973	0.9154636	0.5662848	0.75809956	1.0	96	tags=22%, list=1%, signal=22%	
GOBP_REGULATION_OF_HYDROLASE_ACTIVITY	GOBP_REGULATION_OF_HYDROLASE_ACTIVITY		152	0.41790232	0.9152481	0.5383481	0.75825566	1.0	1996	tags=22%, list=12%, signal=25%	
GOBP_POSITIVE_REGULATION_OF_NERVOUS_SYSTEM_DEVELOPMENT	GOBP_POSITIVE_REGULATION_OF_NERVOUS_SYSTEM_DEVELOPMENT		262	0.41477764	0.9146486	0.55817175	0.7591544	1.0	1161	tags=15%, list=7%, signal=16%	
GOBP_NEGATIVE_REGULATION_OF_PROTEIN_MODIFICATION_PROCESS	GOBP_NEGATIVE_REGULATION_OF_PROTEIN_MODIFICATION_PROCESS		189	0.4212174	0.91464835	0.55225986	0.7588753	1.0	1959	tags=21%, list=12%, signal=24%	
GOBP_SOMITE_DEVELOPMENT	GOBP_SOMITE_DEVELOPMENT		69	0.44738096	0.914459	0.5726744	0.7589445	1.0	2659	tags=23%, list=16%, signal=28%	
GOBP_NEURAL_TUBE_FORMATION	GOBP_NEURAL_TUBE_FORMATION		100	0.42238566	0.91444635	0.5611193	0.7586872	1.0	2536	tags=28%, list=16%, signal=33%	
GOBP_NEGATIVE_REGULATION_OF_REACTIVE_OXYGEN_SPECIES_BIOSYNTHETIC_PROCESS	GOBP_NEGATIVE_REGULATION_OF_REACTIVE_OXYGEN_SPECIES_BIOSYNTHETIC_PROCESS		18	0.5026214	0.9142989	0.5822785	0.7586787	1.0	254	tags=11%, list=2%, signal=11%	
GOBP_HEPATICOBILIARY_SYSTEM_DEVELOPMENT	GOBP_HEPATICOBILIARY_SYSTEM_DEVELOPMENT		128	0.42866284	0.91415036	0.57417583	0.7586885	1.0	1977	tags=23%, list=12%, signal=26%	
COATES_MACROPHAGE_M1_VS_M2_DN	COATES_MACROPHAGE_M1_VS_M2_DN		78	0.44311762	0.9139285	0.5793413	0.75884664	1.0	1472	tags=21%, list=9%, signal=22%	
GOBP_RESPONSE_TO_PEPTIDE_HORMONE	GOBP_RESPONSE_TO_PEPTIDE_HORMONE		394	0.411256	0.9131551	0.5554072	0.760071	1.0	1433	tags=20%, list=9%, signal=22%	
GOBP_ARACHIDONATE_SECRETION	GOBP_ARACHIDONATE_SECRETION		18	0.5047231	0.91300493	0.57439446	0.7600764	1.0	866	tags=11%, list=5%, signal=12%	
GOBP_LONG_CHAIN_FATTY_ACYL_COA_METABOLIC_PROCESS	GOBP_LONG_CHAIN_FATTY_ACYL_COA_METABOLIC_PROCESS		22	0.4951954	0.9128705	0.58181816	0.7600587	1.0	2303	tags=32%, list=14%, signal=37%	
GOBP_REGULATION_OF_IMMUNOGLOBULIN_PRODUCTION	GOBP_REGULATION_OF_IMMUNOGLOBULIN_PRODUCTION		68	0.4475593	0.91254294	0.58465993	0.7604189	1.0	2553	tags=21%, list=16%, signal=24%	
GOBP_RECEPTOR_INTERNALIZATION	GOBP_RECEPTOR_INTERNALIZATION		127	0.42062435	0.91205585	0.5575843	0.7611043	1.0	1831	tags=20%, list=11%, signal=23%	
GOBP_LYMPH_NODE_DEVELOPMENT	GOBP_LYMPH_NODE_DEVELOPMENT		19	0.5047018	0.9115087	0.5791191	0.76190907	1.0	2056	tags=26%, list=13%, signal=30%	
DROPVIZ_STR_EPENDYMA_CLUSTER-MARKERS.CSV	DROPVIZ_STR_EPENDYMA_CLUSTER-MARKERS.CSV		190	0.41522053	0.9114528	0.5886333	0.7617466	1.0	984	tags=5%, list=6%, signal=6%	
GOBP_POLYSACCHARIDE_METABOLIC_PROCESS	GOBP_POLYSACCHARIDE_METABOLIC_PROCESS		94	0.4302704	0.9112369	0.55604076	0.76188815	1.0	1640	tags=18%, list=10%, signal=20%	
KEGG_SPHINGOLIPID_METABOLISM	KEGG_SPHINGOLIPID_METABOLISM		37	0.45924106	0.9106606	0.58536583	0.7627197	1.0	778	tags=14%, list=5%, signal=14%	
GOBP_GLYCEROPHOSPHOLIPID_METABOLIC_PROCESS	GOBP_GLYCEROPHOSPHOLIPID_METABOLIC_PROCESS		272	0.40298957	0.9103173	0.5584594	0.7631097	1.0	2721	tags=21%, list=17%, signal=25%	
GOBP_HISTONE_MRNA_CATABOLIC_PROCESS	GOBP_HISTONE_MRNA_CATABOLIC_PROCESS		26	0.490017	0.91031283	0.56666666	0.7628381	1.0	4565	tags=42%, list=28%, signal=59%	
GOBP_ESTABLISHMENT_OF_TISSUE_POLARITY	GOBP_ESTABLISHMENT_OF_TISSUE_POLARITY		29	0.47100067	0.91013086	0.58868504	0.7629139	1.0	2118	tags=21%, list=13%, signal=24%	
GRAY_2014_CHRONICRESTRAINTSTRESS_UPREGULATED_HC	GRAY_2014_CHRONICRESTRAINTSTRESS_UPREGULATED_HC		18	0.4983666	0.9098037	0.6018377	0.76328313	1.0	3219	tags=39%, list=20%, signal=48%	
GOBP_PHOSPHATIDYLETHANOLAMINE_METABOLIC_PROCESS	GOBP_PHOSPHATIDYLETHANOLAMINE_METABOLIC_PROCESS		25	0.49182996	0.9093336	0.6075949	0.7639229	1.0	650	tags=8%, list=4%, signal=8%	
GOBP_NEGATIVE_REGULATION_OF_COLD_INDUCED_THERMOGENESIS	GOBP_NEGATIVE_REGULATION_OF_COLD_INDUCED_THERMOGENESIS		45	0.45110384	0.9088295	0.593423	0.7646309	1.0	1454	tags=13%, list=9%, signal=15%	
GOBP_RETINA_MORPHOGENESIS_IN_CAMERA_TYPE_EYE	GOBP_RETINA_MORPHOGENESIS_IN_CAMERA_TYPE_EYE		60	0.45482203	0.90877175	0.59076923	0.7644658	1.0	514	tags=7%, list=3%, signal=7%	
GOBP_DIGESTIVE_SYSTEM_PROCESS	GOBP_DIGESTIVE_SYSTEM_PROCESS		75	0.4436497	0.9085309	0.5961821	0.76467645	1.0	1656	tags=16%, list=10%, signal=18%	
GOBP_REGULATION_OF_SYSTEMIC_ARTERIAL_BLOOD_PRESSURE	GOBP_REGULATION_OF_SYSTEMIC_ARTERIAL_BLOOD_PRESSURE		90	0.421016	0.90839255	0.5742129	0.7646641	1.0	2539	tags=17%, list=16%, signal=20%	
GOBP_CEREBELLAR_CORTEX_DEVELOPMENT	GOBP_CEREBELLAR_CORTEX_DEVELOPMENT		56	0.44657046	0.90831846	0.5734375	0.7645305	1.0	842	tags=18%, list=5%, signal=19%	
GOBP_TUBE_CLOSURE	GOBP_TUBE_CLOSURE		88	0.43296808	0.9076497	0.5782609	0.76559645	1.0	2927	tags=31%, list=18%, signal=37%	
GOBP_ASTROCYTE_DIFFERENTIATION	GOBP_ASTROCYTE_DIFFERENTIATION		80	0.4396775	0.9071956	0.58309036	0.7662043	1.0	814	tags=15%, list=5%, signal=16%	
JOHNSTONE_PARVB_TARGETS_1_DN	JOHNSTONE_PARVB_TARGETS_1_DN		53	0.44281405	0.9067331	0.6014815	0.7667834	1.0	743	tags=9%, list=5%, signal=10%	
GOBP_GLUTAMINE_FAMILY_AMINO_ACID_METABOLIC_PROCESS	GOBP_GLUTAMINE_FAMILY_AMINO_ACID_METABOLIC_PROCESS		55	0.45039394	0.90666765	0.58456975	0.7666191	1.0	1323	tags=16%, list=8%, signal=18%	
GOBP_POSITIVE_REGULATION_OF_CYTOKINESIS	GOBP_POSITIVE_REGULATION_OF_CYTOKINESIS		38	0.46897665	0.90650815	0.58409786	0.76662153	1.0	1993	tags=18%, list=12%, signal=21%	
GOBP_GLYCEROL_METABOLIC_PROCESS	GOBP_GLYCEROL_METABOLIC_PROCESS		15	0.50963914	0.9064722	0.60374415	0.76641077	1.0	3426	tags=33%, list=21%, signal=42%	
GOBP_REGULATION_OF_MITOTIC_NUCLEAR_DIVISION	GOBP_REGULATION_OF_MITOTIC_NUCLEAR_DIVISION		117	0.42909664	0.9058497	0.5529753	0.7673441	1.0	1705	tags=12%, list=10%, signal=13%	
GOBP_NEGATIVE_REGULATION_OF_CALCIUM_ION_TRANSMEMBRANE_TRANSPORT	GOBP_NEGATIVE_REGULATION_OF_CALCIUM_ION_TRANSMEMBRANE_TRANSPORT		30	0.4680315	0.9056169	0.5971564	0.76753104	1.0	977	tags=13%, list=6%, signal=14%	
LEIN_PONS_MARKERS	LEIN_PONS_MARKERS		86	0.4313256	0.9056134	0.5898551	0.76725835	1.0	1274	tags=13%, list=8%, signal=14%	
GOBP_POSITIVE_REGULATION_OF_DENDRITIC_SPINE_MORPHOGENESIS	GOBP_POSITIVE_REGULATION_OF_DENDRITIC_SPINE_MORPHOGENESIS		18	0.49089634	0.90524226	0.59657323	0.7677237	1.0	1161	tags=22%, list=7%, signal=24%	
GEMMA_GSE84302_RNA_SEQUENCING_TO_IDENTIFY_COMMON_TARGETS_FOR_GSK3_TREATMENT_KNOCKDOWN_KETAMINE_GSK3B.MOUSE.GLYCOGEN.SYNTHASE.KINASE.3.BETA_GSK3.INHIBITOR._10.MG.KG_UP	GEMMA_GSE84302_RNA_SEQUENCING_TO_IDENTIFY_COMMON_TARGETS_FOR_GSK3_TREATMENT_KNOCKDOWN_KETAMINE_GSK3B.MOUSE.GLYCOGEN.SYNTHASE.KINASE.3.BETA_GSK3.INHIBITOR._10.MG.KG_UP		61	0.4428521	0.90459853	0.5844544	0.76864374	1.0	1193	tags=7%, list=7%, signal=7%	
GEMMA_GSE74966_GENOME-WIDE_MAPS_OF_CHROMATIN_CHANGES_UPPON_CONTEXTUAL_FEAR_CONDITIONING_IN_MICE_(RNA-SEQ)_TREATMENT_ELECTRIC.SHOCK_CONTEXTUAL.FEAR.CONDITIONING_UP	GEMMA_GSE74966_GENOME-WIDE_MAPS_OF_CHROMATIN_CHANGES_UPPON_CONTEXTUAL_FEAR_CONDITIONING_IN_MICE_(RNA-SEQ)_TREATMENT_ELECTRIC.SHOCK_CONTEXTUAL.FEAR.CONDITIONING_UP		80	0.43503606	0.90409344	0.5892351	0.76935714	1.0	2633	tags=36%, list=16%, signal=43%	
DESCARTES_FETAL_CEREBELLUM_PURKINJE_NEURONS	DESCARTES_FETAL_CEREBELLUM_PURKINJE_NEURONS		36	0.46333885	0.9037503	0.58877087	0.76976824	1.0	995	tags=8%, list=6%, signal=9%	
GOBP_PHOSPHOLIPID_CATABOLIC_PROCESS	GOBP_PHOSPHOLIPID_CATABOLIC_PROCESS		46	0.45144433	0.90342057	0.5876133	0.770138	1.0	2331	tags=24%, list=14%, signal=28%	
GOBP_RESPONSE_TO_CALCIUM_ION	GOBP_RESPONSE_TO_CALCIUM_ION		129	0.41590276	0.90296733	0.5945946	0.7707196	1.0	1380	tags=16%, list=8%, signal=18%	
GOBP_PYRIMIDINE_NUCLEOBASE_METABOLIC_PROCESS	GOBP_PYRIMIDINE_NUCLEOBASE_METABOLIC_PROCESS		22	0.48681098	0.90289545	0.5902669	0.7705699	1.0	1288	tags=14%, list=8%, signal=15%	
GOBP_SKELETAL_MUSCLE_CELL_DIFFERENTIATION	GOBP_SKELETAL_MUSCLE_CELL_DIFFERENTIATION		65	0.4414508	0.90286845	0.5895197	0.7703418	1.0	1781	tags=23%, list=11%, signal=26%	
GOBP_SPROUTING_ANGIOGENESIS	GOBP_SPROUTING_ANGIOGENESIS		133	0.42215982	0.902665	0.57827926	0.7704537	1.0	1231	tags=11%, list=8%, signal=12%	
GOBP_REGULATION_OF_BLOOD_PRESSURE	GOBP_REGULATION_OF_BLOOD_PRESSURE		156	0.41554424	0.90263706	0.5802817	0.77022624	1.0	922	tags=8%, list=6%, signal=8%	
KEGG_MEDICUS_REFERENCE_CA2_ENTRY_VOLTAGE_GATED_CA2_CHANNEL	KEGG_MEDICUS_REFERENCE_CA2_ENTRY_VOLTAGE_GATED_CA2_CHANNEL		23	0.48263857	0.90222615	0.58243454	0.77075464	1.0	3914	tags=43%, list=24%, signal=57%	
LU_AGING_BRAIN_UP	LU_AGING_BRAIN_UP		236	0.41205135	0.90203726	0.5767635	0.7708382	1.0	1674	tags=27%, list=10%, signal=29%	
GOBP_RESPONSE_TO_COCAINE	GOBP_RESPONSE_TO_COCAINE		48	0.453877	0.9018084	0.6005831	0.771028	1.0	1754	tags=19%, list=11%, signal=21%	
GOBP_NEGATIVE_REGULATION_OF_RNA_SPLICING	GOBP_NEGATIVE_REGULATION_OF_RNA_SPLICING		42	0.45963356	0.90162766	0.6026786	0.7711124	1.0	1988	tags=21%, list=12%, signal=24%	
GOBP_POSITIVE_REGULATION_OF_GROWTH	GOBP_POSITIVE_REGULATION_OF_GROWTH		216	0.40525615	0.9011356	0.57972974	0.77180403	1.0	1546	tags=19%, list=10%, signal=20%	
KEGG_NON_SMALL_CELL_LUNG_CANCER	KEGG_NON_SMALL_CELL_LUNG_CANCER		52	0.44631392	0.901085	0.589313	0.7716294	1.0	2794	tags=35%, list=17%, signal=42%	
GOBP_POSITIVE_REGULATION_OF_GLUCOSE_METABOLIC_PROCESS	GOBP_POSITIVE_REGULATION_OF_GLUCOSE_METABOLIC_PROCESS		42	0.45477158	0.90066665	0.5781711	0.7721318	1.0	2534	tags=21%, list=16%, signal=25%	
GOBP_VENTRICULAR_SEPTUM_DEVELOPMENT	GOBP_VENTRICULAR_SEPTUM_DEVELOPMENT		68	0.4406823	0.9003037	0.5828652	0.7725413	1.0	2403	tags=29%, list=15%, signal=34%	
GOBP_REGULATION_OF_EARLY_ENDOSOME_TO_LATE_ENDOSOME_TRANSPORT	GOBP_REGULATION_OF_EARLY_ENDOSOME_TO_LATE_ENDOSOME_TRANSPORT		19	0.4931408	0.90015143	0.5943396	0.7725536	1.0	1288	tags=26%, list=8%, signal=29%	
GOBP_STRESS_FIBER_ASSEMBLY	GOBP_STRESS_FIBER_ASSEMBLY		108	0.4262084	0.8997806	0.5874822	0.7729929	1.0	2062	tags=31%, list=13%, signal=36%	
GOBP_NEGATIVE_REGULATION_OF_CANONICAL_NF_KAPPAB_SIGNAL_TRANSDUCTION	GOBP_NEGATIVE_REGULATION_OF_CANONICAL_NF_KAPPAB_SIGNAL_TRANSDUCTION		76	0.43051288	0.8993527	0.5689405	0.7735241	1.0	868	tags=12%, list=5%, signal=12%	
GOBP_AMINOGLYCAN_METABOLIC_PROCESS	GOBP_AMINOGLYCAN_METABOLIC_PROCESS		65	0.4400594	0.8993515	0.59910583	0.77324694	1.0	1929	tags=15%, list=12%, signal=17%	
GOBP_REGULATION_OF_PROTEIN_UBIQUITINATION	GOBP_REGULATION_OF_PROTEIN_UBIQUITINATION		178	0.40585616	0.89925265	0.5805085	0.7731435	1.0	1894	tags=21%, list=12%, signal=23%	
KEGG_MEDICUS_VARIANT_MUTATION_INACTIVATED_PINK1_TO_ELECTRON_TRANSFER_IN_COMPLEX_I	KEGG_MEDICUS_VARIANT_MUTATION_INACTIVATED_PINK1_TO_ELECTRON_TRANSFER_IN_COMPLEX_I		43	0.45089555	0.89916617	0.59319526	0.7730289	1.0	1274	tags=12%, list=8%, signal=13%	
KEGG_MEDICUS_REFERENCE_VGCC_CA2_APOPTOTIC_PATHWAY	KEGG_MEDICUS_REFERENCE_VGCC_CA2_APOPTOTIC_PATHWAY		20	0.49211895	0.89883417	0.60749185	0.77340394	1.0	3073	tags=55%, list=19%, signal=68%	
GOBP_AUTOPHAGOSOME_MATURATION	GOBP_AUTOPHAGOSOME_MATURATION		65	0.44100717	0.8986712	0.5930408	0.7734342	1.0	1872	tags=14%, list=12%, signal=16%	
GOBP_RESPONSE_TO_NUTRIENT	GOBP_RESPONSE_TO_NUTRIENT		133	0.41848725	0.89862645	0.5979381	0.7732436	1.0	1195	tags=17%, list=7%, signal=18%	
GOBP_REGULATION_OF_MEMBRANE_REPOLARIZATION	GOBP_REGULATION_OF_MEMBRANE_REPOLARIZATION		34	0.46607208	0.89859176	0.5984849	0.7730319	1.0	1207	tags=18%, list=7%, signal=19%	
GOBP_EXTRINSIC_APOPTOTIC_SIGNALING_PATHWAY	GOBP_EXTRINSIC_APOPTOTIC_SIGNALING_PATHWAY		224	0.40957496	0.89858	0.5774456	0.77277774	1.0	1875	tags=23%, list=12%, signal=26%	
GOBP_MECHANORECEPTOR_DIFFERENTIATION	GOBP_MECHANORECEPTOR_DIFFERENTIATION		68	0.4405129	0.89846313	0.57910013	0.7727316	1.0	1840	tags=13%, list=11%, signal=15%	
"GENEWEAVER_SAUL2012_GS219249_DIFFERENTIALLY EXPRESSED GENES IN MSN (MADISON ""MANIC"") MOUSE RELATIVE TO ANCESTRAL HSD:ICR STRAIN_TOP25_BYPVAL"	"GENEWEAVER_SAUL2012_GS219249_DIFFERENTIALLY EXPRESSED GENES IN MSN (MADISON ""MANIC"") MOUSE RELATIVE TO ANCESTRAL HSD:ICR STRAIN_TOP25_BYPVAL"		21	0.49526438	0.8982016	0.6041667	0.77296805	1.0	2133	tags=33%, list=13%, signal=38%	
KEGG_MEDICUS_REFERENCE_BMP_SIGNALING_PATHWAY	KEGG_MEDICUS_REFERENCE_BMP_SIGNALING_PATHWAY		16	0.5005886	0.89817756	0.6037736	0.7727398	1.0	3942	tags=50%, list=24%, signal=66%	
GOBP_POSITIVE_REGULATION_OF_AXON_EXTENSION	GOBP_POSITIVE_REGULATION_OF_AXON_EXTENSION		37	0.46040964	0.89737225	0.59692305	0.773982	1.0	962	tags=24%, list=6%, signal=26%	
GOBP_OUTFLOW_TRACT_SEPTUM_MORPHOGENESIS	GOBP_OUTFLOW_TRACT_SEPTUM_MORPHOGENESIS		25	0.48132	0.8967562	0.5915721	0.7748995	1.0	1874	tags=24%, list=12%, signal=27%	
NEURON_GLUTAMATE_SUGINO_NATNEURO_2006	NEURON_GLUTAMATE_SUGINO_NATNEURO_2006		46	0.44540387	0.89554447	0.5881482	0.77691895	1.0	1942	tags=30%, list=12%, signal=34%	
DESCARTES_MAIN_FETAL_PURKINJE_NEURONS	DESCARTES_MAIN_FETAL_PURKINJE_NEURONS		36	0.46333885	0.8953364	0.60437953	0.7770095	1.0	995	tags=8%, list=6%, signal=9%	
GEMMA_GSE16158_GENE_EXPRESSION_INDUCED_BY_TRACE_FEAR_CONDITIONING_IN_MURINE_HIPPOCAMPUS_TIMEPOINT_2.H_UP	GEMMA_GSE16158_GENE_EXPRESSION_INDUCED_BY_TRACE_FEAR_CONDITIONING_IN_MURINE_HIPPOCAMPUS_TIMEPOINT_2.H_UP		16	0.50501585	0.89518124	0.616085	0.7770303	1.0	2223	tags=38%, list=14%, signal=43%	
ASTON_MAJOR_DEPRESSIVE_DISORDER_DN	ASTON_MAJOR_DEPRESSIVE_DISORDER_DN		142	0.41169858	0.8948764	0.58815026	0.77735794	1.0	1692	tags=27%, list=10%, signal=30%	
GOBP_REGULATION_OF_ENDOTHELIAL_CELL_DEVELOPMENT	GOBP_REGULATION_OF_ENDOTHELIAL_CELL_DEVELOPMENT		16	0.50259763	0.8947898	0.59903383	0.7772397	1.0	1999	tags=38%, list=12%, signal=43%	
KEGG_GLYCINE_SERINE_AND_THREONINE_METABOLISM	KEGG_GLYCINE_SERINE_AND_THREONINE_METABOLISM		25	0.48152313	0.89468175	0.6205837	0.7771748	1.0	1739	tags=24%, list=11%, signal=27%	
GOBP_POSITIVE_REGULATION_OF_VIRAL_PROCESS	GOBP_POSITIVE_REGULATION_OF_VIRAL_PROCESS		55	0.44207695	0.89460844	0.6015385	0.7770366	1.0	1446	tags=22%, list=9%, signal=24%	
GOBP_CAMP_METABOLIC_PROCESS	GOBP_CAMP_METABOLIC_PROCESS		25	0.4823825	0.89459664	0.61774194	0.77678263	1.0	2569	tags=28%, list=16%, signal=33%	
GOBP_NEGATIVE_REGULATION_OF_CELL_GROWTH	GOBP_NEGATIVE_REGULATION_OF_CELL_GROWTH		150	0.41779268	0.8943512	0.584058	0.7769707	1.0	1904	tags=19%, list=12%, signal=21%	
GOBP_PURINERGIC_NUCLEOTIDE_RECEPTOR_SIGNALING_PATHWAY	GOBP_PURINERGIC_NUCLEOTIDE_RECEPTOR_SIGNALING_PATHWAY		28	0.47329926	0.89400744	0.59654176	0.77733636	1.0	2950	tags=36%, list=18%, signal=44%	
GOBP_REGULATION_OF_ACTIN_FILAMENT_BUNDLE_ASSEMBLY	GOBP_REGULATION_OF_ACTIN_FILAMENT_BUNDLE_ASSEMBLY		101	0.4195177	0.89373773	0.59562045	0.7775757	1.0	2062	tags=31%, list=13%, signal=35%	
GOBP_CARDIAC_CHAMBER_DEVELOPMENT	GOBP_CARDIAC_CHAMBER_DEVELOPMENT		154	0.41174364	0.8936578	0.5971429	0.777451	1.0	2440	tags=23%, list=15%, signal=27%	
GOBP_PHOSPHATIDYLINOSITOL_MEDIATED_SIGNALING	GOBP_PHOSPHATIDYLINOSITOL_MEDIATED_SIGNALING		25	0.48598474	0.89275455	0.6138462	0.77889013	1.0	2721	tags=44%, list=17%, signal=53%	
GOBP_POSITIVE_REGULATION_OF_NEURON_MIGRATION	GOBP_POSITIVE_REGULATION_OF_NEURON_MIGRATION		15	0.5155379	0.89271253	0.6276771	0.778696	1.0	820	tags=27%, list=5%, signal=28%	
GANDAL_2018_BIPOLARDISORDER_DOWNREGULATED_PFC	GANDAL_2018_BIPOLARDISORDER_DOWNREGULATED_PFC		91	0.4299345	0.8925377	0.5925394	0.7787593	1.0	1782	tags=21%, list=11%, signal=23%	
GOBP_ENDOSOME_TO_LYSOSOME_TRANSPORT_VIA_MULTIVESICULAR_BODY_SORTING_PATHWAY	GOBP_ENDOSOME_TO_LYSOSOME_TRANSPORT_VIA_MULTIVESICULAR_BODY_SORTING_PATHWAY		17	0.49223226	0.8919373	0.59669423	0.7796011	1.0	143	tags=6%, list=1%, signal=6%	
GOBP_VESICLE_MEDIATED_TRANSPORT_BETWEEN_ENDOSOMAL_COMPARTMENTS	GOBP_VESICLE_MEDIATED_TRANSPORT_BETWEEN_ENDOSOMAL_COMPARTMENTS		46	0.4474692	0.891357	0.5859492	0.78044313	1.0	1288	tags=20%, list=8%, signal=21%	
GOBP_ENDOSOME_ORGANIZATION	GOBP_ENDOSOME_ORGANIZATION		97	0.4191735	0.8912887	0.5911179	0.7803098	1.0	2096	tags=20%, list=13%, signal=22%	
GOBP_METAPHASE_CHROMOSOME_ALIGNMENT	GOBP_METAPHASE_CHROMOSOME_ALIGNMENT		103	0.42233983	0.8908998	0.61570245	0.78078693	1.0	1993	tags=16%, list=12%, signal=18%	
GOBP_EPIDERMIS_DEVELOPMENT	GOBP_EPIDERMIS_DEVELOPMENT		273	0.40301064	0.8908164	0.6275862	0.7806694	1.0	1879	tags=14%, list=12%, signal=15%	
GOBP_POSITIVE_REGULATION_OF_ACTIN_FILAMENT_BUNDLE_ASSEMBLY	GOBP_POSITIVE_REGULATION_OF_ACTIN_FILAMENT_BUNDLE_ASSEMBLY		62	0.4277939	0.8906325	0.6099844	0.78073686	1.0	1226	tags=24%, list=8%, signal=26%	
GOBP_BENZENE_CONTAINING_COMPOUND_METABOLIC_PROCESS	GOBP_BENZENE_CONTAINING_COMPOUND_METABOLIC_PROCESS		18	0.5048636	0.89057523	0.6339564	0.7805811	1.0	2012	tags=11%, list=12%, signal=13%	
GOBP_LIPOPROTEIN_METABOLIC_PROCESS	GOBP_LIPOPROTEIN_METABOLIC_PROCESS		73	0.4319248	0.89023566	0.6138032	0.7809703	1.0	778	tags=8%, list=5%, signal=9%	
GOBP_POSITIVE_REGULATION_OF_HEART_GROWTH	GOBP_POSITIVE_REGULATION_OF_HEART_GROWTH		28	0.47232482	0.88989276	0.6135693	0.7813361	1.0	2815	tags=29%, list=17%, signal=34%	
HU_FETAL_RETINA_RGC	HU_FETAL_RETINA_RGC		378	0.40135995	0.8895455	0.6087551	0.7817152	1.0	1596	tags=18%, list=10%, signal=20%	
GEMMA_GSE23182_SYSTEMIC_INFLAMMATION_MODULATES_FC_RECEPTOR_EXPRESSION_ON_MICROGLIA_IN_CHRONIC_NEURODEGENERATION_TREATMENT_LIPOPOLYSACCHARIDE_UP	GEMMA_GSE23182_SYSTEMIC_INFLAMMATION_MODULATES_FC_RECEPTOR_EXPRESSION_ON_MICROGLIA_IN_CHRONIC_NEURODEGENERATION_TREATMENT_LIPOPOLYSACCHARIDE_UP		160	0.40660566	0.88946503	0.60567373	0.7815934	1.0	1341	tags=22%, list=8%, signal=24%	
GOBP_CELL_JUNCTION_MAINTENANCE	GOBP_CELL_JUNCTION_MAINTENANCE		52	0.43713492	0.8890484	0.5924242	0.782109	1.0	2017	tags=23%, list=12%, signal=26%	
GOBP_POSITIVE_REGULATION_OF_EPIDERMIS_DEVELOPMENT	GOBP_POSITIVE_REGULATION_OF_EPIDERMIS_DEVELOPMENT		25	0.47505993	0.88871217	0.6169231	0.7824514	1.0	1625	tags=16%, list=10%, signal=18%	
JOHANSSON_GLIOMAGENESIS_BY_PDGFB_DN	JOHANSSON_GLIOMAGENESIS_BY_PDGFB_DN		20	0.49077106	0.8886512	0.6164383	0.78229696	1.0	2303	tags=40%, list=14%, signal=47%	
ZHONG_PFC_MAJOR_TYPES_NPCS	ZHONG_PFC_MAJOR_TYPES_NPCS		130	0.41820857	0.8886468	0.6103352	0.7820256	1.0	1541	tags=12%, list=9%, signal=13%	
GOBP_CELLULAR_RESPONSE_TO_GLUCAGON_STIMULUS	GOBP_CELLULAR_RESPONSE_TO_GLUCAGON_STIMULUS		18	0.5034388	0.8881335	0.6205837	0.7827498	1.0	773	tags=22%, list=5%, signal=23%	
GOBP_AUDITORY_RECEPTOR_CELL_MORPHOGENESIS	GOBP_AUDITORY_RECEPTOR_CELL_MORPHOGENESIS		20	0.48362306	0.88802993	0.61084527	0.78267187	1.0	1152	tags=10%, list=7%, signal=11%	
GOBP_ENERGY_RESERVE_METABOLIC_PROCESS	GOBP_ENERGY_RESERVE_METABOLIC_PROCESS		86	0.42902607	0.88796026	0.5948276	0.7825241	1.0	1826	tags=21%, list=11%, signal=23%	
GOBP_POLYSACCHARIDE_CATABOLIC_PROCESS	GOBP_POLYSACCHARIDE_CATABOLIC_PROCESS		32	0.46097237	0.88768315	0.6096096	0.7827792	1.0	1213	tags=16%, list=7%, signal=17%	
GOBP_NEGATIVE_REGULATION_OF_AXON_EXTENSION	GOBP_NEGATIVE_REGULATION_OF_AXON_EXTENSION		31	0.45639572	0.88689774	0.63165903	0.7839841	1.0	3021	tags=39%, list=19%, signal=47%	
GEMMA_GSE74966_GENOME-WIDE_MAPS_OF_CHROMATIN_CHANGES_UPPON_CONTEXTUAL_FEAR_CONDITIONING_IN_MICE_(RNA-SEQ)_TREATMENT_CONTEXTUAL.FEAR.CONDITIONING_UP	GEMMA_GSE74966_GENOME-WIDE_MAPS_OF_CHROMATIN_CHANGES_UPPON_CONTEXTUAL_FEAR_CONDITIONING_IN_MICE_(RNA-SEQ)_TREATMENT_CONTEXTUAL.FEAR.CONDITIONING_UP		80	0.43503606	0.88643986	0.59302324	0.78457433	1.0	2633	tags=36%, list=16%, signal=43%	
GOBP_REGULATION_OF_SPINDLE_CHECKPOINT	GOBP_REGULATION_OF_SPINDLE_CHECKPOINT		31	0.46338868	0.8863282	0.6195652	0.7845072	1.0	1558	tags=16%, list=10%, signal=18%	
GOBP_PROTEIN_LOCALIZATION_TO_ENDOPLASMIC_RETICULUM	GOBP_PROTEIN_LOCALIZATION_TO_ENDOPLASMIC_RETICULUM		31	0.46861988	0.88627297	0.6261538	0.7843405	1.0	1078	tags=19%, list=7%, signal=21%	
GOBP_REGULATION_OF_CELLULAR_EXTRAVASATION	GOBP_REGULATION_OF_CELLULAR_EXTRAVASATION		33	0.46063146	0.8860163	0.61353385	0.7845654	1.0	2879	tags=36%, list=18%, signal=44%	
GOBP_REGULATION_OF_EPITHELIAL_CELL_MIGRATION	GOBP_REGULATION_OF_EPITHELIAL_CELL_MIGRATION		60	0.43934184	0.88573927	0.6207407	0.7848225	1.0	1870	tags=30%, list=11%, signal=34%	
GOBP_NEGATIVE_REGULATION_OF_DOUBLE_STRAND_BREAK_REPAIR_VIA_HOMOLOGOUS_RECOMBINATION	GOBP_NEGATIVE_REGULATION_OF_DOUBLE_STRAND_BREAK_REPAIR_VIA_HOMOLOGOUS_RECOMBINATION		24	0.47719216	0.8855492	0.62225705	0.7849068	1.0	4404	tags=46%, list=27%, signal=63%	
GOBP_MAMMARY_GLAND_DUCT_MORPHOGENESIS	GOBP_MAMMARY_GLAND_DUCT_MORPHOGENESIS		32	0.46656722	0.88536143	0.61926603	0.78497136	1.0	1546	tags=16%, list=10%, signal=17%	
GOBP_CELL_PROLIFERATION_IN_FOREBRAIN	GOBP_CELL_PROLIFERATION_IN_FOREBRAIN		23	0.47697344	0.8848936	0.61464965	0.7856036	1.0	1546	tags=17%, list=10%, signal=19%	
GOBP_POSITIVE_REGULATION_OF_CATALYTIC_ACTIVITY	GOBP_POSITIVE_REGULATION_OF_CATALYTIC_ACTIVITY		269	0.39366075	0.88447404	0.60461956	0.78612685	1.0	2038	tags=20%, list=13%, signal=23%	
GOBP_TRANSCRIPTION_PREINITIATION_COMPLEX_ASSEMBLY	GOBP_TRANSCRIPTION_PREINITIATION_COMPLEX_ASSEMBLY		67	0.43591517	0.8843771	0.6125186	0.78601944	1.0	1968	tags=16%, list=12%, signal=19%	
GOBP_REGULATION_OF_SPROUTING_ANGIOGENESIS	GOBP_REGULATION_OF_SPROUTING_ANGIOGENESIS		41	0.45366633	0.88435984	0.62174577	0.7857793	1.0	1231	tags=15%, list=8%, signal=16%	
GOBP_SOMITOGENESIS	GOBP_SOMITOGENESIS		52	0.44613162	0.88433444	0.60698026	0.78554076	1.0	2317	tags=21%, list=14%, signal=25%	
GOBP_POSITIVE_REGULATION_OF_TOR_SIGNALING	GOBP_POSITIVE_REGULATION_OF_TOR_SIGNALING		75	0.430955	0.88421005	0.5900439	0.785487	1.0	1777	tags=20%, list=11%, signal=22%	
GOBP_POSITIVE_REGULATION_OF_NEUROGENESIS	GOBP_POSITIVE_REGULATION_OF_NEUROGENESIS		208	0.3959566	0.8840403	0.59716314	0.78554124	1.0	1161	tags=16%, list=7%, signal=17%	
GOBP_POSITIVE_REGULATION_OF_LYMPHOCYTE_APOPTOTIC_PROCESS	GOBP_POSITIVE_REGULATION_OF_LYMPHOCYTE_APOPTOTIC_PROCESS		16	0.49942556	0.88384366	0.599359	0.7856353	1.0	2748	tags=31%, list=17%, signal=38%	
GOBP_PIGMENT_METABOLIC_PROCESS	GOBP_PIGMENT_METABOLIC_PROCESS		64	0.42920622	0.8837664	0.6217009	0.7854985	1.0	3399	tags=25%, list=21%, signal=31%	
GOBP_POSITIVE_REGULATION_OF_CHONDROCYTE_DIFFERENTIATION	GOBP_POSITIVE_REGULATION_OF_CHONDROCYTE_DIFFERENTIATION		19	0.4865499	0.88329977	0.61442006	0.78611654	1.0	3942	tags=53%, list=24%, signal=69%	
GOBP_ENDOSOMAL_TRANSPORT	GOBP_ENDOSOMAL_TRANSPORT		295	0.3948055	0.8829364	0.6127248	0.7865343	1.0	2429	tags=22%, list=15%, signal=26%	
GOBP_PROTEIN_INSERTION_INTO_ER_MEMBRANE	GOBP_PROTEIN_INSERTION_INTO_ER_MEMBRANE		28	0.46590367	0.88249373	0.6411043	0.7870942	1.0	2155	tags=18%, list=13%, signal=21%	
GOBP_FOREBRAIN_NEURON_DEVELOPMENT	GOBP_FOREBRAIN_NEURON_DEVELOPMENT		37	0.4591845	0.881908	0.6070336	0.7879318	1.0	674	tags=16%, list=4%, signal=17%	
GOBP_EMBRYONIC_PLACENTA_DEVELOPMENT	GOBP_EMBRYONIC_PLACENTA_DEVELOPMENT		80	0.4176209	0.88182956	0.62299854	0.7878052	1.0	1546	tags=18%, list=10%, signal=19%	
GOBP_NEGATIVE_REGULATION_OF_ACTIVATED_T_CELL_PROLIFERATION	GOBP_NEGATIVE_REGULATION_OF_ACTIVATED_T_CELL_PROLIFERATION		15	0.4885938	0.88143283	0.61676645	0.78828204	1.0	2522	tags=47%, list=16%, signal=55%	
GOBP_DETECTION_OF_TEMPERATURE_STIMULUS_INVOLVED_IN_SENSORY_PERCEPTION_OF_PAIN	GOBP_DETECTION_OF_TEMPERATURE_STIMULUS_INVOLVED_IN_SENSORY_PERCEPTION_OF_PAIN		19	0.48283947	0.8813632	0.6037152	0.788138	1.0	1851	tags=16%, list=11%, signal=18%	
GOBP_ORGANELLE_TRANSPORT_ALONG_MICROTUBULE	GOBP_ORGANELLE_TRANSPORT_ALONG_MICROTUBULE		91	0.41662472	0.88117284	0.61973876	0.7882212	1.0	886	tags=18%, list=5%, signal=18%	
GOBP_POSITIVE_REGULATION_OF_CELL_CYCLE_PHASE_TRANSITION	GOBP_POSITIVE_REGULATION_OF_CELL_CYCLE_PHASE_TRANSITION		101	0.40932664	0.88095295	0.6161765	0.7883543	1.0	1402	tags=13%, list=9%, signal=14%	
GOBP_HYPEROSMOTIC_RESPONSE	GOBP_HYPEROSMOTIC_RESPONSE		27	0.46543676	0.8805133	0.6295181	0.78891635	1.0	2356	tags=33%, list=14%, signal=39%	
GOBP_NEGATIVE_REGULATION_OF_SMALL_GTPASE_MEDIATED_SIGNAL_TRANSDUCTION	GOBP_NEGATIVE_REGULATION_OF_SMALL_GTPASE_MEDIATED_SIGNAL_TRANSDUCTION		62	0.435515	0.8802416	0.60655737	0.7891384	1.0	1993	tags=23%, list=12%, signal=26%	
GOBP_BILE_ACID_METABOLIC_PROCESS	GOBP_BILE_ACID_METABOLIC_PROCESS		36	0.45060787	0.88022786	0.63761467	0.7888894	1.0	4648	tags=39%, list=29%, signal=54%	
GOBP_INTEGRIN_ACTIVATION	GOBP_INTEGRIN_ACTIVATION		26	0.46584237	0.88010365	0.6086956	0.7888623	1.0	265	tags=15%, list=2%, signal=16%	
GOBP_POSITIVE_REGULATION_OF_CILIUM_ASSEMBLY	GOBP_POSITIVE_REGULATION_OF_CILIUM_ASSEMBLY		30	0.45883188	0.87997866	0.6047904	0.7888336	1.0	3077	tags=30%, list=19%, signal=37%	
GOBP_POSITIVE_REGULATION_OF_CELL_CYCLE	GOBP_POSITIVE_REGULATION_OF_CELL_CYCLE		294	0.39373663	0.8799494	0.6161473	0.78861254	1.0	2359	tags=20%, list=15%, signal=23%	
GENEWEAVER_PONDER_2007_GS637_DIFFERENTIAL EXPRESSION IN AMYGDALA AND HIPPOCAMPUS OF HIGH VS. LOW ANXIETY SELECTED LINES_TOP58_BYPVAL	GENEWEAVER_PONDER_2007_GS637_DIFFERENTIAL EXPRESSION IN AMYGDALA AND HIPPOCAMPUS OF HIGH VS. LOW ANXIETY SELECTED LINES_TOP58_BYPVAL		53	0.42832255	0.87916946	0.6103501	0.78979266	1.0	1450	tags=19%, list=9%, signal=21%	
GOBP_SISTER_CHROMATID_COHESION	GOBP_SISTER_CHROMATID_COHESION		59	0.43068516	0.8790848	0.63450295	0.78967065	1.0	2745	tags=27%, list=17%, signal=33%	
GOBP_POSITIVE_REGULATION_OF_COLLAGEN_METABOLIC_PROCESS	GOBP_POSITIVE_REGULATION_OF_COLLAGEN_METABOLIC_PROCESS		18	0.49601308	0.87807167	0.63009405	0.79130584	1.0	324	tags=11%, list=2%, signal=11%	
GOBP_MITOCHONDRIAL_TRANSPORT	GOBP_MITOCHONDRIAL_TRANSPORT		81	0.41791406	0.8780093	0.63	0.79114753	1.0	1373	tags=14%, list=8%, signal=15%	
GOBP_PROTEIN_SUMOYLATION	GOBP_PROTEIN_SUMOYLATION		57	0.43353942	0.8774779	0.61627907	0.79189634	1.0	1959	tags=21%, list=12%, signal=24%	
GANDAL_2018_AUTISMSPECTRUMDISORDER_DOWNREGULATED_CORTEX	GANDAL_2018_AUTISMSPECTRUMDISORDER_DOWNREGULATED_CORTEX		495	0.39423352	0.8768695	0.60300136	0.7927319	1.0	2441	tags=16%, list=15%, signal=18%	
GOBP_NEGATIVE_REGULATION_OF_TRANSPORTER_ACTIVITY	GOBP_NEGATIVE_REGULATION_OF_TRANSPORTER_ACTIVITY		17	0.48268494	0.87623566	0.61984736	0.7936568	1.0	977	tags=18%, list=6%, signal=19%	
MANNO_MIDBRAIN_NEUROTYPES_HNBML1	MANNO_MIDBRAIN_NEUROTYPES_HNBML1		282	0.38960382	0.87610865	0.6327373	0.79362994	1.0	2079	tags=20%, list=13%, signal=22%	
GOBP_PIGMENT_BIOSYNTHETIC_PROCESS	GOBP_PIGMENT_BIOSYNTHETIC_PROCESS		52	0.44515282	0.8759697	0.62173915	0.7936206	1.0	2384	tags=17%, list=15%, signal=20%	
GOBP_ICOSANOID_TRANSPORT	GOBP_ICOSANOID_TRANSPORT		41	0.4435594	0.87589204	0.6172107	0.79347783	1.0	3213	tags=22%, list=20%, signal=27%	
GOBP_GLYCOSYLCERAMIDE_METABOLIC_PROCESS	GOBP_GLYCOSYLCERAMIDE_METABOLIC_PROCESS		16	0.49399135	0.8758846	0.66019416	0.7932114	1.0	778	tags=19%, list=5%, signal=20%	
GEMMA_GSE47847_EARLY_LIFE_STRESS_IN_FATHERS_IMPAIRS_SYNAPTIC_PLASTICITY_IN_THE_OFFSPRING_-__BRAIN_COLLECTED_AFTER_ACUTE_SWIM_STRESS_ENVIRONMENTAL_HISTORY_OFFSPRING.OF.FATHERS.EXPOSED.TO.MATERNAL.UNPREDICTABLE.SEPARATION.STRESS_UP	GEMMA_GSE47847_EARLY_LIFE_STRESS_IN_FATHERS_IMPAIRS_SYNAPTIC_PLASTICITY_IN_THE_OFFSPRING_-__BRAIN_COLLECTED_AFTER_ACUTE_SWIM_STRESS_ENVIRONMENTAL_HISTORY_OFFSPRING.OF.FATHERS.EXPOSED.TO.MATERNAL.UNPREDICTABLE.SEPARATION.STRESS_UP		334	0.3995382	0.8758554	0.59679574	0.79298776	1.0	2953	tags=27%, list=18%, signal=33%	
GOBP_MELANOSOME_ASSEMBLY	GOBP_MELANOSOME_ASSEMBLY		18	0.48583302	0.8757982	0.625817	0.792821	1.0	3436	tags=39%, list=21%, signal=49%	
GOBP_GOLGI_VESICLE_TRANSPORT	GOBP_GOLGI_VESICLE_TRANSPORT		296	0.39030147	0.87558335	0.6150628	0.7929608	1.0	2793	tags=26%, list=17%, signal=30%	
GOBP_NEURAL_TUBE_DEVELOPMENT	GOBP_NEURAL_TUBE_DEVELOPMENT		151	0.40739393	0.8752829	0.630618	0.7932512	1.0	2588	tags=26%, list=16%, signal=30%	
GOBP_POSITIVE_REGULATION_OF_KINASE_ACTIVITY	GOBP_POSITIVE_REGULATION_OF_KINASE_ACTIVITY		126	0.41256893	0.87483126	0.6169014	0.79381883	1.0	1995	tags=20%, list=12%, signal=22%	
GOBP_FOREBRAIN_DEVELOPMENT	GOBP_FOREBRAIN_DEVELOPMENT		371	0.3931135	0.87471384	0.6424658	0.7937732	1.0	2006	tags=20%, list=12%, signal=22%	
GOBP_TROPHOBLAST_CELL_MIGRATION	GOBP_TROPHOBLAST_CELL_MIGRATION		20	0.48471105	0.87471104	0.6242038	0.7935009	1.0	593	tags=20%, list=4%, signal=21%	
GOBP_RESPONSE_TO_XENOBIOTIC_STIMULUS	GOBP_RESPONSE_TO_XENOBIOTIC_STIMULUS		311	0.39326397	0.8745602	0.60714287	0.7935193	1.0	1754	tags=17%, list=11%, signal=18%	
GOBP_DOPAMINE_METABOLIC_PROCESS	GOBP_DOPAMINE_METABOLIC_PROCESS		36	0.45939034	0.8745437	0.61325115	0.7932722	1.0	2134	tags=25%, list=13%, signal=29%	
GOBP_POSITIVE_REGULATION_OF_PROTEIN_CONTAINING_COMPLEX_DISASSEMBLY	GOBP_POSITIVE_REGULATION_OF_PROTEIN_CONTAINING_COMPLEX_DISASSEMBLY		38	0.45427626	0.8736476	0.62027234	0.7947082	1.0	733	tags=16%, list=5%, signal=16%	
GOBP_INNERVATION	GOBP_INNERVATION		27	0.4627124	0.87286496	0.62252665	0.795926	1.0	435	tags=15%, list=3%, signal=15%	
GOBP_RESPONSE_TO_MUSCLE_STRETCH	GOBP_RESPONSE_TO_MUSCLE_STRETCH		25	0.47091064	0.8728125	0.6377709	0.79574835	1.0	1241	tags=28%, list=8%, signal=30%	
KEGG_ETHER_LIPID_METABOLISM	KEGG_ETHER_LIPID_METABOLISM		27	0.45884728	0.8726442	0.6477093	0.79578817	1.0	2552	tags=22%, list=16%, signal=26%	
CERIBELLI_PROMOTERS_INACTIVE_AND_BOUND_BY_NFY	CERIBELLI_PROMOTERS_INACTIVE_AND_BOUND_BY_NFY		19	0.48696184	0.8725987	0.6448598	0.7956013	1.0	1440	tags=26%, list=9%, signal=29%	
GOBP_ORGANOPHOSPHATE_ESTER_TRANSPORT	GOBP_ORGANOPHOSPHATE_ESTER_TRANSPORT		154	0.39830503	0.8723207	0.6163611	0.7958304	1.0	1583	tags=14%, list=10%, signal=16%	
KEGG_CHRONIC_MYELOID_LEUKEMIA	KEGG_CHRONIC_MYELOID_LEUKEMIA		70	0.4145148	0.87225974	0.6407186	0.7956801	1.0	2180	tags=33%, list=13%, signal=38%	
GOBP_SECONDARY_PALATE_DEVELOPMENT	GOBP_SECONDARY_PALATE_DEVELOPMENT		26	0.46702555	0.8721346	0.61455107	0.7956236	1.0	2746	tags=23%, list=17%, signal=28%	
GOBP_TRANSCRIPTION_INITIATION_AT_RNA_POLYMERASE_I_PROMOTER	GOBP_TRANSCRIPTION_INITIATION_AT_RNA_POLYMERASE_I_PROMOTER		23	0.46819487	0.8720809	0.6226994	0.7954545	1.0	1030	tags=13%, list=6%, signal=14%	
GOBP_NEGATIVE_REGULATION_OF_CALCIUM_ION_TRANSPORT	GOBP_NEGATIVE_REGULATION_OF_CALCIUM_ION_TRANSPORT		39	0.44272986	0.872	0.64404225	0.79533136	1.0	977	tags=10%, list=6%, signal=11%	
GOBP_NEGATIVE_REGULATION_OF_TRANSMEMBRANE_RECEPTOR_PROTEIN_SERINE_THREONINE_KINASE_SIGNALING_PATHWAY	GOBP_NEGATIVE_REGULATION_OF_TRANSMEMBRANE_RECEPTOR_PROTEIN_SERINE_THREONINE_KINASE_SIGNALING_PATHWAY		143	0.40256006	0.87174374	0.6226415	0.79553354	1.0	2226	tags=16%, list=14%, signal=18%	
GOBP_REGULATION_OF_EXOSOMAL_SECRETION	GOBP_REGULATION_OF_EXOSOMAL_SECRETION		19	0.4856772	0.8714712	0.6465116	0.7957686	1.0	1791	tags=32%, list=11%, signal=35%	
GOBP_REGULATION_OF_DNA_TEMPLATED_DNA_REPLICATION_INITIATION	GOBP_REGULATION_OF_DNA_TEMPLATED_DNA_REPLICATION_INITIATION		20	0.47063905	0.87138766	0.6224329	0.79565513	1.0	3775	tags=40%, list=23%, signal=52%	
GOBP_EPITHELIAL_CELL_MORPHOGENESIS	GOBP_EPITHELIAL_CELL_MORPHOGENESIS		31	0.45218045	0.87130404	0.6400626	0.7955346	1.0	2712	tags=35%, list=17%, signal=43%	
GOBP_POSITIVE_REGULATION_OF_NATURAL_KILLER_CELL_ACTIVATION	GOBP_POSITIVE_REGULATION_OF_NATURAL_KILLER_CELL_ACTIVATION		20	0.47855648	0.87117785	0.6568779	0.79549944	1.0	3366	tags=45%, list=21%, signal=57%	
GOBP_NEGATIVE_REGULATION_OF_TRANSCRIPTION_ELONGATION_BY_RNA_POLYMERASE_II	GOBP_NEGATIVE_REGULATION_OF_TRANSCRIPTION_ELONGATION_BY_RNA_POLYMERASE_II		20	0.47424823	0.8711167	0.64580154	0.7953388	1.0	669	tags=10%, list=4%, signal=10%	
GOBP_HEMATOPOIETIC_OR_LYMPHOID_ORGAN_DEVELOPMENT	GOBP_HEMATOPOIETIC_OR_LYMPHOID_ORGAN_DEVELOPMENT		92	0.41217571	0.87110996	0.63434905	0.79507333	1.0	2163	tags=25%, list=13%, signal=29%	
GOBP_NEGATIVE_REGULATION_OF_CELL_SUBSTRATE_JUNCTION_ORGANIZATION	GOBP_NEGATIVE_REGULATION_OF_CELL_SUBSTRATE_JUNCTION_ORGANIZATION		20	0.48343548	0.87093276	0.64835167	0.79514384	1.0	425	tags=10%, list=3%, signal=10%	
GOBP_SALIVARY_GLAND_DEVELOPMENT	GOBP_SALIVARY_GLAND_DEVELOPMENT		36	0.45101622	0.87091506	0.63366336	0.7948967	1.0	986	tags=11%, list=6%, signal=12%	
GOBP_DIGESTION	GOBP_DIGESTION		88	0.419546	0.87085366	0.62666667	0.794732	1.0	1656	tags=14%, list=10%, signal=15%	
HALLMARK_UV_RESPONSE_UP	HALLMARK_UV_RESPONSE_UP		151	0.4060321	0.8704132	0.6151645	0.79527354	1.0	1781	tags=25%, list=11%, signal=28%	
KEGG_MEDICUS_REFERENCE_CXCR4_GNAQ_PLCB_G_CALCINEURIN_SIGNALING_PATHWAY	KEGG_MEDICUS_REFERENCE_CXCR4_GNAQ_PLCB_G_CALCINEURIN_SIGNALING_PATHWAY		21	0.47711256	0.87040293	0.6656977	0.795012	1.0	1641	tags=29%, list=10%, signal=32%	
GANDAL_2018_SCHIZOPHRENIA_DOWNREGULATED_PFC	GANDAL_2018_SCHIZOPHRENIA_DOWNREGULATED_PFC		433	0.38869223	0.86934716	0.63193506	0.7967247	1.0	2378	tags=16%, list=15%, signal=18%	
GOBP_POSITIVE_REGULATION_OF_MACROPHAGE_CHEMOTAXIS	GOBP_POSITIVE_REGULATION_OF_MACROPHAGE_CHEMOTAXIS		20	0.47054952	0.8692906	0.63746226	0.796558	1.0	1288	tags=15%, list=8%, signal=16%	
GOBP_POSITIVE_REGULATION_OF_HOMOTYPIC_CELL_CELL_ADHESION	GOBP_POSITIVE_REGULATION_OF_HOMOTYPIC_CELL_CELL_ADHESION		17	0.49666688	0.8681013	0.6312292	0.7984822	1.0	504	tags=29%, list=3%, signal=30%	
GOBP_CARDIAC_MYOFIBRIL_ASSEMBLY	GOBP_CARDIAC_MYOFIBRIL_ASSEMBLY		15	0.4917711	0.8678954	0.6523077	0.79858786	1.0	3193	tags=47%, list=20%, signal=58%	
GOBP_BONE_CELL_DEVELOPMENT	GOBP_BONE_CELL_DEVELOPMENT		17	0.4815684	0.8678575	0.61732286	0.7983767	1.0	1776	tags=41%, list=11%, signal=46%	
GOBP_NEGATIVE_REGULATION_OF_LEUKOCYTE_CHEMOTAXIS	GOBP_NEGATIVE_REGULATION_OF_LEUKOCYTE_CHEMOTAXIS		19	0.47997355	0.8677732	0.635514	0.7982549	1.0	1588	tags=16%, list=10%, signal=17%	
GOBP_HEART_VALVE_MORPHOGENESIS	GOBP_HEART_VALVE_MORPHOGENESIS		57	0.42730552	0.86765975	0.6156156	0.7981972	1.0	1172	tags=16%, list=7%, signal=17%	
GOBP_REGULATION_OF_RECEPTOR_RECYCLING	GOBP_REGULATION_OF_RECEPTOR_RECYCLING		24	0.47261387	0.8675191	0.6560122	0.79819155	1.0	2495	tags=33%, list=15%, signal=39%	
GOBP_RECEPTOR_LOCALIZATION_TO_SYNAPSE	GOBP_RECEPTOR_LOCALIZATION_TO_SYNAPSE		80	0.41761506	0.8672595	0.62650603	0.7983872	1.0	2261	tags=25%, list=14%, signal=29%	
GOBP_REGULATION_OF_LIPID_CATABOLIC_PROCESS	GOBP_REGULATION_OF_LIPID_CATABOLIC_PROCESS		53	0.42999285	0.8671946	0.6396396	0.79823655	1.0	2058	tags=17%, list=13%, signal=19%	
KEGG_UBIQUITIN_MEDIATED_PROTEOLYSIS	KEGG_UBIQUITIN_MEDIATED_PROTEOLYSIS		128	0.40457097	0.8670356	0.6382682	0.79826635	1.0	2082	tags=23%, list=13%, signal=26%	
GOBP_SENSORY_SYSTEM_DEVELOPMENT	GOBP_SENSORY_SYSTEM_DEVELOPMENT		381	0.38633195	0.8670327	0.6458333	0.79799724	1.0	1173	tags=8%, list=7%, signal=9%	
GOBP_MITOCHONDRIAL_ELECTRON_TRANSPORT_NADH_TO_UBIQUINONE	GOBP_MITOCHONDRIAL_ELECTRON_TRANSPORT_NADH_TO_UBIQUINONE		49	0.4315152	0.8665392	0.6466877	0.7986212	1.0	1326	tags=12%, list=8%, signal=13%	
GOBP_HOMOLOGOUS_CHROMOSOME_PAIRING_AT_MEIOSIS	GOBP_HOMOLOGOUS_CHROMOSOME_PAIRING_AT_MEIOSIS		38	0.44303638	0.86625665	0.629742	0.7988944	1.0	2615	tags=8%, list=16%, signal=9%	
GOBP_RESPONSE_TO_OXIDATIVE_STRESS	GOBP_RESPONSE_TO_OXIDATIVE_STRESS		392	0.3870663	0.8654879	0.67777777	0.80003345	1.0	1790	tags=19%, list=11%, signal=20%	
GOBP_ARF_PROTEIN_SIGNAL_TRANSDUCTION	GOBP_ARF_PROTEIN_SIGNAL_TRANSDUCTION		21	0.4755867	0.8643227	0.6607431	0.8019083	1.0	1661	tags=38%, list=10%, signal=42%	
GOBP_CELL_FATE_SPECIFICATION	GOBP_CELL_FATE_SPECIFICATION		74	0.41200724	0.8640885	0.6631737	0.8020743	1.0	2345	tags=27%, list=14%, signal=31%	
GOBP_PROTEIN_EXPORT_FROM_NUCLEUS	GOBP_PROTEIN_EXPORT_FROM_NUCLEUS		58	0.43219426	0.8638468	0.64731497	0.8022384	1.0	1252	tags=21%, list=8%, signal=22%	
GOBP_NEGATIVE_REGULATION_OF_ERBB_SIGNALING_PATHWAY	GOBP_NEGATIVE_REGULATION_OF_ERBB_SIGNALING_PATHWAY		35	0.448293	0.86382055	0.6509573	0.802012	1.0	2304	tags=31%, list=14%, signal=37%	
GOBP_CORTICOSTEROID_HORMONE_SECRETION	GOBP_CORTICOSTEROID_HORMONE_SECRETION		20	0.47525457	0.8633185	0.6484375	0.80270135	1.0	2180	tags=25%, list=13%, signal=29%	
GOBP_NEGATIVE_REGULATION_OF_LIPID_CATABOLIC_PROCESS	GOBP_NEGATIVE_REGULATION_OF_LIPID_CATABOLIC_PROCESS		24	0.46112704	0.8632403	0.63318115	0.80257946	1.0	3509	tags=29%, list=22%, signal=37%	
GOBP_REGULATION_OF_DENDRITIC_SPINE_MORPHOGENESIS	GOBP_REGULATION_OF_DENDRITIC_SPINE_MORPHOGENESIS		44	0.438229	0.8625409	0.6642442	0.80358475	1.0	2659	tags=41%, list=16%, signal=49%	
DURANTE_ADULT_OLFACTORY_NEUROEPITHELIUM_IMMATURE_NEURONS	DURANTE_ADULT_OLFACTORY_NEUROEPITHELIUM_IMMATURE_NEURONS		120	0.4009618	0.86253136	0.6535211	0.80332994	1.0	1299	tags=19%, list=8%, signal=21%	
GOBP_BILE_ACID_BIOSYNTHETIC_PROCESS	GOBP_BILE_ACID_BIOSYNTHETIC_PROCESS		28	0.45767155	0.8622083	0.6484375	0.8036741	1.0	4648	tags=43%, list=29%, signal=60%	
GOBP_MACROAUTOPHAGY	GOBP_MACROAUTOPHAGY		369	0.38075578	0.86215603	0.6666667	0.80349684	1.0	2001	tags=18%, list=12%, signal=20%	
GOBP_POSITIVE_REGULATION_OF_CARDIAC_MUSCLE_CELL_PROLIFERATION	GOBP_POSITIVE_REGULATION_OF_CARDIAC_MUSCLE_CELL_PROLIFERATION		22	0.46656552	0.86152303	0.6563945	0.80440426	1.0	2815	tags=32%, list=17%, signal=38%	
KEGG_PROGESTERONE_MEDIATED_OOCYTE_MATURATION	KEGG_PROGESTERONE_MEDIATED_OOCYTE_MATURATION		79	0.4180863	0.8614951	0.63095236	0.8041747	1.0	1433	tags=20%, list=9%, signal=22%	
GEMMA_GSE85136_SEX_DIFFERENCES_IN_NUCLEUS_ACCUMBENS_TRANSCRIPTOME_PROFILES_ASSOCIATED_WITH_SUSCEPTIBILITY_VERSUS_RESILIENCE_TO_SUBCHRONIC_VARIABLE_STRESS_GENOTYPE_WILD.TYPE.GENOTYPE_UP	GEMMA_GSE85136_SEX_DIFFERENCES_IN_NUCLEUS_ACCUMBENS_TRANSCRIPTOME_PROFILES_ASSOCIATED_WITH_SUSCEPTIBILITY_VERSUS_RESILIENCE_TO_SUBCHRONIC_VARIABLE_STRESS_GENOTYPE_WILD.TYPE.GENOTYPE_UP		435	0.38673553	0.8614666	0.6520548	0.80394506	1.0	823	tags=4%, list=5%, signal=4%	
RAGHAVAN_2017_WISTARMOREIMMOBILERATS_UPREGULATED_HC	RAGHAVAN_2017_WISTARMOREIMMOBILERATS_UPREGULATED_HC		21	0.47695348	0.8609646	0.6499239	0.8046021	1.0	3494	tags=43%, list=21%, signal=55%	
GOBP_POSITIVE_REGULATION_OF_MITOTIC_CELL_CYCLE_PHASE_TRANSITION	GOBP_POSITIVE_REGULATION_OF_MITOTIC_CELL_CYCLE_PHASE_TRANSITION		87	0.41968542	0.860903	0.6289855	0.8044329	1.0	1402	tags=14%, list=9%, signal=15%	
GOBP_BRANCH_ELONGATION_OF_AN_EPITHELIUM	GOBP_BRANCH_ELONGATION_OF_AN_EPITHELIUM		17	0.48328763	0.8606587	0.6578538	0.80462414	1.0	1546	tags=18%, list=10%, signal=19%	
GOBP_REGULATION_OF_CELL_MORPHOGENESIS	GOBP_REGULATION_OF_CELL_MORPHOGENESIS		228	0.3887291	0.86053306	0.6364883	0.8045872	1.0	1549	tags=23%, list=10%, signal=25%	
GOBP_NEGATIVE_REGULATION_OF_CELL_MATRIX_ADHESION	GOBP_NEGATIVE_REGULATION_OF_CELL_MATRIX_ADHESION		36	0.43684	0.86047703	0.6390169	0.804409	1.0	1904	tags=28%, list=12%, signal=31%	
NEURON_CA1PYRAMIDAL_CORTICAL_ZEISEL_SCIENCE_2015	NEURON_CA1PYRAMIDAL_CORTICAL_ZEISEL_SCIENCE_2015		308	0.38284132	0.8602823	0.6855524	0.80449516	1.0	3012	tags=24%, list=19%, signal=29%	
GOBP_RIBOSOME_ASSOCIATED_UBIQUITIN_DEPENDENT_PROTEIN_CATABOLIC_PROCESS	GOBP_RIBOSOME_ASSOCIATED_UBIQUITIN_DEPENDENT_PROTEIN_CATABOLIC_PROCESS		17	0.4744138	0.86022115	0.66508687	0.80433404	1.0	143	tags=6%, list=1%, signal=6%	
ZHENG_GLIOBLASTOMA_PLASTICITY_DN	ZHENG_GLIOBLASTOMA_PLASTICITY_DN		52	0.4246937	0.85998905	0.64714944	0.80450183	1.0	748	tags=12%, list=5%, signal=12%	
GOBP_POSTSYNAPTIC_SPECIALIZATION_ASSEMBLY	GOBP_POSTSYNAPTIC_SPECIALIZATION_ASSEMBLY		37	0.44040775	0.8599136	0.6408669	0.80435854	1.0	1891	tags=30%, list=12%, signal=34%	
KEGG_MEDICUS_REFERENCE_IGF_IGF1R_RAS_ERK_SIGNALING_PATHWAY	KEGG_MEDICUS_REFERENCE_IGF_IGF1R_RAS_ERK_SIGNALING_PATHWAY		15	0.49272865	0.85975474	0.6585366	0.8043636	1.0	2493	tags=40%, list=15%, signal=47%	
GEMMA_GSE50423_CONTEXTUAL_FEAR_CONDITIONING_IN_THE_MOUSE_HIPPOCAMPUS_TIMEPOINT_12.H_DOWN	GEMMA_GSE50423_CONTEXTUAL_FEAR_CONDITIONING_IN_THE_MOUSE_HIPPOCAMPUS_TIMEPOINT_12.H_DOWN		477	0.3837792	0.85969746	0.65764546	0.8041902	1.0	2081	tags=15%, list=13%, signal=17%	
GOBP_HOMOPHILIC_CELL_CELL_ADHESION	GOBP_HOMOPHILIC_CELL_CELL_ADHESION		117	0.39218137	0.8594055	0.6676136	0.80444145	1.0	2369	tags=21%, list=15%, signal=25%	
GOBP_PHOSPHATE_ION_TRANSPORT	GOBP_PHOSPHATE_ION_TRANSPORT		20	0.4825545	0.8591449	0.66615856	0.80466235	1.0	2138	tags=30%, list=13%, signal=34%	
GOBP_CELLULAR_RESPONSE_TO_CHOLESTEROL	GOBP_CELLULAR_RESPONSE_TO_CHOLESTEROL		15	0.48444912	0.858292	0.6578073	0.8059805	1.0	986	tags=20%, list=6%, signal=21%	
PARK_2011_COEXPRESSION_HIPPOCAMPUS_MOUSE_SKYBLUE3	PARK_2011_COEXPRESSION_HIPPOCAMPUS_MOUSE_SKYBLUE3		23	0.47105396	0.85827976	0.6718507	0.8057283	1.0	4044	tags=39%, list=25%, signal=52%	
HALLMARK_GLYCOLYSIS	HALLMARK_GLYCOLYSIS		182	0.3925606	0.85774726	0.67040676	0.80645585	1.0	1520	tags=16%, list=9%, signal=17%	
GOBP_BLASTOCYST_DEVELOPMENT	GOBP_BLASTOCYST_DEVELOPMENT		104	0.3916932	0.85731363	0.6382055	0.80697787	1.0	2643	tags=20%, list=16%, signal=24%	
GOBP_REGULATION_OF_TRANSCRIPTION_REGULATORY_REGION_DNA_BINDING	GOBP_REGULATION_OF_TRANSCRIPTION_REGULATORY_REGION_DNA_BINDING		15	0.4889095	0.856749	0.6416	0.8077587	1.0	823	tags=13%, list=5%, signal=14%	
GOBP_AMINO_ACID_METABOLIC_PROCESS	GOBP_AMINO_ACID_METABOLIC_PROCESS		249	0.386461	0.8567455	0.65363884	0.8074894	1.0	2747	tags=16%, list=17%, signal=19%	
GOBP_CATECHOL_CONTAINING_COMPOUND_METABOLIC_PROCESS	GOBP_CATECHOL_CONTAINING_COMPOUND_METABOLIC_PROCESS		46	0.42997947	0.8567275	0.65210843	0.80725497	1.0	3708	tags=37%, list=23%, signal=48%	
KEGG_PYRIMIDINE_METABOLISM	KEGG_PYRIMIDINE_METABOLISM		89	0.39980352	0.85639143	0.63425255	0.8075957	1.0	1564	tags=7%, list=10%, signal=7%	
GOBP_NEGATIVE_REGULATION_OF_PROTEIN_CATABOLIC_PROCESS	GOBP_NEGATIVE_REGULATION_OF_PROTEIN_CATABOLIC_PROCESS		112	0.39956623	0.8562414	0.64017344	0.8075946	1.0	2037	tags=21%, list=13%, signal=24%	
VERHAAK_GLIOBLASTOMA_CLASSICAL	VERHAAK_GLIOBLASTOMA_CLASSICAL		140	0.40174598	0.856239	0.6392318	0.8073243	1.0	2607	tags=19%, list=16%, signal=23%	
GOBP_PEPTIDYL_LYSINE_METHYLATION	GOBP_PEPTIDYL_LYSINE_METHYLATION		15	0.48716348	0.85615635	0.65479875	0.8071966	1.0	4412	tags=40%, list=27%, signal=55%	
GOBP_MAMMARY_GLAND_DEVELOPMENT	GOBP_MAMMARY_GLAND_DEVELOPMENT		120	0.40275472	0.8560243	0.6623748	0.807179	1.0	1596	tags=20%, list=10%, signal=22%	
GOBP_ACYL_COA_METABOLIC_PROCESS	GOBP_ACYL_COA_METABOLIC_PROCESS		94	0.40883595	0.8557157	0.6642547	0.80749613	1.0	3321	tags=26%, list=20%, signal=32%	
GOBP_MITOTIC_CELL_CYCLE_CHECKPOINT_SIGNALING	GOBP_MITOTIC_CELL_CYCLE_CHECKPOINT_SIGNALING		142	0.39441955	0.8554222	0.6379822	0.8077747	1.0	2972	tags=18%, list=18%, signal=21%	
GOBP_ENDOSOME_TO_LYSOSOME_TRANSPORT	GOBP_ENDOSOME_TO_LYSOSOME_TRANSPORT		64	0.4277662	0.85497326	0.6601796	0.80829394	1.0	1889	tags=17%, list=12%, signal=19%	
GOBP_PURINE_NUCLEOSIDE_MONOPHOSPHATE_BIOSYNTHETIC_PROCESS	GOBP_PURINE_NUCLEOSIDE_MONOPHOSPHATE_BIOSYNTHETIC_PROCESS		20	0.47306508	0.85482067	0.6544586	0.8083049	1.0	3626	tags=45%, list=22%, signal=58%	
GOBP_DNA_TEMPLATED_TRANSCRIPTION_ELONGATION	GOBP_DNA_TEMPLATED_TRANSCRIPTION_ELONGATION		157	0.38535818	0.85445505	0.675307	0.8087131	1.0	2648	tags=22%, list=16%, signal=26%	
GOBP_REGULATION_OF_ENDOCYTIC_RECYCLING	GOBP_REGULATION_OF_ENDOCYTIC_RECYCLING		24	0.454357	0.8543884	0.6506955	0.8085629	1.0	1626	tags=21%, list=10%, signal=23%	
GOBP_NEGATIVE_REGULATION_OF_PHOSPHATIDYLINOSITOL_3_KINASE_PROTEIN_KINASE_B_SIGNAL_TRANSDUCTION	GOBP_NEGATIVE_REGULATION_OF_PHOSPHATIDYLINOSITOL_3_KINASE_PROTEIN_KINASE_B_SIGNAL_TRANSDUCTION		59	0.41617954	0.8531149	0.6642012	0.8106313	1.0	1931	tags=20%, list=12%, signal=23%	
GOBP_POSITIVE_REGULATION_OF_ENDOTHELIAL_CELL_PROLIFERATION	GOBP_POSITIVE_REGULATION_OF_ENDOTHELIAL_CELL_PROLIFERATION		80	0.40906826	0.85246605	0.65667164	0.8115454	1.0	1556	tags=20%, list=10%, signal=22%	
GOBP_INTERLEUKIN_17_PRODUCTION	GOBP_INTERLEUKIN_17_PRODUCTION		36	0.43442693	0.85194993	0.67180276	0.81220216	1.0	3347	tags=28%, list=21%, signal=35%	
GOBP_SPHINGOLIPID_MEDIATED_SIGNALING_PATHWAY	GOBP_SPHINGOLIPID_MEDIATED_SIGNALING_PATHWAY		18	0.47873852	0.8516997	0.6666667	0.812381	1.0	1010	tags=17%, list=6%, signal=18%	
GOBP_NEURON_PROJECTION_REGENERATION	GOBP_NEURON_PROJECTION_REGENERATION		52	0.4243856	0.851498	0.668693	0.8124677	1.0	1441	tags=23%, list=9%, signal=25%	
KEGG_RENAL_CELL_CARCINOMA	KEGG_RENAL_CELL_CARCINOMA		69	0.41742942	0.8514597	0.6402985	0.8122627	1.0	2191	tags=26%, list=13%, signal=30%	
GOBP_POSITIVE_REGULATION_OF_RUFFLE_ASSEMBLY	GOBP_POSITIVE_REGULATION_OF_RUFFLE_ASSEMBLY		15	0.48808315	0.8513897	0.6722818	0.8121204	1.0	1610	tags=27%, list=10%, signal=30%	
GOBP_NEGATIVE_REGULATION_OF_ALPHA_BETA_T_CELL_DIFFERENTIATION	GOBP_NEGATIVE_REGULATION_OF_ALPHA_BETA_T_CELL_DIFFERENTIATION		26	0.46159518	0.85086405	0.66510904	0.8128071	1.0	2095	tags=35%, list=13%, signal=40%	
GOBP_NEGATIVE_REGULATION_OF_MYOBLAST_DIFFERENTIATION	GOBP_NEGATIVE_REGULATION_OF_MYOBLAST_DIFFERENTIATION		20	0.4652067	0.8503959	0.66565347	0.8133826	1.0	514	tags=10%, list=3%, signal=10%	
KEGG_MEDICUS_REFERENCE_ACTH_CORTISOL_SIGNALING_PATHWAY	KEGG_MEDICUS_REFERENCE_ACTH_CORTISOL_SIGNALING_PATHWAY		26	0.44161075	0.8502443	0.6475771	0.81340367	1.0	2619	tags=35%, list=16%, signal=41%	
KEGG_MEDICUS_REFERENCE_RTK_PLCG_ITPR_SIGNALING_PATHWAY	KEGG_MEDICUS_REFERENCE_RTK_PLCG_ITPR_SIGNALING_PATHWAY		44	0.4291584	0.85023725	0.68005955	0.81314176	1.0	1921	tags=16%, list=12%, signal=18%	
GOBP_REGULATION_OF_ATP_DEPENDENT_ACTIVITY	GOBP_REGULATION_OF_ATP_DEPENDENT_ACTIVITY		29	0.4501511	0.85018444	0.65768623	0.812968	1.0	1981	tags=14%, list=12%, signal=16%	
GOBP_REGULATION_OF_DEPHOSPHORYLATION	GOBP_REGULATION_OF_DEPHOSPHORYLATION		22	0.45464772	0.8499776	0.656051	0.81308466	1.0	2646	tags=23%, list=16%, signal=27%	
GOBP_PHOSPHOLIPID_METABOLIC_PROCESS	GOBP_PHOSPHOLIPID_METABOLIC_PROCESS		347	0.3752849	0.8499225	0.7057221	0.8129031	1.0	2238	tags=18%, list=14%, signal=20%	
GOBP_REGULATION_OF_DNA_REPLICATION	GOBP_REGULATION_OF_DNA_REPLICATION		114	0.4021712	0.84956914	0.65527064	0.8132857	1.0	3283	tags=29%, list=20%, signal=36%	
GOBP_DIENCEPHALON_DEVELOPMENT	GOBP_DIENCEPHALON_DEVELOPMENT		63	0.42147902	0.8495454	0.65223664	0.81304437	1.0	1346	tags=17%, list=8%, signal=19%	
GOBP_POSITIVE_REGULATION_OF_TORC1_SIGNALING	GOBP_POSITIVE_REGULATION_OF_TORC1_SIGNALING		55	0.41267174	0.84929454	0.67814374	0.81323516	1.0	3030	tags=27%, list=19%, signal=33%	
GOBP_ATTACHMENT_OF_SPINDLE_MICROTUBULES_TO_KINETOCHORE	GOBP_ATTACHMENT_OF_SPINDLE_MICROTUBULES_TO_KINETOCHORE		54	0.41644037	0.84921205	0.6676514	0.8131049	1.0	1886	tags=15%, list=12%, signal=17%	
GOBP_POSITIVE_REGULATION_OF_ORGAN_GROWTH	GOBP_POSITIVE_REGULATION_OF_ORGAN_GROWTH		38	0.43441904	0.8490618	0.6393443	0.8131013	1.0	1546	tags=16%, list=10%, signal=17%	
GOBP_POSITIVE_REGULATION_OF_LEUKOCYTE_ADHESION_TO_VASCULAR_ENDOTHELIAL_CELL	GOBP_POSITIVE_REGULATION_OF_LEUKOCYTE_ADHESION_TO_VASCULAR_ENDOTHELIAL_CELL		22	0.462508	0.8490472	0.6335404	0.8128537	1.0	1883	tags=27%, list=12%, signal=31%	
GOBP_POSITIVE_REGULATION_OF_MYELINATION	GOBP_POSITIVE_REGULATION_OF_MYELINATION		20	0.46910635	0.8489127	0.6741573	0.8128261	1.0	1994	tags=40%, list=12%, signal=46%	
GOBP_GLUCAN_METABOLIC_PROCESS	GOBP_GLUCAN_METABOLIC_PROCESS		76	0.41649595	0.8488495	0.6482036	0.81267285	1.0	1640	tags=18%, list=10%, signal=20%	
GOBP_SPECIFICATION_OF_SYMMETRY	GOBP_SPECIFICATION_OF_SYMMETRY		117	0.4004367	0.84846324	0.66810346	0.8131127	1.0	1967	tags=15%, list=12%, signal=16%	
GOBP_REGULATION_OF_RAC_PROTEIN_SIGNAL_TRANSDUCTION	GOBP_REGULATION_OF_RAC_PROTEIN_SIGNAL_TRANSDUCTION		36	0.42770806	0.84783375	0.6589506	0.8139927	1.0	2101	tags=36%, list=13%, signal=41%	
GEMMA_GSE129569_MICROGLIA_ACTIVELY_REMODELS_ADULT_HIPPOCAMPAL_NEUROGENESIS_THROUGH_THE_PHAGOCYTOSIS_SECRETOME_TIMEPOINT_24H_DOWN	GEMMA_GSE129569_MICROGLIA_ACTIVELY_REMODELS_ADULT_HIPPOCAMPAL_NEUROGENESIS_THROUGH_THE_PHAGOCYTOSIS_SECRETOME_TIMEPOINT_24H_DOWN		19	0.4740516	0.8474847	0.6792144	0.8143484	1.0	575	tags=11%, list=4%, signal=11%	
GOBP_SPLICEOSOMAL_CONFORMATIONAL_CHANGES_TO_GENERATE_CATALYTIC_CONFORMATION	GOBP_SPLICEOSOMAL_CONFORMATIONAL_CHANGES_TO_GENERATE_CATALYTIC_CONFORMATION		40	0.42803636	0.84701204	0.6359584	0.8149156	1.0	2784	tags=23%, list=17%, signal=27%	
GOBP_CHROMOSOME_CONDENSATION	GOBP_CHROMOSOME_CONDENSATION		42	0.4416188	0.8461245	0.67784256	0.8162928	1.0	2359	tags=21%, list=15%, signal=25%	
GOBP_REGULATION_OF_EPITHELIAL_CELL_PROLIFERATION	GOBP_REGULATION_OF_EPITHELIAL_CELL_PROLIFERATION		294	0.38277054	0.8456343	0.6680441	0.81690323	1.0	1556	tags=13%, list=10%, signal=14%	
GOBP_POSITIVE_REGULATION_OF_CHROMOSOME_SEGREGATION	GOBP_POSITIVE_REGULATION_OF_CHROMOSOME_SEGREGATION		29	0.4433268	0.84496015	0.6631579	0.8178272	1.0	1866	tags=17%, list=11%, signal=19%	
KEGG_MEDICUS_REFERENCE_N_GLYCAN_BIOSYNTHESIS	KEGG_MEDICUS_REFERENCE_N_GLYCAN_BIOSYNTHESIS		15	0.4738088	0.84491605	0.65579116	0.81762916	1.0	3860	tags=53%, list=24%, signal=70%	
GOBP_REGULATION_OF_NUCLEAR_DIVISION	GOBP_REGULATION_OF_NUCLEAR_DIVISION		138	0.39306995	0.844812	0.67094016	0.81753576	1.0	713	tags=8%, list=4%, signal=8%	
FAN_EMBRYONIC_CTX_MICROGLIA_1	FAN_EMBRYONIC_CTX_MICROGLIA_1		145	0.38687328	0.8446836	0.67655367	0.8175067	1.0	3356	tags=21%, list=21%, signal=27%	
GOBP_HISTONE_MRNA_METABOLIC_PROCESS	GOBP_HISTONE_MRNA_METABOLIC_PROCESS		32	0.45233214	0.84428054	0.6787879	0.817914	1.0	4565	tags=41%, list=28%, signal=56%	
GOBP_NEGATIVE_REGULATION_OF_MACROAUTOPHAGY	GOBP_NEGATIVE_REGULATION_OF_MACROAUTOPHAGY		38	0.4354359	0.843408	0.66012084	0.81922585	1.0	1981	tags=32%, list=12%, signal=36%	
GOBP_REGULATION_OF_RHO_PROTEIN_SIGNAL_TRANSDUCTION	GOBP_REGULATION_OF_RHO_PROTEIN_SIGNAL_TRANSDUCTION		86	0.41274387	0.84330875	0.6596932	0.8191403	1.0	820	tags=16%, list=5%, signal=17%	
GOBP_PHAGOLYSOSOME_ASSEMBLY	GOBP_PHAGOLYSOSOME_ASSEMBLY		18	0.45998198	0.84317374	0.6753446	0.81911683	1.0	1970	tags=22%, list=12%, signal=25%	
GEMMA_GSE74966_GENOME-WIDE_MAPS_OF_CHROMATIN_CHANGES_UPPON_CONTEXTUAL_FEAR_CONDITIONING_IN_MICE_(RNA-SEQ)_TREATMENT_ELECTRIC.SHOCK_CONTEXTUAL.FEAR.CONDITIONING_DOWN	GEMMA_GSE74966_GENOME-WIDE_MAPS_OF_CHROMATIN_CHANGES_UPPON_CONTEXTUAL_FEAR_CONDITIONING_IN_MICE_(RNA-SEQ)_TREATMENT_ELECTRIC.SHOCK_CONTEXTUAL.FEAR.CONDITIONING_DOWN		39	0.4242393	0.843111	0.668693	0.81894594	1.0	1628	tags=15%, list=10%, signal=17%	
GOBP_REGULATION_OF_RECEPTOR_INTERNALIZATION	GOBP_REGULATION_OF_RECEPTOR_INTERNALIZATION		73	0.40752473	0.8427806	0.6704708	0.8192838	1.0	2381	tags=26%, list=15%, signal=30%	
GOBP_CELLULAR_RESPONSE_TO_EXTERNAL_STIMULUS	GOBP_CELLULAR_RESPONSE_TO_EXTERNAL_STIMULUS		75	0.413207	0.84227824	0.66857964	0.81993157	1.0	1379	tags=16%, list=8%, signal=17%	
GOBP_LAMELLIPODIUM_ORGANIZATION	GOBP_LAMELLIPODIUM_ORGANIZATION		87	0.39669797	0.84182423	0.7044476	0.8204659	1.0	1796	tags=24%, list=11%, signal=27%	
HALLMARK_P53_PATHWAY	HALLMARK_P53_PATHWAY		184	0.38980108	0.8416095	0.70406735	0.82057416	1.0	2223	tags=22%, list=14%, signal=26%	
GEMMA_GSE10415_7_BRAIN_REGIONS_IN_20_INBRED_STRAINS_OF_LABORATORY_MICE_STRAINORLINE_NZB.B1NJ_DOWN	GEMMA_GSE10415_7_BRAIN_REGIONS_IN_20_INBRED_STRAINS_OF_LABORATORY_MICE_STRAINORLINE_NZB.B1NJ_DOWN		87	0.39827496	0.8413802	0.6887608	0.82071054	1.0	1384	tags=9%, list=9%, signal=10%	
GOBP_MYOTUBE_CELL_DEVELOPMENT	GOBP_MYOTUBE_CELL_DEVELOPMENT		34	0.43905023	0.8408429	0.6711916	0.8213857	1.0	38	tags=3%, list=0%, signal=3%	
KEGG_TYROSINE_METABOLISM	KEGG_TYROSINE_METABOLISM		30	0.44215158	0.8405554	0.68266255	0.82162833	1.0	1262	tags=13%, list=8%, signal=14%	
GOBP_LABYRINTHINE_LAYER_DEVELOPMENT	GOBP_LABYRINTHINE_LAYER_DEVELOPMENT		44	0.42369837	0.84008986	0.6846847	0.82220125	1.0	2529	tags=23%, list=16%, signal=27%	
DESCARTES_MAIN_FETAL_LYMPHATIC_ENDOTHELIAL_CELLS	DESCARTES_MAIN_FETAL_LYMPHATIC_ENDOTHELIAL_CELLS		114	0.3969237	0.8394727	0.6824713	0.82303965	1.0	2233	tags=16%, list=14%, signal=18%	
KEGG_STEROID_HORMONE_BIOSYNTHESIS	KEGG_STEROID_HORMONE_BIOSYNTHESIS		20	0.46356553	0.83928585	0.6707317	0.8230912	1.0	1890	tags=15%, list=12%, signal=17%	
GOBP_MULTIVESICULAR_BODY_SORTING_PATHWAY	GOBP_MULTIVESICULAR_BODY_SORTING_PATHWAY		48	0.42315122	0.83923656	0.67005813	0.8229029	1.0	1791	tags=13%, list=11%, signal=14%	
KEGG_MEDICUS_VARIANT_MUTATION_ACTIVATED_GNAS_TO_ACTH_CORTISOL_SIGNALING_PATHWAY	KEGG_MEDICUS_VARIANT_MUTATION_ACTIVATED_GNAS_TO_ACTH_CORTISOL_SIGNALING_PATHWAY		24	0.44280335	0.83922595	0.66136724	0.8226463	1.0	2619	tags=38%, list=16%, signal=45%	
GOBP_REGULATION_OF_MACROAUTOPHAGY	GOBP_REGULATION_OF_MACROAUTOPHAGY		189	0.38474327	0.8392133	0.68108106	0.822396	1.0	2001	tags=23%, list=12%, signal=26%	
GOBP_MESODERMAL_CELL_DIFFERENTIATION	GOBP_MESODERMAL_CELL_DIFFERENTIATION		26	0.45199144	0.8390288	0.6629571	0.8224528	1.0	2345	tags=27%, list=14%, signal=31%	
GOBP_NUCLEAR_TRANSPORT	GOBP_NUCLEAR_TRANSPORT		309	0.373446	0.83870476	0.6924119	0.82276094	1.0	2220	tags=21%, list=14%, signal=24%	
HALLMARK_PANCREAS_BETA_CELLS	HALLMARK_PANCREAS_BETA_CELLS		27	0.44576907	0.8385677	0.6656489	0.8227278	1.0	779	tags=7%, list=5%, signal=8%	
GOBP_NEGATIVE_REGULATION_OF_CD4_POSITIVE_ALPHA_BETA_T_CELL_DIFFERENTIATION	GOBP_NEGATIVE_REGULATION_OF_CD4_POSITIVE_ALPHA_BETA_T_CELL_DIFFERENTIATION		22	0.45252973	0.8376065	0.68075114	0.82413626	1.0	2095	tags=36%, list=13%, signal=42%	
GOBP_GLUTATHIONE_METABOLIC_PROCESS	GOBP_GLUTATHIONE_METABOLIC_PROCESS		48	0.41284493	0.83758485	0.6902928	0.8239083	1.0	336	tags=6%, list=2%, signal=6%	
BYSTRYKH_HEMATOPOIESIS_STEM_CELL_AND_BRAIN_QTL_TRANS	BYSTRYKH_HEMATOPOIESIS_STEM_CELL_AND_BRAIN_QTL_TRANS		136	0.38794503	0.8374671	0.69208634	0.8238471	1.0	2761	tags=29%, list=17%, signal=34%	
HAY_BONE_MARROW_CD34_POS_MULTILIN	HAY_BONE_MARROW_CD34_POS_MULTILIN		16	0.4725113	0.8373797	0.6728972	0.8237393	1.0	3180	tags=31%, list=20%, signal=39%	
GOBP_GLYCEROPHOSPHOLIPID_CATABOLIC_PROCESS	GOBP_GLYCEROPHOSPHOLIPID_CATABOLIC_PROCESS		30	0.44652948	0.83707553	0.68453294	0.82400423	1.0	1950	tags=23%, list=12%, signal=26%	
GOBP_POSITIVE_REGULATION_OF_RAC_PROTEIN_SIGNAL_TRANSDUCTION	GOBP_POSITIVE_REGULATION_OF_RAC_PROTEIN_SIGNAL_TRANSDUCTION		24	0.4529385	0.83698535	0.7021605	0.8238879	1.0	2101	tags=42%, list=13%, signal=48%	
GOBP_CELLULAR_RESPONSE_TO_ATP	GOBP_CELLULAR_RESPONSE_TO_ATP		17	0.46804672	0.83687204	0.6827372	0.82383853	1.0	1737	tags=24%, list=11%, signal=26%	
KEGG_MEDICUS_REFERENCE_AGE_RAGE_SIGNALING_PATHWAY	KEGG_MEDICUS_REFERENCE_AGE_RAGE_SIGNALING_PATHWAY		15	0.48005396	0.8366513	0.6815287	0.82395524	1.0	2493	tags=27%, list=15%, signal=31%	
GOBP_POSITIVE_REGULATION_OF_EXOSOMAL_SECRETION	GOBP_POSITIVE_REGULATION_OF_EXOSOMAL_SECRETION		15	0.47025266	0.83662564	0.6798732	0.8237227	1.0	1791	tags=33%, list=11%, signal=37%	
PARK_2011_COEXPRESSION_HIPPOCAMPUS_MOUSE_DARKGREY	PARK_2011_COEXPRESSION_HIPPOCAMPUS_MOUSE_DARKGREY		335	0.37470484	0.83596814	0.6971831	0.8246315	1.0	2626	tags=21%, list=16%, signal=24%	
GOBP_RESPONSE_TO_IONIZING_RADIATION	GOBP_RESPONSE_TO_IONIZING_RADIATION		133	0.38330472	0.8356973	0.71883655	0.82482696	1.0	1958	tags=16%, list=12%, signal=18%	
GOBP_POSITIVE_REGULATION_OF_CELL_MATRIX_ADHESION	GOBP_POSITIVE_REGULATION_OF_CELL_MATRIX_ADHESION		50	0.41794628	0.8347119	0.65647745	0.8263096	1.0	1541	tags=26%, list=9%, signal=29%	
GOBP_NEGATIVE_REGULATION_OF_B_CELL_ACTIVATION	GOBP_NEGATIVE_REGULATION_OF_B_CELL_ACTIVATION		29	0.44034782	0.83465785	0.6761453	0.82612735	1.0	2185	tags=28%, list=13%, signal=32%	
GEMMA_GSE73798_MOLECULAR_PROFILE_OF_KETAMINE_IN_COMPARISON_TO_MEMANTINE_AND_PHENCYCLIDYNE_AND_OTHER_PSYCHOTROPIC_DRUGS_[MOUSE_HIPPOCAMPUS]_TIMEPOINT_2.HOURS_UP	GEMMA_GSE73798_MOLECULAR_PROFILE_OF_KETAMINE_IN_COMPARISON_TO_MEMANTINE_AND_PHENCYCLIDYNE_AND_OTHER_PSYCHOTROPIC_DRUGS_[MOUSE_HIPPOCAMPUS]_TIMEPOINT_2.HOURS_UP		88	0.40271196	0.83461094	0.6779412	0.8259323	1.0	1760	tags=25%, list=11%, signal=28%	
GEMMA_GSE74966_GENOME-WIDE_MAPS_OF_CHROMATIN_CHANGES_UPPON_CONTEXTUAL_FEAR_CONDITIONING_IN_MICE_(RNA-SEQ)_TREATMENT_CONTEXTUAL.FEAR.CONDITIONING_DOWN	GEMMA_GSE74966_GENOME-WIDE_MAPS_OF_CHROMATIN_CHANGES_UPPON_CONTEXTUAL_FEAR_CONDITIONING_IN_MICE_(RNA-SEQ)_TREATMENT_CONTEXTUAL.FEAR.CONDITIONING_DOWN		39	0.4242393	0.83425444	0.69742817	0.8262967	1.0	1628	tags=15%, list=10%, signal=17%	
GOBP_RESPONSE_TO_MECHANICAL_STIMULUS	GOBP_RESPONSE_TO_MECHANICAL_STIMULUS		198	0.38176525	0.8334908	0.7035519	0.82739335	1.0	1262	tags=17%, list=8%, signal=18%	
GOBP_POSITIVE_REGULATION_OF_DNA_REPLICATION	GOBP_POSITIVE_REGULATION_OF_DNA_REPLICATION		36	0.4314184	0.8334026	0.67011833	0.82726943	1.0	1822	tags=17%, list=11%, signal=19%	
GOBP_SEMI_LUNAR_VALVE_DEVELOPMENT	GOBP_SEMI_LUNAR_VALVE_DEVELOPMENT		44	0.4192142	0.8332621	0.681203	0.8272574	1.0	1172	tags=16%, list=7%, signal=17%	
GOBP_WALKING_BEHAVIOR	GOBP_WALKING_BEHAVIOR		38	0.4270578	0.83301294	0.6844512	0.8274376	1.0	1883	tags=21%, list=12%, signal=24%	
GOBP_NEGATIVE_REGULATION_OF_AUTOPHAGY	GOBP_NEGATIVE_REGULATION_OF_AUTOPHAGY		88	0.40766925	0.8324899	0.6748201	0.8280951	1.0	2004	tags=27%, list=12%, signal=31%	
GOBP_METHYLATION	GOBP_METHYLATION		201	0.37866557	0.8321024	0.68377256	0.8285227	1.0	3067	tags=14%, list=19%, signal=18%	
GOBP_DETECTION_OF_STIMULUS_INVOLVED_IN_SENSORY_PERCEPTION_OF_PAIN	GOBP_DETECTION_OF_STIMULUS_INVOLVED_IN_SENSORY_PERCEPTION_OF_PAIN		28	0.44445074	0.83139396	0.67703706	0.8294969	1.0	1851	tags=21%, list=11%, signal=24%	
CAFFAREL_RESPONSE_TO_THC_24HR_5_UP	CAFFAREL_RESPONSE_TO_THC_24HR_5_UP		28	0.43433946	0.8313735	0.66820276	0.8292625	1.0	1164	tags=21%, list=7%, signal=23%	
GOBP_POSITIVE_REGULATION_OF_INTERLEUKIN_17_PRODUCTION	GOBP_POSITIVE_REGULATION_OF_INTERLEUKIN_17_PRODUCTION		24	0.44086808	0.83045036	0.6841294	0.8306199	1.0	3209	tags=29%, list=20%, signal=36%	
GOBP_POSITIVE_REGULATION_OF_CELL_GROWTH	GOBP_POSITIVE_REGULATION_OF_CELL_GROWTH		143	0.38005036	0.829723	0.67787117	0.8316311	1.0	1404	tags=18%, list=9%, signal=20%	
GOBP_CELL_DIFFERENTIATION_INVOLVED_IN_EMBRYONIC_PLACENTA_DEVELOPMENT	GOBP_CELL_DIFFERENTIATION_INVOLVED_IN_EMBRYONIC_PLACENTA_DEVELOPMENT		20	0.4527619	0.82954067	0.6946108	0.8316791	1.0	3115	tags=30%, list=19%, signal=37%	
KEGG_VEGF_SIGNALING_PATHWAY	KEGG_VEGF_SIGNALING_PATHWAY		69	0.40594214	0.8287096	0.6661562	0.8329081	1.0	1288	tags=20%, list=8%, signal=22%	
GOBP_POSITIVE_REGULATION_OF_DNA_TEMPLATED_TRANSCRIPTION_INITIATION	GOBP_POSITIVE_REGULATION_OF_DNA_TEMPLATED_TRANSCRIPTION_INITIATION		70	0.40612108	0.8283353	0.71911764	0.8333023	1.0	1968	tags=24%, list=12%, signal=28%	
GOBP_POSITIVE_REGULATION_OF_NERVOUS_SYSTEM_PROCESS	GOBP_POSITIVE_REGULATION_OF_NERVOUS_SYSTEM_PROCESS		37	0.4289601	0.8280663	0.6993865	0.83350646	1.0	1994	tags=24%, list=12%, signal=28%	
KEGG_MEDICUS_REFERENCE_DEUBIQUITINATION_OF_H2AK119	KEGG_MEDICUS_REFERENCE_DEUBIQUITINATION_OF_H2AK119		25	0.44239458	0.827952	0.6835443	0.83344626	1.0	4127	tags=32%, list=25%, signal=43%	
GOBP_SKELETAL_MUSCLE_ORGAN_DEVELOPMENT	GOBP_SKELETAL_MUSCLE_ORGAN_DEVELOPMENT		158	0.37503773	0.82747793	0.7244318	0.83402807	1.0	1781	tags=16%, list=11%, signal=18%	
DROPVIZ_HC_NEURON_SUBICULUM_SLC17A6_CLUSTER-MARKERS.CSV	DROPVIZ_HC_NEURON_SUBICULUM_SLC17A6_CLUSTER-MARKERS.CSV		44	0.4136441	0.8273105	0.7058824	0.83405167	1.0	2173	tags=16%, list=13%, signal=18%	
GOBP_DETECTION_OF_TEMPERATURE_STIMULUS	GOBP_DETECTION_OF_TEMPERATURE_STIMULUS		24	0.43803272	0.8271235	0.6755486	0.8341229	1.0	1851	tags=13%, list=11%, signal=14%	
GOBP_CATECHOLAMINE_SECRETION	GOBP_CATECHOLAMINE_SECRETION		38	0.4252354	0.8270859	0.67846155	0.83392465	1.0	1277	tags=18%, list=8%, signal=20%	
PARK_2011_COEXPRESSION_HIPPOCAMPUS_MOUSE_ORANGE	PARK_2011_COEXPRESSION_HIPPOCAMPUS_MOUSE_ORANGE		55	0.4109117	0.82692075	0.6985294	0.83394533	1.0	833	tags=7%, list=5%, signal=8%	
GOBP_NEGATIVE_REGULATION_OF_ORGAN_GROWTH	GOBP_NEGATIVE_REGULATION_OF_ORGAN_GROWTH		28	0.4368018	0.8264716	0.69009584	0.8344727	1.0	2800	tags=29%, list=17%, signal=34%	
JOHNSON_2016_COEXPRESSION_HIPPOCAMPUS_HUMAN_M16	JOHNSON_2016_COEXPRESSION_HIPPOCAMPUS_HUMAN_M16		128	0.3894726	0.8263526	0.6927536	0.8344154	1.0	2663	tags=23%, list=16%, signal=27%	
KEGG_MEDICUS_REFERENCE_TNF_P38_SIGNALING_PATHWAY	KEGG_MEDICUS_REFERENCE_TNF_P38_SIGNALING_PATHWAY		22	0.45924	0.8261354	0.6931464	0.8345202	1.0	4695	tags=64%, list=29%, signal=89%	
BEIER_GLIOMA_STEM_CELL_UP	BEIER_GLIOMA_STEM_CELL_UP		34	0.43645275	0.8260345	0.6958525	0.83441526	1.0	3098	tags=35%, list=19%, signal=44%	
GOBP_CELLULAR_RESPONSE_TO_CALCIUM_ION	GOBP_CELLULAR_RESPONSE_TO_CALCIUM_ION		74	0.39885247	0.8256139	0.70991254	0.8348905	1.0	1280	tags=16%, list=8%, signal=18%	
GOBP_POSITIVE_REGULATION_OF_NEURAL_PRECURSOR_CELL_PROLIFERATION	GOBP_POSITIVE_REGULATION_OF_NEURAL_PRECURSOR_CELL_PROLIFERATION		49	0.41916162	0.82526284	0.70535713	0.8352232	1.0	470	tags=12%, list=3%, signal=13%	
GOBP_DENDRITIC_SPINE_MORPHOGENESIS	GOBP_DENDRITIC_SPINE_MORPHOGENESIS		59	0.40954322	0.82523954	0.69072163	0.83498514	1.0	2659	tags=37%, list=16%, signal=44%	
KEGG_MEDICUS_VARIANT_CYP11B1_CYP11B2_FUSION_TO_ACTH_CORTISOL_SIGNALING_PATHWAY	KEGG_MEDICUS_VARIANT_CYP11B1_CYP11B2_FUSION_TO_ACTH_CORTISOL_SIGNALING_PATHWAY		25	0.44172984	0.82487655	0.6905537	0.83538055	1.0	2619	tags=36%, list=16%, signal=43%	
GOBP_POSITIVE_REGULATION_OF_RECEPTOR_INTERNALIZATION	GOBP_POSITIVE_REGULATION_OF_RECEPTOR_INTERNALIZATION		26	0.4442834	0.82436323	0.69131833	0.83602184	1.0	1530	tags=19%, list=9%, signal=21%	
GOBP_LEARNING	GOBP_LEARNING		152	0.3826976	0.8243282	0.6916168	0.83580965	1.0	1323	tags=19%, list=8%, signal=21%	
GOBP_ASSOCIATIVE_LEARNING	GOBP_ASSOCIATIVE_LEARNING		90	0.39127472	0.82404166	0.6720588	0.83603483	1.0	1323	tags=18%, list=8%, signal=19%	
GOBP_REGULATION_OF_MITOCHONDRIAL_FISSION	GOBP_REGULATION_OF_MITOCHONDRIAL_FISSION		31	0.43030193	0.8238212	0.6995448	0.83614117	1.0	1785	tags=23%, list=11%, signal=25%	
GOBP_PULMONARY_VALVE_DEVELOPMENT	GOBP_PULMONARY_VALVE_DEVELOPMENT		23	0.4488702	0.82271105	0.6847826	0.8377727	1.0	2403	tags=26%, list=15%, signal=31%	
GEMMA_GSE72343_CIRCUIT-WIDE_TRANSCRIPTIONAL_PROFILING_REVEALS_REGION_SPECIFIC_GENE_CO-EXPRESSION_NETWORKS_REGULATING_DEPRESSION_SUSCEPTIBILITY_TIMEPOINT_28.D_CHRONIC.SOCIAL.DEFEAT.STRESS_UP	GEMMA_GSE72343_CIRCUIT-WIDE_TRANSCRIPTIONAL_PROFILING_REVEALS_REGION_SPECIFIC_GENE_CO-EXPRESSION_NETWORKS_REGULATING_DEPRESSION_SUSCEPTIBILITY_TIMEPOINT_28.D_CHRONIC.SOCIAL.DEFEAT.STRESS_UP		382	0.36240053	0.8222764	0.74763834	0.838245	1.0	2042	tags=14%, list=13%, signal=16%	
GOBP_POSITIVE_REGULATION_OF_MITOTIC_CELL_CYCLE	GOBP_POSITIVE_REGULATION_OF_MITOTIC_CELL_CYCLE		119	0.37622896	0.82224923	0.71631205	0.8380138	1.0	2333	tags=20%, list=14%, signal=23%	
GEMMA_GSE10415_7_BRAIN_REGIONS_IN_20_INBRED_STRAINS_OF_LABORATORY_MICE_STRAINORLINE_SJL.J_DOWN	GEMMA_GSE10415_7_BRAIN_REGIONS_IN_20_INBRED_STRAINS_OF_LABORATORY_MICE_STRAINORLINE_SJL.J_DOWN		318	0.36411893	0.82217073	0.7647059	0.8378868	1.0	2170	tags=12%, list=13%, signal=14%	
GOBP_OLEFINIC_COMPOUND_METABOLIC_PROCESS	GOBP_OLEFINIC_COMPOUND_METABOLIC_PROCESS		110	0.3783222	0.82213324	0.736377	0.8376755	1.0	2158	tags=15%, list=13%, signal=18%	
HALLMARK_E2F_TARGETS	HALLMARK_E2F_TARGETS		196	0.36889553	0.82155544	0.7510489	0.83843035	1.0	2393	tags=18%, list=15%, signal=21%	
GOBP_VASCULAR_ASSOCIATED_SMOOTH_MUSCLE_CONTRACTION	GOBP_VASCULAR_ASSOCIATED_SMOOTH_MUSCLE_CONTRACTION		25	0.4361798	0.821438	0.7020281	0.83837163	1.0	1403	tags=16%, list=9%, signal=17%	
GOBP_GLOMERULAR_EPITHELIUM_DEVELOPMENT	GOBP_GLOMERULAR_EPITHELIUM_DEVELOPMENT		23	0.4457268	0.82110274	0.71903324	0.8386635	1.0	2113	tags=35%, list=13%, signal=40%	
GOBP_ORGANELLE_FISSION	GOBP_ORGANELLE_FISSION		455	0.3652108	0.820946	0.74898785	0.83867055	1.0	2890	tags=20%, list=18%, signal=24%	
GOBP_MRNA_CIS_SPLICING_VIA_SPLICEOSOME	GOBP_MRNA_CIS_SPLICING_VIA_SPLICEOSOME		31	0.43151635	0.8207049	0.6869159	0.8388137	1.0	2779	tags=35%, list=17%, signal=43%	
GOBP_REGULATION_OF_CELL_SUBSTRATE_ADHESION	GOBP_REGULATION_OF_CELL_SUBSTRATE_ADHESION		199	0.3708406	0.8201418	0.73435324	0.8395218	1.0	1189	tags=18%, list=7%, signal=19%	
GOBP_LENS_FIBER_CELL_DIFFERENTIATION	GOBP_LENS_FIBER_CELL_DIFFERENTIATION		37	0.4214832	0.8200099	0.6986706	0.839486	1.0	443	tags=11%, list=3%, signal=11%	
GOBP_RESPONSE_TO_LAMINAR_FLUID_SHEAR_STRESS	GOBP_RESPONSE_TO_LAMINAR_FLUID_SHEAR_STRESS		33	0.42166933	0.8197121	0.71356785	0.8397306	1.0	1107	tags=21%, list=7%, signal=23%	
GOBP_NEGATIVE_REGULATION_OF_HIPPO_SIGNALING	GOBP_NEGATIVE_REGULATION_OF_HIPPO_SIGNALING		25	0.43243557	0.8190129	0.6839623	0.8406814	1.0	2815	tags=24%, list=17%, signal=29%	
GOBP_CELLULAR_RESPONSE_TO_STEROL	GOBP_CELLULAR_RESPONSE_TO_STEROL		19	0.45243612	0.81838495	0.6839465	0.8415248	1.0	986	tags=16%, list=6%, signal=17%	
GOBP_RECEPTOR_RECYCLING	GOBP_RECEPTOR_RECYCLING		45	0.4094632	0.81815743	0.6877971	0.8416525	1.0	1661	tags=22%, list=10%, signal=25%	
GOBP_REGULATION_OF_CYTOKINESIS	GOBP_REGULATION_OF_CYTOKINESIS		85	0.39916465	0.8175843	0.7120344	0.84238046	1.0	1689	tags=19%, list=10%, signal=21%	
GOBP_POSITIVE_REGULATION_OF_INTRINSIC_APOPTOTIC_SIGNALING_PATHWAY	GOBP_POSITIVE_REGULATION_OF_INTRINSIC_APOPTOTIC_SIGNALING_PATHWAY		59	0.410613	0.81725	0.71695405	0.84270483	1.0	452	tags=7%, list=3%, signal=7%	
KEGG_VASCULAR_SMOOTH_MUSCLE_CONTRACTION	KEGG_VASCULAR_SMOOTH_MUSCLE_CONTRACTION		99	0.38181672	0.81704587	0.7197724	0.8427968	1.0	1537	tags=20%, list=9%, signal=22%	
GEMMA_GSE73798_MOLECULAR_PROFILE_OF_KETAMINE_IN_COMPARISON_TO_MEMANTINE_AND_PHENCYCLIDYNE_AND_OTHER_PSYCHOTROPIC_DRUGS_[MOUSE_HIPPOCAMPUS]_TIMEPOINT_1.HOUR_UP	GEMMA_GSE73798_MOLECULAR_PROFILE_OF_KETAMINE_IN_COMPARISON_TO_MEMANTINE_AND_PHENCYCLIDYNE_AND_OTHER_PSYCHOTROPIC_DRUGS_[MOUSE_HIPPOCAMPUS]_TIMEPOINT_1.HOUR_UP		89	0.39211223	0.8169877	0.71407837	0.84262246	1.0	1760	tags=24%, list=11%, signal=26%	
KEGG_MEDICUS_REFERENCE_KEAP1_NRF2_SIGNALING_PATHWAY	KEGG_MEDICUS_REFERENCE_KEAP1_NRF2_SIGNALING_PATHWAY		16	0.4581903	0.8164466	0.70090634	0.8432558	1.0	3611	tags=38%, list=22%, signal=48%	
GOBP_PHENOL_CONTAINING_COMPOUND_BIOSYNTHETIC_PROCESS	GOBP_PHENOL_CONTAINING_COMPOUND_BIOSYNTHETIC_PROCESS		41	0.4181124	0.81639487	0.72312224	0.8430698	1.0	2384	tags=17%, list=15%, signal=20%	
GOBP_HINDBRAIN_MORPHOGENESIS	GOBP_HINDBRAIN_MORPHOGENESIS		44	0.40624452	0.8159466	0.6851574	0.8435838	1.0	728	tags=11%, list=4%, signal=12%	
GOBP_NEGATIVE_REGULATION_OF_CARDIAC_MUSCLE_TISSUE_GROWTH	GOBP_NEGATIVE_REGULATION_OF_CARDIAC_MUSCLE_TISSUE_GROWTH		19	0.45307273	0.8159251	0.6919431	0.8433383	1.0	2440	tags=26%, list=15%, signal=31%	
GOBP_VITAMIN_BIOSYNTHETIC_PROCESS	GOBP_VITAMIN_BIOSYNTHETIC_PROCESS		21	0.43188637	0.8151748	0.70341617	0.8443585	1.0	859	tags=10%, list=5%, signal=10%	
DROPVIZ_HC_EPENDYMA_CLUSTER-MARKERS.CSV	DROPVIZ_HC_EPENDYMA_CLUSTER-MARKERS.CSV		170	0.37084925	0.81501526	0.74786323	0.8443754	1.0	866	tags=4%, list=5%, signal=4%	
GOBP_STEM_CELL_DEVELOPMENT	GOBP_STEM_CELL_DEVELOPMENT		82	0.3893559	0.8145143	0.7303207	0.8449619	1.0	1549	tags=18%, list=10%, signal=20%	
GOBP_POSITIVE_REGULATION_OF_PROTEIN_EXIT_FROM_ENDOPLASMIC_RETICULUM	GOBP_POSITIVE_REGULATION_OF_PROTEIN_EXIT_FROM_ENDOPLASMIC_RETICULUM		18	0.45551032	0.814224	0.7090909	0.8452239	1.0	2407	tags=39%, list=15%, signal=46%	
GOBP_XENOBIOTIC_TRANSMEMBRANE_TRANSPORT	GOBP_XENOBIOTIC_TRANSMEMBRANE_TRANSPORT		16	0.45816287	0.8133569	0.7	0.8464508	1.0	2137	tags=25%, list=13%, signal=29%	
GOBP_GLYCOSAMINOGLYCAN_METABOLIC_PROCESS	GOBP_GLYCOSAMINOGLYCAN_METABOLIC_PROCESS		54	0.39455968	0.81329423	0.70977443	0.84628505	1.0	1929	tags=15%, list=12%, signal=17%	
GEMMA_GSE10415_7_BRAIN_REGIONS_IN_20_INBRED_STRAINS_OF_LABORATORY_MICE_STRAINORLINE_CAST.EIJ_DOWN	GEMMA_GSE10415_7_BRAIN_REGIONS_IN_20_INBRED_STRAINS_OF_LABORATORY_MICE_STRAINORLINE_CAST.EIJ_DOWN		244	0.36533937	0.8131967	0.7722908	0.8461862	1.0	2012	tags=9%, list=12%, signal=11%	
GOBP_RRNA_TRANSCRIPTION	GOBP_RRNA_TRANSCRIPTION		45	0.42471793	0.8130793	0.7089202	0.8461145	1.0	1871	tags=11%, list=12%, signal=13%	
GOBP_RESPONSE_TO_OXYGEN_RADICAL	GOBP_RESPONSE_TO_OXYGEN_RADICAL		21	0.43359065	0.81259453	0.708397	0.84670925	1.0	336	tags=10%, list=2%, signal=10%	
GOBP_REGULATION_OF_MUSCLE_SYSTEM_PROCESS	GOBP_REGULATION_OF_MUSCLE_SYSTEM_PROCESS		215	0.36733246	0.8123671	0.74698794	0.8468389	1.0	2707	tags=27%, list=17%, signal=31%	
GOBP_IMPORT_INTO_NUCLEUS	GOBP_IMPORT_INTO_NUCLEUS		163	0.3763639	0.8123294	0.7136871	0.846639	1.0	1336	tags=17%, list=8%, signal=18%	
GOBP_PHOTOTRANSDUCTION	GOBP_PHOTOTRANSDUCTION		28	0.42982215	0.81189775	0.7204969	0.84711766	1.0	2583	tags=18%, list=16%, signal=21%	
GOBP_REGULATION_OF_HOMOTYPIC_CELL_CELL_ADHESION	GOBP_REGULATION_OF_HOMOTYPIC_CELL_CELL_ADHESION		36	0.42522645	0.81175786	0.7099237	0.8470829	1.0	504	tags=19%, list=3%, signal=20%	
GOBP_POSITIVE_REGULATION_OF_BLOOD_PRESSURE	GOBP_POSITIVE_REGULATION_OF_BLOOD_PRESSURE		28	0.43133223	0.81159544	0.7070552	0.8471035	1.0	607	tags=7%, list=4%, signal=7%	
GOBP_REGULATION_OF_ENDOTHELIAL_CELL_MIGRATION	GOBP_REGULATION_OF_ENDOTHELIAL_CELL_MIGRATION		161	0.37534577	0.81106555	0.7266289	0.84774965	1.0	1199	tags=16%, list=7%, signal=17%	
GOBP_REGULATION_OF_SMAD_PROTEIN_SIGNAL_TRANSDUCTION	GOBP_REGULATION_OF_SMAD_PROTEIN_SIGNAL_TRANSDUCTION		59	0.40287927	0.81053126	0.73245615	0.8484169	1.0	669	tags=7%, list=4%, signal=7%	
GOBP_PHOTORECEPTOR_CELL_DIFFERENTIATION	GOBP_PHOTORECEPTOR_CELL_DIFFERENTIATION		65	0.3986516	0.81049955	0.7368421	0.8481919	1.0	514	tags=5%, list=3%, signal=5%	
GOBP_ONE_CARBON_METABOLIC_PROCESS	GOBP_ONE_CARBON_METABOLIC_PROCESS		20	0.44199246	0.81048787	0.6965944	0.8479365	1.0	3313	tags=35%, list=20%, signal=44%	
GOBP_GLYCEROPHOSPHOLIPID_BIOSYNTHETIC_PROCESS	GOBP_GLYCEROPHOSPHOLIPID_BIOSYNTHETIC_PROCESS		191	0.3693061	0.8102462	0.76643354	0.8480734	1.0	2700	tags=20%, list=17%, signal=24%	
GOBP_ERBB_SIGNALING_PATHWAY	GOBP_ERBB_SIGNALING_PATHWAY		134	0.3747478	0.81021744	0.73706293	0.8478494	1.0	2416	tags=25%, list=15%, signal=29%	
GOBP_SPHINGOMYELIN_METABOLIC_PROCESS	GOBP_SPHINGOMYELIN_METABOLIC_PROCESS		18	0.4494662	0.80990016	0.6918239	0.8481019	1.0	2237	tags=28%, list=14%, signal=32%	
GOBP_CARDIAC_ATRIUM_DEVELOPMENT	GOBP_CARDIAC_ATRIUM_DEVELOPMENT		29	0.4298793	0.809002	0.72839504	0.8493797	1.0	382	tags=7%, list=2%, signal=7%	
GOBP_ATRIOVENTRICULAR_VALVE_DEVELOPMENT	GOBP_ATRIOVENTRICULAR_VALVE_DEVELOPMENT		27	0.43075624	0.8082702	0.7165109	0.85039544	1.0	247	tags=7%, list=2%, signal=8%	
KEGG_MEDICUS_REFERENCE_BCR_PLCG_CALCINEURIN_SIGNALING_PATHWAY	KEGG_MEDICUS_REFERENCE_BCR_PLCG_CALCINEURIN_SIGNALING_PATHWAY		17	0.45691216	0.80809975	0.71943575	0.8504086	1.0	1641	tags=29%, list=10%, signal=33%	
GOBP_POSITIVE_REGULATION_OF_OSSIFICATION	GOBP_POSITIVE_REGULATION_OF_OSSIFICATION		51	0.4011727	0.8080377	0.7275495	0.850242	1.0	2426	tags=25%, list=15%, signal=30%	
GOBP_COENZYME_A_METABOLIC_PROCESS	GOBP_COENZYME_A_METABOLIC_PROCESS		18	0.4475539	0.80802435	0.7092084	0.8499926	1.0	3438	tags=28%, list=21%, signal=35%	
GOBP_ESTROGEN_METABOLIC_PROCESS	GOBP_ESTROGEN_METABOLIC_PROCESS		23	0.44187066	0.8079867	0.7012384	0.8497851	1.0	1355	tags=13%, list=8%, signal=14%	
GOBP_POSITIVE_REGULATION_OF_WNT_SIGNALING_PATHWAY	GOBP_POSITIVE_REGULATION_OF_WNT_SIGNALING_PATHWAY		147	0.37050152	0.8074787	0.7363897	0.85038805	1.0	1967	tags=20%, list=12%, signal=23%	
GOBP_DNA_REPLICATION	GOBP_DNA_REPLICATION		295	0.3557358	0.8072187	0.7742382	0.8505453	1.0	3434	tags=22%, list=21%, signal=27%	
GOBP_REGULATION_OF_CELL_CYCLE_CHECKPOINT	GOBP_REGULATION_OF_CELL_CYCLE_CHECKPOINT		56	0.3959847	0.8070047	0.7236842	0.8506364	1.0	446	tags=7%, list=3%, signal=7%	
GOBP_REGULATION_OF_ARP2_3_COMPLEX_MEDIATED_ACTIN_NUCLEATION	GOBP_REGULATION_OF_ARP2_3_COMPLEX_MEDIATED_ACTIN_NUCLEATION		28	0.41714582	0.8064471	0.72768533	0.85132796	1.0	3452	tags=43%, list=21%, signal=54%	
KEGG_NEUROACTIVE_LIGAND_RECEPTOR_INTERACTION	KEGG_NEUROACTIVE_LIGAND_RECEPTOR_INTERACTION		208	0.37230524	0.8062264	0.7337032	0.85141367	1.0	2950	tags=13%, list=18%, signal=16%	
GOBP_TUBE_FORMATION	GOBP_TUBE_FORMATION		141	0.3786902	0.80608886	0.7344173	0.8513751	1.0	1763	tags=18%, list=11%, signal=20%	
GOBP_SEGMENT_SPECIFICATION	GOBP_SEGMENT_SPECIFICATION		15	0.45596537	0.8056508	0.7231726	0.8518576	1.0	3375	tags=27%, list=21%, signal=34%	
KEGG_MEDICUS_PATHOGEN_HCMV_US28_TO_GNAQ_PLCB_G_CALCINEURIN_SIGNALING_PATHWAY	KEGG_MEDICUS_PATHOGEN_HCMV_US28_TO_GNAQ_PLCB_G_CALCINEURIN_SIGNALING_PATHWAY		18	0.44783944	0.80524176	0.7235099	0.8523131	1.0	1641	tags=28%, list=10%, signal=31%	
KEGG_MEDICUS_REFERENCE_CXCR4_GNB_G_PLCB_PKC_SIGNALING_PATHWAY	KEGG_MEDICUS_REFERENCE_CXCR4_GNB_G_PLCB_PKC_SIGNALING_PATHWAY		28	0.4333226	0.804921	0.711811	0.85258865	1.0	798	tags=14%, list=5%, signal=15%	
GOBP_REGULATION_OF_CANONICAL_WNT_SIGNALING_PATHWAY	GOBP_REGULATION_OF_CANONICAL_WNT_SIGNALING_PATHWAY		251	0.3646226	0.8049119	0.7574932	0.85232735	1.0	1373	tags=12%, list=8%, signal=13%	
GOBP_SENSORY_PERCEPTION_OF_TEMPERATURE_STIMULUS	GOBP_SENSORY_PERCEPTION_OF_TEMPERATURE_STIMULUS		30	0.415231	0.8048301	0.7177542	0.8521922	1.0	1851	tags=10%, list=11%, signal=11%	
GOBP_REGULATION_OF_NUCLEOCYTOPLASMIC_TRANSPORT	GOBP_REGULATION_OF_NUCLEOCYTOPLASMIC_TRANSPORT		108	0.37286252	0.8047261	0.73623186	0.8520989	1.0	1384	tags=20%, list=9%, signal=22%	
GOBP_SPERMATID_NUCLEUS_DIFFERENTIATION	GOBP_SPERMATID_NUCLEUS_DIFFERENTIATION		17	0.44829586	0.80469716	0.72195125	0.8518777	1.0	1268	tags=18%, list=8%, signal=19%	
GOBP_XENOBIOTIC_METABOLIC_PROCESS	GOBP_XENOBIOTIC_METABOLIC_PROCESS		72	0.38571176	0.8046307	0.7349043	0.85173416	1.0	3472	tags=25%, list=21%, signal=32%	
GOBP_LONG_CHAIN_FATTY_ACYL_COA_BIOSYNTHETIC_PROCESS	GOBP_LONG_CHAIN_FATTY_ACYL_COA_BIOSYNTHETIC_PROCESS		17	0.4464342	0.80405194	0.7136223	0.85244566	1.0	2091	tags=29%, list=13%, signal=34%	
GOBP_REGULATION_OF_FIBROBLAST_MIGRATION	GOBP_REGULATION_OF_FIBROBLAST_MIGRATION		36	0.42011684	0.80386335	0.7401216	0.85248226	1.0	2565	tags=36%, list=16%, signal=43%	
GOBP_LIPID_IMPORT_INTO_CELL	GOBP_LIPID_IMPORT_INTO_CELL		18	0.45105466	0.8037949	0.7368421	0.8523297	1.0	2403	tags=39%, list=15%, signal=46%	
GOBP_EMBRYO_IMPLANTATION	GOBP_EMBRYO_IMPLANTATION		55	0.39673793	0.803793	0.7394469	0.85205966	1.0	803	tags=13%, list=5%, signal=13%	
GEMMA_GSE109315_GENE_EXPRESSION_ANALYSIS_OF_MOUSE_BRAIN_REGIONS_AFTER_CHRONIC_SOCIAL_DEFEAT_STRESS_(CSDS)_STRAIN_C57BL.6CRL_UP	GEMMA_GSE109315_GENE_EXPRESSION_ANALYSIS_OF_MOUSE_BRAIN_REGIONS_AFTER_CHRONIC_SOCIAL_DEFEAT_STRESS_(CSDS)_STRAIN_C57BL.6CRL_UP		494	0.35387242	0.80363995	0.80402684	0.8520487	1.0	1855	tags=13%, list=11%, signal=14%	
GOBP_RESPONSE_TO_NITRIC_OXIDE	GOBP_RESPONSE_TO_NITRIC_OXIDE		21	0.4402048	0.80353075	0.70189273	0.85196257	1.0	1341	tags=19%, list=8%, signal=21%	
GOBP_ANTERIOR_POSTERIOR_PATTERN_SPECIFICATION	GOBP_ANTERIOR_POSTERIOR_PATTERN_SPECIFICATION		154	0.3631319	0.803369	0.75301206	0.85196906	1.0	2379	tags=18%, list=15%, signal=20%	
GEMMA_GSE10415_7_BRAIN_REGIONS_IN_20_INBRED_STRAINS_OF_LABORATORY_MICE_STRAINORLINE_BTBR.MOUSE_DOWN	GEMMA_GSE10415_7_BRAIN_REGIONS_IN_20_INBRED_STRAINS_OF_LABORATORY_MICE_STRAINORLINE_BTBR.MOUSE_DOWN		95	0.37914667	0.80282885	0.7496444	0.8526225	1.0	2064	tags=11%, list=13%, signal=12%	
GOBP_REGULATION_OF_RECEPTOR_LOCALIZATION_TO_SYNAPSE	GOBP_REGULATION_OF_RECEPTOR_LOCALIZATION_TO_SYNAPSE		30	0.4234664	0.8025906	0.6989247	0.85274523	1.0	2074	tags=27%, list=13%, signal=31%	
GOBP_POSITIVE_REGULATION_OF_PROTEIN_SERINE_THREONINE_KINASE_ACTIVITY	GOBP_POSITIVE_REGULATION_OF_PROTEIN_SERINE_THREONINE_KINASE_ACTIVITY		49	0.40082678	0.8019787	0.7244582	0.85351634	1.0	2310	tags=18%, list=14%, signal=21%	
GOBP_BLOOD_VESSEL_REMODELING	GOBP_BLOOD_VESSEL_REMODELING		42	0.40340182	0.80163085	0.7344461	0.8538547	1.0	1199	tags=14%, list=7%, signal=15%	
GOBP_RENAL_SYSTEM_PROCESS	GOBP_RENAL_SYSTEM_PROCESS		113	0.3753819	0.8012895	0.73362446	0.85417044	1.0	827	tags=9%, list=5%, signal=9%	
CAFFAREL_RESPONSE_TO_THC_DN	CAFFAREL_RESPONSE_TO_THC_DN		30	0.42759216	0.8010267	0.7268446	0.8543489	1.0	446	tags=13%, list=3%, signal=14%	
GOBP_RESPONSE_TO_ALKALOID	GOBP_RESPONSE_TO_ALKALOID		93	0.38900506	0.8008541	0.7326733	0.8543664	1.0	1754	tags=15%, list=11%, signal=17%	
GOBP_REGULATION_OF_PROTEIN_LOCALIZATION_TO_CELL_SURFACE	GOBP_REGULATION_OF_PROTEIN_LOCALIZATION_TO_CELL_SURFACE		41	0.4045326	0.8008232	0.73025334	0.85414314	1.0	2237	tags=32%, list=14%, signal=37%	
GOBP_PROTEASOMAL_UBIQUITIN_INDEPENDENT_PROTEIN_CATABOLIC_PROCESS	GOBP_PROTEASOMAL_UBIQUITIN_INDEPENDENT_PROTEIN_CATABOLIC_PROCESS		19	0.44787762	0.80050933	0.72376543	0.8543937	1.0	543	tags=16%, list=3%, signal=16%	
KEGG_MEDICUS_REFERENCE_TLR2_4_MAPK_SIGNALING_PATHWAY	KEGG_MEDICUS_REFERENCE_TLR2_4_MAPK_SIGNALING_PATHWAY		26	0.42877972	0.800236	0.73322934	0.85457635	1.0	4550	tags=58%, list=28%, signal=80%	
LEIN_MEDULLA_MARKERS	LEIN_MEDULLA_MARKERS		77	0.38556427	0.79974186	0.7583213	0.85515404	1.0	1345	tags=12%, list=8%, signal=13%	
GOBP_RESPONSE_TO_FORSKOLIN	GOBP_RESPONSE_TO_FORSKOLIN		17	0.44657844	0.79968303	0.72873193	0.8549756	1.0	2707	tags=24%, list=17%, signal=28%	
GOBP_MELANOCYTE_DIFFERENTIATION	GOBP_MELANOCYTE_DIFFERENTIATION		23	0.43436122	0.79888123	0.7082067	0.8560822	1.0	1732	tags=17%, list=11%, signal=19%	
GOBP_REGULATION_OF_PROTEIN_LOCALIZATION_TO_NUCLEUS	GOBP_REGULATION_OF_PROTEIN_LOCALIZATION_TO_NUCLEUS		139	0.3676494	0.7988266	0.77545327	0.8559023	1.0	1283	tags=17%, list=8%, signal=18%	
GOBP_LOCOMOTORY_BEHAVIOR	GOBP_LOCOMOTORY_BEHAVIOR		197	0.36378604	0.79734707	0.77856135	0.8581987	1.0	979	tags=10%, list=6%, signal=10%	
GOBP_MICROVILLUS_ORGANIZATION	GOBP_MICROVILLUS_ORGANIZATION		22	0.43259656	0.7972651	0.71472394	0.85805994	1.0	581	tags=18%, list=4%, signal=19%	
GOBP_MITOTIC_SISTER_CHROMATID_SEPARATION	GOBP_MITOTIC_SISTER_CHROMATID_SEPARATION		70	0.39280042	0.79704094	0.7574893	0.85817075	1.0	1558	tags=11%, list=10%, signal=13%	
GOBP_LOW_DENSITY_LIPOPROTEIN_PARTICLE_CLEARANCE	GOBP_LOW_DENSITY_LIPOPROTEIN_PARTICLE_CLEARANCE		20	0.44666877	0.7968901	0.7368421	0.85815865	1.0	1411	tags=25%, list=9%, signal=27%	
GOBP_SULFUR_COMPOUND_METABOLIC_PROCESS	GOBP_SULFUR_COMPOUND_METABOLIC_PROCESS		235	0.35935423	0.79670304	0.8002853	0.85820526	1.0	3321	tags=22%, list=20%, signal=27%	
GOBP_HEART_GROWTH	GOBP_HEART_GROWTH		72	0.3889707	0.79647124	0.74105865	0.8583433	1.0	2440	tags=25%, list=15%, signal=29%	
GOBP_EPITHELIAL_CELL_CELL_ADHESION	GOBP_EPITHELIAL_CELL_CELL_ADHESION		15	0.45446926	0.7949424	0.7575277	0.8606309	1.0	1814	tags=33%, list=11%, signal=37%	
KEGG_PROPANOATE_METABOLISM	KEGG_PROPANOATE_METABOLISM		30	0.41821235	0.79410547	0.73919755	0.8617726	1.0	2863	tags=30%, list=18%, signal=36%	
GOBP_STRIATED_MUSCLE_CELL_APOPTOTIC_PROCESS	GOBP_STRIATED_MUSCLE_CELL_APOPTOTIC_PROCESS		39	0.4081571	0.7940785	0.73619634	0.86154056	1.0	504	tags=10%, list=3%, signal=11%	
GOBP_POSITIVE_REGULATION_OF_SPINDLE_CHECKPOINT	GOBP_POSITIVE_REGULATION_OF_SPINDLE_CHECKPOINT		21	0.43533573	0.7938058	0.7447496	0.8617311	1.0	1558	tags=19%, list=10%, signal=21%	
GOBP_PROTEIN_ACYLATION	GOBP_PROTEIN_ACYLATION		63	0.3935932	0.79274493	0.7592593	0.8632395	1.0	3471	tags=32%, list=21%, signal=40%	
KEGG_ONE_CARBON_POOL_BY_FOLATE	KEGG_ONE_CARBON_POOL_BY_FOLATE		17	0.4533286	0.79228896	0.72265023	0.8637675	1.0	2718	tags=29%, list=17%, signal=35%	
GOBP_NEGATIVE_REGULATION_OF_MRNA_PROCESSING	GOBP_NEGATIVE_REGULATION_OF_MRNA_PROCESSING		35	0.40662098	0.7917391	0.7323308	0.86440796	1.0	2744	tags=26%, list=17%, signal=31%	
GEMMA_GSE10415_7_BRAIN_REGIONS_IN_20_INBRED_STRAINS_OF_LABORATORY_MICE_STRAINORLINE_SWR.J_DOWN	GEMMA_GSE10415_7_BRAIN_REGIONS_IN_20_INBRED_STRAINS_OF_LABORATORY_MICE_STRAINORLINE_SWR.J_DOWN		53	0.3859899	0.791105	0.77522933	0.8652014	1.0	3776	tags=36%, list=23%, signal=47%	
GOBP_NEGATIVE_REGULATION_OF_EXOCYTOSIS	GOBP_NEGATIVE_REGULATION_OF_EXOCYTOSIS		37	0.4025548	0.79034257	0.7224736	0.86623555	1.0	1374	tags=16%, list=8%, signal=18%	
MARTORIATI_MDM4_TARGETS_NEUROEPITHELIUM_UP	MARTORIATI_MDM4_TARGETS_NEUROEPITHELIUM_UP		135	0.36618516	0.7896853	0.7866848	0.8670602	1.0	2191	tags=18%, list=13%, signal=20%	
GOBP_RESPONSE_TO_GAMMA_RADIATION	GOBP_RESPONSE_TO_GAMMA_RADIATION		52	0.38996452	0.78922904	0.75446427	0.8675543	1.0	1284	tags=17%, list=8%, signal=19%	
GOBP_REGULATION_OF_CILIUM_ASSEMBLY	GOBP_REGULATION_OF_CILIUM_ASSEMBLY		102	0.37640595	0.78877443	0.76293105	0.8680549	1.0	2025	tags=17%, list=12%, signal=19%	
GOBP_TYPE_B_PANCREATIC_CELL_DEVELOPMENT	GOBP_TYPE_B_PANCREATIC_CELL_DEVELOPMENT		20	0.43444967	0.7886555	0.74418604	0.867983	1.0	2508	tags=30%, list=15%, signal=35%	
GOBP_NEGATIVE_REGULATION_OF_DEVELOPMENTAL_GROWTH	GOBP_NEGATIVE_REGULATION_OF_DEVELOPMENTAL_GROWTH		86	0.38303122	0.788566	0.7762963	0.8678502	1.0	1870	tags=17%, list=11%, signal=20%	
GOBP_DETECTION_OF_LIGHT_STIMULUS	GOBP_DETECTION_OF_LIGHT_STIMULUS		44	0.39989728	0.7880679	0.74512744	0.86841303	1.0	2583	tags=16%, list=16%, signal=19%	
GOBP_REGULATION_OF_VESICLE_SIZE	GOBP_REGULATION_OF_VESICLE_SIZE		17	0.44359547	0.7876037	0.7324159	0.8688975	1.0	1035	tags=18%, list=6%, signal=19%	
KEGG_GLYCEROLIPID_METABOLISM	KEGG_GLYCEROLIPID_METABOLISM		42	0.397596	0.7871722	0.73893803	0.86930966	1.0	1065	tags=10%, list=7%, signal=10%	
GOBP_VASCULOGENESIS	GOBP_VASCULOGENESIS		76	0.37757203	0.78659564	0.7691218	0.86997324	1.0	1003	tags=14%, list=6%, signal=15%	
GOBP_D_GLUCOSE_IMPORT	GOBP_D_GLUCOSE_IMPORT		62	0.39198548	0.7863129	0.7496296	0.87018186	1.0	2191	tags=26%, list=13%, signal=30%	
GOBP_MITOTIC_G2_DNA_DAMAGE_CHECKPOINT_SIGNALING	GOBP_MITOTIC_G2_DNA_DAMAGE_CHECKPOINT_SIGNALING		36	0.4055417	0.7855502	0.7688752	0.8711767	1.0	3876	tags=31%, list=24%, signal=40%	
GOBP_REGULATION_OF_CARTILAGE_DEVELOPMENT	GOBP_REGULATION_OF_CARTILAGE_DEVELOPMENT		66	0.37900504	0.7839457	0.77458394	0.87347627	1.0	514	tags=6%, list=3%, signal=6%	
HALLMARK_FATTY_ACID_METABOLISM	HALLMARK_FATTY_ACID_METABOLISM		144	0.35576463	0.7838257	0.78107345	0.8733759	1.0	2551	tags=22%, list=16%, signal=25%	
ZHONG_PFC_C2_UNKNOWN_NPC	ZHONG_PFC_C2_UNKNOWN_NPC		68	0.38424876	0.7838166	0.7664756	0.8731137	1.0	2509	tags=15%, list=15%, signal=17%	
GOBP_PROTEIN_K6_LINKED_UBIQUITINATION	GOBP_PROTEIN_K6_LINKED_UBIQUITINATION		15	0.44798082	0.783537	0.72292995	0.87331474	1.0	2088	tags=20%, list=13%, signal=23%	
GOBP_NEGATIVE_REGULATION_OF_PROTEOLYSIS	GOBP_NEGATIVE_REGULATION_OF_PROTEOLYSIS		114	0.36347288	0.782634	0.78335726	0.8745556	1.0	1456	tags=16%, list=9%, signal=17%	
FAN_EMBRYONIC_CTX_NSC_1	FAN_EMBRYONIC_CTX_NSC_1		15	0.4456454	0.78200823	0.75559103	0.8753017	1.0	683	tags=20%, list=4%, signal=21%	
GOBP_AMINOGLYCAN_CATABOLIC_PROCESS	GOBP_AMINOGLYCAN_CATABOLIC_PROCESS		20	0.4316181	0.7807626	0.7511664	0.8770469	1.0	231	tags=10%, list=1%, signal=10%	
GOBP_ENDOTHELIAL_CELL_DIFFERENTIATION	GOBP_ENDOTHELIAL_CELL_DIFFERENTIATION		107	0.3665353	0.7800917	0.7854077	0.87790805	1.0	1999	tags=24%, list=12%, signal=28%	
KEGG_MEDICUS_PATHOGEN_KSHV_VGPCR_TO_GNB_G_PI3K_JNK_SIGNALING_PATHWAY	KEGG_MEDICUS_PATHOGEN_KSHV_VGPCR_TO_GNB_G_PI3K_JNK_SIGNALING_PATHWAY		25	0.41787392	0.77944165	0.7564297	0.8786918	1.0	1245	tags=20%, list=8%, signal=22%	
GOBP_STRIATED_MUSCLE_CELL_PROLIFERATION	GOBP_STRIATED_MUSCLE_CELL_PROLIFERATION		63	0.38429058	0.77907056	0.7687688	0.87899935	1.0	2901	tags=29%, list=18%, signal=35%	
GOBP_MITOTIC_METAPHASE_CHROMOSOME_ALIGNMENT	GOBP_MITOTIC_METAPHASE_CHROMOSOME_ALIGNMENT		63	0.37604135	0.7789632	0.76866764	0.87890095	1.0	1993	tags=14%, list=12%, signal=16%	
GOBP_REGULATION_OF_CATECHOLAMINE_METABOLIC_PROCESS	GOBP_REGULATION_OF_CATECHOLAMINE_METABOLIC_PROCESS		18	0.4244865	0.77871126	0.75444263	0.87904215	1.0	2134	tags=28%, list=13%, signal=32%	
GOBP_NEGATIVE_REGULATION_OF_PROTEIN_LOCALIZATION_TO_MEMBRANE	GOBP_NEGATIVE_REGULATION_OF_PROTEIN_LOCALIZATION_TO_MEMBRANE		30	0.41439712	0.77835715	0.77675843	0.87934476	1.0	1284	tags=17%, list=8%, signal=18%	
GOBP_TYPE_B_PANCREATIC_CELL_DIFFERENTIATION	GOBP_TYPE_B_PANCREATIC_CELL_DIFFERENTIATION		23	0.41849828	0.7779045	0.7627907	0.8797768	1.0	2508	tags=26%, list=15%, signal=31%	
GOBP_REGULATION_OF_INTRACELLULAR_PROTEIN_TRANSPORT	GOBP_REGULATION_OF_INTRACELLULAR_PROTEIN_TRANSPORT		146	0.35980776	0.77765924	0.7826685	0.87987816	1.0	2592	tags=27%, list=16%, signal=32%	
GOBP_REGULATION_OF_MACROPHAGE_MIGRATION	GOBP_REGULATION_OF_MACROPHAGE_MIGRATION		42	0.39354426	0.7775159	0.74886537	0.8798252	1.0	438	tags=12%, list=3%, signal=12%	
GOBP_POSITIVE_REGULATION_OF_INTERLEUKIN_4_PRODUCTION	GOBP_POSITIVE_REGULATION_OF_INTERLEUKIN_4_PRODUCTION		25	0.4209718	0.777239	0.77020603	0.88000953	1.0	2854	tags=32%, list=18%, signal=39%	
KEGG_FATTY_ACID_METABOLISM	KEGG_FATTY_ACID_METABOLISM		35	0.39817402	0.77713996	0.76514035	0.8798907	1.0	2405	tags=26%, list=15%, signal=30%	
GOBP_CANONICAL_WNT_SIGNALING_PATHWAY	GOBP_CANONICAL_WNT_SIGNALING_PATHWAY		302	0.34682482	0.77705115	0.8046448	0.87975186	1.0	1373	tags=10%, list=8%, signal=11%	
GEMMA_GSE10415_7_BRAIN_REGIONS_IN_20_INBRED_STRAINS_OF_LABORATORY_MICE_STRAINORLINE_PWD_DOWN	GEMMA_GSE10415_7_BRAIN_REGIONS_IN_20_INBRED_STRAINS_OF_LABORATORY_MICE_STRAINORLINE_PWD_DOWN		362	0.35512987	0.77676827	0.8041958	0.8799538	1.0	2973	tags=17%, list=18%, signal=20%	
KEGG_MEDICUS_REFERENCE_REGULATION_OF_GF_RTK_RAS_ERK_SIGNALING_PTP	KEGG_MEDICUS_REFERENCE_REGULATION_OF_GF_RTK_RAS_ERK_SIGNALING_PTP		19	0.42403084	0.7767318	0.75	0.87972987	1.0	3089	tags=37%, list=19%, signal=45%	
GOBP_ACROSOME_ASSEMBLY	GOBP_ACROSOME_ASSEMBLY		27	0.4193427	0.7766165	0.762997	0.8796304	1.0	3443	tags=22%, list=21%, signal=28%	
GOBP_RESPONSE_TO_AXON_INJURY	GOBP_RESPONSE_TO_AXON_INJURY		72	0.37713477	0.7754731	0.7721894	0.8811542	1.0	1441	tags=19%, list=9%, signal=21%	
GOBP_RETINA_LAYER_FORMATION	GOBP_RETINA_LAYER_FORMATION		23	0.4216714	0.774646	0.7484756	0.8821938	1.0	2211	tags=17%, list=14%, signal=20%	
GOBP_CELL_REDOX_HOMEOSTASIS	GOBP_CELL_REDOX_HOMEOSTASIS		44	0.39416456	0.774471	0.7724551	0.8822113	1.0	1276	tags=16%, list=8%, signal=17%	
KEGG_MEDICUS_REFERENCE_CRHR_PKA_ACTH_SIGNALING_PATHWAY	KEGG_MEDICUS_REFERENCE_CRHR_PKA_ACTH_SIGNALING_PATHWAY		23	0.4156808	0.77433497	0.7574803	0.882152	1.0	1292	tags=17%, list=8%, signal=19%	
GOBP_CARDIAC_VENTRICLE_DEVELOPMENT	GOBP_CARDIAC_VENTRICLE_DEVELOPMENT		115	0.36542755	0.7731099	0.78299123	0.8838762	1.0	2440	tags=24%, list=15%, signal=28%	
GOBP_POSITIVE_REGULATION_OF_CHROMOSOME_SEPARATION	GOBP_POSITIVE_REGULATION_OF_CHROMOSOME_SEPARATION		32	0.40088135	0.7729355	0.77190334	0.8838792	1.0	3815	tags=34%, list=23%, signal=45%	
GOBP_POSITIVE_REGULATION_OF_INTRACELLULAR_TRANSPORT	GOBP_POSITIVE_REGULATION_OF_INTRACELLULAR_TRANSPORT		144	0.35669655	0.772389	0.80349344	0.8844874	1.0	1788	tags=19%, list=11%, signal=21%	
GOBP_NEGATIVE_REGULATION_OF_MUSCLE_CELL_DIFFERENTIATION	GOBP_NEGATIVE_REGULATION_OF_MUSCLE_CELL_DIFFERENTIATION		61	0.38274303	0.7718675	0.787172	0.8850758	1.0	1887	tags=21%, list=12%, signal=24%	
KEGG_GLYCEROPHOSPHOLIPID_METABOLISM	KEGG_GLYCEROPHOSPHOLIPID_METABOLISM		70	0.3659082	0.7717937	0.7824773	0.88491756	1.0	2627	tags=19%, list=16%, signal=22%	
PARK_2011_COEXPRESSION_HIPPOCAMPUS_MOUSE_STEELBLUE	PARK_2011_COEXPRESSION_HIPPOCAMPUS_MOUSE_STEELBLUE		43	0.38869068	0.77158105	0.761076	0.8849881	1.0	1933	tags=19%, list=12%, signal=21%	
GOBP_REGULATION_OF_DNA_TEMPLATED_TRANSCRIPTION_ELONGATION	GOBP_REGULATION_OF_DNA_TEMPLATED_TRANSCRIPTION_ELONGATION		103	0.37187457	0.7712716	0.7877013	0.88521546	1.0	2648	tags=22%, list=16%, signal=27%	
GOBP_TELOMERE_CAPPING	GOBP_TELOMERE_CAPPING		27	0.40417963	0.7699737	0.78246754	0.8870878	1.0	1123	tags=7%, list=7%, signal=8%	
GOBP_ENTRAINMENT_OF_CIRCADIAN_CLOCK	GOBP_ENTRAINMENT_OF_CIRCADIAN_CLOCK		25	0.42237756	0.7693567	0.7527048	0.88782793	1.0	2138	tags=24%, list=13%, signal=28%	
LE_NEURONAL_DIFFERENTIATION_UP	LE_NEURONAL_DIFFERENTIATION_UP		18	0.43577975	0.7692221	0.7918623	0.8877555	1.0	311	tags=11%, list=2%, signal=11%	
DESCARTES_MAIN_FETAL_LIMBIC_SYSTEM_NEURONS	DESCARTES_MAIN_FETAL_LIMBIC_SYSTEM_NEURONS		17	0.4287789	0.76909983	0.75792986	0.8876713	1.0	4842	tags=24%, list=30%, signal=33%	
GOBP_ENDOCYTIC_RECYCLING	GOBP_ENDOCYTIC_RECYCLING		103	0.35731092	0.76907027	0.8011445	0.88744134	1.0	2616	tags=25%, list=16%, signal=30%	
GOBP_REGULATION_OF_SENSORY_PERCEPTION	GOBP_REGULATION_OF_SENSORY_PERCEPTION		18	0.4243771	0.769003	0.7793427	0.8872694	1.0	3127	tags=39%, list=19%, signal=48%	
PARK_2011_COEXPRESSION_HIPPOCAMPUS_MOUSE_DARKOLIVEGREEN	PARK_2011_COEXPRESSION_HIPPOCAMPUS_MOUSE_DARKOLIVEGREEN		27	0.41219386	0.7687566	0.75232196	0.8873987	1.0	1119	tags=22%, list=7%, signal=24%	
GOBP_RETROGRADE_TRANSPORT_ENDOSOME_TO_GOLGI	GOBP_RETROGRADE_TRANSPORT_ENDOSOME_TO_GOLGI		98	0.36214778	0.7686956	0.81551975	0.887227	1.0	2429	tags=23%, list=15%, signal=27%	
GOBP_PHOSPHATIDYLINOSITOL_DEPHOSPHORYLATION	GOBP_PHOSPHATIDYLINOSITOL_DEPHOSPHORYLATION		25	0.41865784	0.76834464	0.75236595	0.8875267	1.0	3142	tags=32%, list=19%, signal=40%	
GRAY_2014_FORCEDSWIMSTRESS_DOWNREGULATED_HC	GRAY_2014_FORCEDSWIMSTRESS_DOWNREGULATED_HC		64	0.37573147	0.76775503	0.76453054	0.8881997	1.0	1710	tags=17%, list=11%, signal=19%	
GOBP_POSITIVE_REGULATION_OF_TRANSLATION	GOBP_POSITIVE_REGULATION_OF_TRANSLATION		126	0.3587818	0.7671255	0.7855114	0.88892496	1.0	1229	tags=13%, list=8%, signal=14%	
KEGG_ARGININE_AND_PROLINE_METABOLISM	KEGG_ARGININE_AND_PROLINE_METABOLISM		47	0.38087133	0.7668116	0.78837556	0.8891412	1.0	2154	tags=30%, list=13%, signal=34%	
GOBP_REGULATION_OF_ATTACHMENT_OF_SPINDLE_MICROTUBULES_TO_KINETOCHORE	GOBP_REGULATION_OF_ATTACHMENT_OF_SPINDLE_MICROTUBULES_TO_KINETOCHORE		22	0.42310983	0.76657194	0.7740916	0.8892523	1.0	1866	tags=18%, list=11%, signal=21%	
GOBP_MITOTIC_G2_M_TRANSITION_CHECKPOINT	GOBP_MITOTIC_G2_M_TRANSITION_CHECKPOINT		55	0.37587687	0.7659721	0.79256964	0.88993055	1.0	3876	tags=25%, list=24%, signal=33%	
GOBP_REGULATION_OF_LAMELLIPODIUM_ORGANIZATION	GOBP_REGULATION_OF_LAMELLIPODIUM_ORGANIZATION		51	0.37902996	0.7658241	0.7914831	0.8899008	1.0	2279	tags=31%, list=14%, signal=36%	
GOBP_RESPONSE_TO_RADIATION	GOBP_RESPONSE_TO_RADIATION		387	0.34364307	0.7657649	0.8158254	0.88972014	1.0	1846	tags=15%, list=11%, signal=16%	
KEGG_MEDICUS_REFERENCE_GHRHR_PKA_GH_SIGNALING_PATHWAY	KEGG_MEDICUS_REFERENCE_GHRHR_PKA_GH_SIGNALING_PATHWAY		21	0.41804948	0.76524574	0.7669753	0.8902535	1.0	1292	tags=19%, list=8%, signal=21%	
GOBP_VESICLE_COATING	GOBP_VESICLE_COATING		36	0.391992	0.7650203	0.7892377	0.89033586	1.0	3037	tags=33%, list=19%, signal=41%	
GOBP_POSITIVE_REGULATION_OF_CELL_SUBSTRATE_ADHESION	GOBP_POSITIVE_REGULATION_OF_CELL_SUBSTRATE_ADHESION		114	0.3574376	0.76485974	0.82608694	0.8903183	1.0	1584	tags=22%, list=10%, signal=24%	
GOBP_NEGATIVE_REGULATION_OF_REGULATED_SECRETORY_PATHWAY	GOBP_NEGATIVE_REGULATION_OF_REGULATED_SECRETORY_PATHWAY		25	0.4058257	0.76474386	0.76407915	0.8902186	1.0	3242	tags=36%, list=20%, signal=45%	
DESCARTES_FETAL_CEREBRUM_LIMBIC_SYSTEM_NEURONS	DESCARTES_FETAL_CEREBRUM_LIMBIC_SYSTEM_NEURONS		17	0.4287789	0.7645768	0.7627907	0.8901995	1.0	4842	tags=24%, list=30%, signal=33%	
GOBP_NEGATIVE_REGULATION_OF_PROTEOLYSIS_INVOLVED_IN_PROTEIN_CATABOLIC_PROCESS	GOBP_NEGATIVE_REGULATION_OF_PROTEOLYSIS_INVOLVED_IN_PROTEIN_CATABOLIC_PROCESS		73	0.3682753	0.7645194	0.7955224	0.89001197	1.0	1456	tags=18%, list=9%, signal=19%	
GOBP_REGULATION_OF_HEART_RATE	GOBP_REGULATION_OF_HEART_RATE		94	0.3651291	0.7640582	0.8198198	0.89048564	1.0	1652	tags=13%, list=10%, signal=14%	
GOBP_CARDIAC_CHAMBER_MORPHOGENESIS	GOBP_CARDIAC_CHAMBER_MORPHOGENESIS		116	0.3556581	0.7638	0.8031609	0.89062667	1.0	2101	tags=18%, list=13%, signal=21%	
GOBP_RENAL_SYSTEM_PROCESS_INVOLVED_IN_REGULATION_OF_SYSTEMIC_ARTERIAL_BLOOD_PRESSURE	GOBP_RENAL_SYSTEM_PROCESS_INVOLVED_IN_REGULATION_OF_SYSTEMIC_ARTERIAL_BLOOD_PRESSURE		23	0.41405678	0.7635738	0.76176023	0.89071065	1.0	2504	tags=26%, list=15%, signal=31%	
GOBP_REGULATION_OF_NEURON_PROJECTION_REGENERATION	GOBP_REGULATION_OF_NEURON_PROJECTION_REGENERATION		28	0.40332484	0.7622919	0.7969925	0.8924846	1.0	2493	tags=36%, list=15%, signal=42%	
GEMMA_GSE14269_TRANSGENERATIONAL_EPIGENETIC_PROGRAMMING_OF_THE_BRAIN_TRANSCRIPTOME_AND_ANXIETY_BEHAVIOR_ENVIRONMENTAL_HISTORY_VINCLOZOLIN_UP	GEMMA_GSE14269_TRANSGENERATIONAL_EPIGENETIC_PROGRAMMING_OF_THE_BRAIN_TRANSCRIPTOME_AND_ANXIETY_BEHAVIOR_ENVIRONMENTAL_HISTORY_VINCLOZOLIN_UP		19	0.41938686	0.76225847	0.7875969	0.8922613	1.0	3303	tags=42%, list=20%, signal=53%	
GOBP_TRANSCRIPTION_ELONGATION_BY_RNA_POLYMERASE_II	GOBP_TRANSCRIPTION_ELONGATION_BY_RNA_POLYMERASE_II		132	0.34949556	0.76180536	0.83687943	0.892667	1.0	2648	tags=20%, list=16%, signal=24%	
MANNO_MIDBRAIN_NEUROTYPES_HPROGFPL	MANNO_MIDBRAIN_NEUROTYPES_HPROGFPL		285	0.3402725	0.760622	0.8393352	0.8942393	1.0	2891	tags=18%, list=18%, signal=22%	
GOBP_MITOTIC_DNA_INTEGRITY_CHECKPOINT_SIGNALING	GOBP_MITOTIC_DNA_INTEGRITY_CHECKPOINT_SIGNALING		75	0.36631128	0.7605749	0.7927928	0.8940316	1.0	3876	tags=24%, list=24%, signal=31%	
GOBP_NEGATIVE_REGULATION_OF_SYSTEMIC_ARTERIAL_BLOOD_PRESSURE	GOBP_NEGATIVE_REGULATION_OF_SYSTEMIC_ARTERIAL_BLOOD_PRESSURE		20	0.42275396	0.75929606	0.79262674	0.8957583	1.0	3486	tags=25%, list=21%, signal=32%	
GOBP_SNRNA_TRANSCRIPTION_BY_RNA_POLYMERASE_II	GOBP_SNRNA_TRANSCRIPTION_BY_RNA_POLYMERASE_II		15	0.42418677	0.7590844	0.78145695	0.8958199	1.0	3761	tags=33%, list=23%, signal=43%	
GOBP_ADULT_BEHAVIOR	GOBP_ADULT_BEHAVIOR		140	0.35319299	0.75891984	0.84039545	0.8957983	1.0	2081	tags=21%, list=13%, signal=24%	
GOBP_ENTRAINMENT_OF_CIRCADIAN_CLOCK_BY_PHOTOPERIOD	GOBP_ENTRAINMENT_OF_CIRCADIAN_CLOCK_BY_PHOTOPERIOD		21	0.4098911	0.75891215	0.7828843	0.8955362	1.0	2138	tags=24%, list=13%, signal=27%	
GOBP_BASE_EXCISION_REPAIR	GOBP_BASE_EXCISION_REPAIR		47	0.3829303	0.7588268	0.8098918	0.89538866	1.0	1204	tags=11%, list=7%, signal=11%	
KEGG_MEDICUS_VARIANT_MUTATION_ACTIVATED_GNAS_TO_CRHR_PKA_ACTH_SIGNALING_PATHWAY	KEGG_MEDICUS_VARIANT_MUTATION_ACTIVATED_GNAS_TO_CRHR_PKA_ACTH_SIGNALING_PATHWAY		21	0.4170495	0.75878316	0.75911254	0.8951814	1.0	1292	tags=19%, list=8%, signal=21%	
GOBP_EPITHELIAL_TUBE_MORPHOGENESIS	GOBP_EPITHELIAL_TUBE_MORPHOGENESIS		298	0.33827975	0.7586421	0.85382515	0.89512193	1.0	2015	tags=19%, list=12%, signal=21%	
GOBP_3_UTR_MEDIATED_MRNA_STABILIZATION	GOBP_3_UTR_MEDIATED_MRNA_STABILIZATION		23	0.4192796	0.75837356	0.7662539	0.895287	1.0	2815	tags=35%, list=17%, signal=42%	
GOBP_SPINAL_CORD_MOTOR_NEURON_DIFFERENTIATION	GOBP_SPINAL_CORD_MOTOR_NEURON_DIFFERENTIATION		21	0.41202518	0.7579929	0.79210925	0.8956128	1.0	3570	tags=33%, list=22%, signal=43%	
GOBP_NEGATIVE_REGULATION_OF_EPITHELIAL_TO_MESENCHYMAL_TRANSITION	GOBP_NEGATIVE_REGULATION_OF_EPITHELIAL_TO_MESENCHYMAL_TRANSITION		36	0.39211866	0.7577486	0.77984494	0.89572	1.0	2226	tags=22%, list=14%, signal=26%	
GOBP_IRON_ION_TRANSMEMBRANE_TRANSPORT	GOBP_IRON_ION_TRANSMEMBRANE_TRANSPORT		22	0.4111309	0.75761694	0.7835703	0.8956498	1.0	3763	tags=45%, list=23%, signal=59%	
GOBP_ENDOCRINE_SYSTEM_DEVELOPMENT	GOBP_ENDOCRINE_SYSTEM_DEVELOPMENT		101	0.35457137	0.75751096	0.83284026	0.8955409	1.0	2737	tags=28%, list=17%, signal=33%	
GOBP_RESPONSE_TO_LIGHT_STIMULUS	GOBP_RESPONSE_TO_LIGHT_STIMULUS		278	0.34013146	0.75710815	0.87381274	0.8958821	1.0	1834	tags=15%, list=11%, signal=16%	
GOBP_REGULATION_OF_TRANSMEMBRANE_RECEPTOR_PROTEIN_SERINE_THREONINE_KINASE_SIGNALING_PATHWAY	GOBP_REGULATION_OF_TRANSMEMBRANE_RECEPTOR_PROTEIN_SERINE_THREONINE_KINASE_SIGNALING_PATHWAY		257	0.34002578	0.75700325	0.88037634	0.8957691	1.0	1671	tags=13%, list=10%, signal=15%	
GOBP_ESTABLISHMENT_OF_PROTEIN_LOCALIZATION_TO_MITOCHONDRION	GOBP_ESTABLISHMENT_OF_PROTEIN_LOCALIZATION_TO_MITOCHONDRION		119	0.34918374	0.7568716	0.84637266	0.895688	1.0	2440	tags=20%, list=15%, signal=24%	
GOBP_POSITIVE_REGULATION_OF_B_CELL_DIFFERENTIATION	GOBP_POSITIVE_REGULATION_OF_B_CELL_DIFFERENTIATION		15	0.42536297	0.7566946	0.75911254	0.89568913	1.0	2095	tags=20%, list=13%, signal=23%	
GOBP_GENITALIA_DEVELOPMENT	GOBP_GENITALIA_DEVELOPMENT		33	0.397697	0.75629646	0.7929448	0.89603055	1.0	2641	tags=36%, list=16%, signal=43%	
GOBP_POSITIVE_REGULATION_OF_CELL_CYCLE_G2_M_PHASE_TRANSITION	GOBP_POSITIVE_REGULATION_OF_CELL_CYCLE_G2_M_PHASE_TRANSITION		28	0.39708918	0.75617677	0.79133224	0.8959311	1.0	2320	tags=18%, list=14%, signal=21%	
GOBP_GOLGI_TO_PLASMA_MEMBRANE_TRANSPORT	GOBP_GOLGI_TO_PLASMA_MEMBRANE_TRANSPORT		65	0.37380502	0.7558524	0.8140556	0.8961776	1.0	2924	tags=29%, list=18%, signal=35%	
GOBP_METALLO_SULFUR_CLUSTER_ASSEMBLY	GOBP_METALLO_SULFUR_CLUSTER_ASSEMBLY		27	0.3999566	0.75567424	0.77022654	0.8961762	1.0	405	tags=7%, list=2%, signal=8%	
KEGG_MEDICUS_REFERENCE_TSH_TG_SIGNALING_PATHWAY	KEGG_MEDICUS_REFERENCE_TSH_TG_SIGNALING_PATHWAY		25	0.40589562	0.7550748	0.7795031	0.8968419	1.0	1292	tags=16%, list=8%, signal=17%	
GOBP_ENDOCRINE_PANCREAS_DEVELOPMENT	GOBP_ENDOCRINE_PANCREAS_DEVELOPMENT		33	0.39126828	0.7548497	0.785061	0.8969115	1.0	2508	tags=21%, list=15%, signal=25%	
GOBP_POSITIVE_REGULATION_OF_MEMBRANE_PERMEABILITY	GOBP_POSITIVE_REGULATION_OF_MEMBRANE_PERMEABILITY		39	0.38243425	0.75475067	0.7820122	0.89679265	1.0	2440	tags=26%, list=15%, signal=30%	
GOBP_REGULATION_OF_CILIUM_MOVEMENT	GOBP_REGULATION_OF_CILIUM_MOVEMENT		33	0.38940716	0.75461435	0.7842262	0.8967273	1.0	515	tags=3%, list=3%, signal=3%	
GOBP_POSTSYNAPTIC_SPECIALIZATION_ORGANIZATION	GOBP_POSTSYNAPTIC_SPECIALIZATION_ORGANIZATION		58	0.37306362	0.75437826	0.79941005	0.89681405	1.0	1895	tags=31%, list=12%, signal=35%	
GOBP_ROOF_OF_MOUTH_DEVELOPMENT	GOBP_ROOF_OF_MOUTH_DEVELOPMENT		85	0.35706857	0.75405866	0.8389956	0.8970314	1.0	2862	tags=20%, list=18%, signal=24%	
GOBP_CELLULAR_RESPONSE_TO_VITAMIN_D	GOBP_CELLULAR_RESPONSE_TO_VITAMIN_D		21	0.4114604	0.7540284	0.77503854	0.896806	1.0	1541	tags=19%, list=9%, signal=21%	
GOBP_NEGATIVE_REGULATION_OF_NOTCH_SIGNALING_PATHWAY	GOBP_NEGATIVE_REGULATION_OF_NOTCH_SIGNALING_PATHWAY		37	0.38927457	0.7539242	0.816944	0.896687	1.0	2231	tags=19%, list=14%, signal=22%	
GOBP_PROTEIN_AUTOPROCESSING	GOBP_PROTEIN_AUTOPROCESSING		20	0.4087441	0.7537939	0.7837423	0.8966135	1.0	3094	tags=30%, list=19%, signal=37%	
GOBP_PEPTIDYL_LYSINE_MODIFICATION	GOBP_PEPTIDYL_LYSINE_MODIFICATION		113	0.35610938	0.75358915	0.83522725	0.8966558	1.0	1959	tags=17%, list=12%, signal=19%	
GOBP_RESPONSE_TO_ETHER	GOBP_RESPONSE_TO_ETHER		18	0.41390237	0.7531454	0.7869362	0.8970617	1.0	1234	tags=28%, list=8%, signal=30%	
GOBP_ALPHA_AMINO_ACID_BIOSYNTHETIC_PROCESS	GOBP_ALPHA_AMINO_ACID_BIOSYNTHETIC_PROCESS		52	0.37431866	0.7524236	0.7993921	0.8979092	1.0	1266	tags=13%, list=8%, signal=15%	
HALLMARK_DNA_REPAIR	HALLMARK_DNA_REPAIR		142	0.345415	0.7523488	0.8530997	0.8977411	1.0	2175	tags=11%, list=13%, signal=13%	
PARK_2011_COEXPRESSION_HIPPOCAMPUS_MOUSE_DARKTURQUOISE	PARK_2011_COEXPRESSION_HIPPOCAMPUS_MOUSE_DARKTURQUOISE		90	0.3607101	0.7522855	0.82738096	0.89756244	1.0	1987	tags=20%, list=12%, signal=23%	
GOBP_POSITIVE_REGULATION_OF_TRANSMEMBRANE_RECEPTOR_PROTEIN_SERINE_THREONINE_KINASE_SIGNALING_PATHWAY	GOBP_POSITIVE_REGULATION_OF_TRANSMEMBRANE_RECEPTOR_PROTEIN_SERINE_THREONINE_KINASE_SIGNALING_PATHWAY		97	0.35891286	0.752082	0.8480463	0.897594	1.0	1671	tags=18%, list=10%, signal=19%	
GOBP_NEGATIVE_REGULATION_OF_GLYCOPROTEIN_METABOLIC_PROCESS	GOBP_NEGATIVE_REGULATION_OF_GLYCOPROTEIN_METABOLIC_PROCESS		15	0.43055	0.75127214	0.7519623	0.89858454	1.0	1353	tags=20%, list=8%, signal=22%	
GOBP_POSITIVE_REGULATION_OF_ERAD_PATHWAY	GOBP_POSITIVE_REGULATION_OF_ERAD_PATHWAY		18	0.41509008	0.7511299	0.7877358	0.89851993	1.0	1456	tags=17%, list=9%, signal=18%	
GOBP_POSTSYNAPTIC_DENSITY_ORGANIZATION	GOBP_POSTSYNAPTIC_DENSITY_ORGANIZATION		49	0.37083623	0.7505811	0.7915452	0.89906484	1.0	1895	tags=31%, list=12%, signal=35%	
GOBP_PHOSPHOLIPID_BIOSYNTHETIC_PROCESS	GOBP_PHOSPHOLIPID_BIOSYNTHETIC_PROCESS		241	0.34344625	0.7505588	0.8464674	0.89882106	1.0	2700	tags=20%, list=17%, signal=24%	
GOBP_INNER_EAR_AUDITORY_RECEPTOR_CELL_DIFFERENTIATION	GOBP_INNER_EAR_AUDITORY_RECEPTOR_CELL_DIFFERENTIATION		43	0.36904383	0.7500261	0.78656715	0.8993541	1.0	1840	tags=14%, list=11%, signal=16%	
GOBP_REGULATION_OF_CARDIAC_MUSCLE_CELL_DIFFERENTIATION	GOBP_REGULATION_OF_CARDIAC_MUSCLE_CELL_DIFFERENTIATION		15	0.4305834	0.74985933	0.78651685	0.899341	1.0	1874	tags=13%, list=12%, signal=15%	
GOBP_OSTEOBLAST_DEVELOPMENT	GOBP_OSTEOBLAST_DEVELOPMENT		15	0.43948612	0.74942666	0.7875	0.89972335	1.0	2707	tags=27%, list=17%, signal=32%	
GOBP_AGGREPHAGY	GOBP_AGGREPHAGY		15	0.42496637	0.74881554	0.76692915	0.90039724	1.0	2222	tags=27%, list=14%, signal=31%	
GOBP_REGULATION_OF_POSTSYNAPTIC_SPECIALIZATION_ASSEMBLY	GOBP_REGULATION_OF_POSTSYNAPTIC_SPECIALIZATION_ASSEMBLY		20	0.40343636	0.74861914	0.7904	0.90042824	1.0	1441	tags=25%, list=9%, signal=27%	
GOBP_REGULATION_OF_CHONDROCYTE_DIFFERENTIATION	GOBP_REGULATION_OF_CHONDROCYTE_DIFFERENTIATION		49	0.37432298	0.74861604	0.8076923	0.90015626	1.0	514	tags=6%, list=3%, signal=6%	
GOBP_REGULATION_OF_DNA_TEMPLATED_TRANSCRIPTION_INITIATION	GOBP_REGULATION_OF_DNA_TEMPLATED_TRANSCRIPTION_INITIATION		83	0.36099282	0.74782497	0.84248555	0.9010903	1.0	1968	tags=20%, list=12%, signal=23%	
GOBP_POSITIVE_REGULATION_OF_CELL_CYCLE_CHECKPOINT	GOBP_POSITIVE_REGULATION_OF_CELL_CYCLE_CHECKPOINT		27	0.39522704	0.74768597	0.7735849	0.9010302	1.0	1558	tags=15%, list=10%, signal=16%	
SHARMA_PILOCYTIC_ASTROCYTOMA_LOCATION_UP	SHARMA_PILOCYTIC_ASTROCYTOMA_LOCATION_UP		23	0.40240982	0.7474004	0.8053492	0.901178	1.0	470	tags=9%, list=3%, signal=9%	
GOBP_SUBSTRATE_DEPENDENT_CELL_MIGRATION	GOBP_SUBSTRATE_DEPENDENT_CELL_MIGRATION		29	0.39757022	0.74727315	0.80668604	0.90110165	1.0	842	tags=17%, list=5%, signal=18%	
GOBP_RESPONSE_TO_PLATELET_DERIVED_GROWTH_FACTOR	GOBP_RESPONSE_TO_PLATELET_DERIVED_GROWTH_FACTOR		27	0.40230927	0.74717873	0.8199357	0.9009643	1.0	1425	tags=19%, list=9%, signal=20%	
KEGG_MEDICUS_REFERENCE_CONDENSIN_LOADING	KEGG_MEDICUS_REFERENCE_CONDENSIN_LOADING		20	0.4117357	0.7469334	0.7673667	0.9010606	1.0	3450	tags=30%, list=21%, signal=38%	
GOBP_MITOTIC_NUCLEAR_DIVISION	GOBP_MITOTIC_NUCLEAR_DIVISION		273	0.33288467	0.74674404	0.884253	0.901091	1.0	1995	tags=14%, list=12%, signal=15%	
GOBP_PROTEIN_LOCALIZATION_TO_CHROMOSOME_CENTROMERIC_REGION	GOBP_PROTEIN_LOCALIZATION_TO_CHROMOSOME_CENTROMERIC_REGION		24	0.40788224	0.7458022	0.7974882	0.9022753	1.0	3815	tags=29%, list=23%, signal=38%	
GOBP_SCF_DEPENDENT_PROTEASOMAL_UBIQUITIN_DEPENDENT_PROTEIN_CATABOLIC_PROCESS	GOBP_SCF_DEPENDENT_PROTEASOMAL_UBIQUITIN_DEPENDENT_PROTEIN_CATABOLIC_PROCESS		79	0.35793322	0.7452311	0.84402335	0.9028411	1.0	4464	tags=34%, list=27%, signal=47%	
GOBP_FEMALE_MEIOTIC_NUCLEAR_DIVISION	GOBP_FEMALE_MEIOTIC_NUCLEAR_DIVISION		38	0.37910154	0.74456894	0.7936267	0.9035555	1.0	2433	tags=21%, list=15%, signal=25%	
"GEMMA_GSE139684_TRANSCRIPTIONAL_PROFILING_OF_ASTROCYTES_IN_THE_PREFRONTAL_CORTEX,_HIPPOCAMPUS,_ACCUMBENS_NUCLEUS_AND_CAUDATE_PUTAMEN_OF_A_ALDH1L1-TRAP_(JD130)_MOUSE_LINE_AFTER_CHRONIC_SOCIAL_DEFEAT_STRESS_TREATMENT_NON.FRAGILE_UP"	"GEMMA_GSE139684_TRANSCRIPTIONAL_PROFILING_OF_ASTROCYTES_IN_THE_PREFRONTAL_CORTEX,_HIPPOCAMPUS,_ACCUMBENS_NUCLEUS_AND_CAUDATE_PUTAMEN_OF_A_ALDH1L1-TRAP_(JD130)_MOUSE_LINE_AFTER_CHRONIC_SOCIAL_DEFEAT_STRESS_TREATMENT_NON.FRAGILE_UP"		362	0.33044508	0.7441531	0.8831522	0.9038919	1.0	1088	tags=7%, list=7%, signal=7%	
GOBP_NEURONAL_STEM_CELL_POPULATION_MAINTENANCE	GOBP_NEURONAL_STEM_CELL_POPULATION_MAINTENANCE		22	0.40460667	0.74401224	0.79389316	0.90382236	1.0	4635	tags=45%, list=29%, signal=63%	
GOBP_PLASMA_MEMBRANE_PHOSPHOLIPID_SCRAMBLING	GOBP_PLASMA_MEMBRANE_PHOSPHOLIPID_SCRAMBLING		27	0.39090466	0.74333996	0.7952	0.90459055	1.0	1505	tags=11%, list=9%, signal=12%	
GOBP_REGULATION_OF_PROTEIN_NEDDYLATION	GOBP_REGULATION_OF_PROTEIN_NEDDYLATION		16	0.41667834	0.7426248	0.80091184	0.90540725	1.0	254	tags=6%, list=2%, signal=6%	
KEGG_MEDICUS_REFERENCE_CARDIAC_TYPE_VGCC_RYR_SIGNALING	KEGG_MEDICUS_REFERENCE_CARDIAC_TYPE_VGCC_RYR_SIGNALING		20	0.40823692	0.7423571	0.78840125	0.90553313	1.0	3914	tags=35%, list=24%, signal=46%	
GOBP_NEGATIVE_REGULATION_OF_RHO_PROTEIN_SIGNAL_TRANSDUCTION	GOBP_NEGATIVE_REGULATION_OF_RHO_PROTEIN_SIGNAL_TRANSDUCTION		21	0.40867275	0.7423412	0.8096	0.905283	1.0	1904	tags=24%, list=12%, signal=27%	
GOBP_CELLULAR_RESPONSE_TO_ALCOHOL	GOBP_CELLULAR_RESPONSE_TO_ALCOHOL		96	0.3537655	0.742283	0.82848835	0.9050926	1.0	1781	tags=19%, list=11%, signal=21%	
GOBP_REGULATION_OF_PROTEIN_EXPORT_FROM_NUCLEUS	GOBP_REGULATION_OF_PROTEIN_EXPORT_FROM_NUCLEUS		33	0.38601795	0.7422335	0.80181545	0.90489155	1.0	1182	tags=18%, list=7%, signal=20%	
GOBP_PLACENTA_BLOOD_VESSEL_DEVELOPMENT	GOBP_PLACENTA_BLOOD_VESSEL_DEVELOPMENT		32	0.38104743	0.74198127	0.80031204	0.90499836	1.0	1502	tags=13%, list=9%, signal=14%	
KEGG_RETINOL_METABOLISM	KEGG_RETINOL_METABOLISM		25	0.38998637	0.74152625	0.8006329	0.9053904	1.0	1209	tags=8%, list=7%, signal=9%	
BLAVERI_2010_FLINDERSSENSITIVELINE_UPREGULATED_HC	BLAVERI_2010_FLINDERSSENSITIVELINE_UPREGULATED_HC		259	0.33500537	0.7414384	0.89693594	0.9052389	1.0	2184	tags=17%, list=13%, signal=19%	
GOBP_INNER_EAR_RECEPTOR_CELL_DEVELOPMENT	GOBP_INNER_EAR_RECEPTOR_CELL_DEVELOPMENT		49	0.37280595	0.7411214	0.8003003	0.9054543	1.0	1819	tags=12%, list=11%, signal=14%	
GOBP_AUTOPHAGOSOME_LYSOSOME_FUSION	GOBP_AUTOPHAGOSOME_LYSOSOME_FUSION		21	0.41719177	0.7410111	0.81671554	0.905342	1.0	3575	tags=29%, list=22%, signal=37%	
GOBP_DNA_DOUBLE_STRAND_BREAK_PROCESSING	GOBP_DNA_DOUBLE_STRAND_BREAK_PROCESSING		16	0.42324755	0.74091476	0.8170543	0.9052071	1.0	4485	tags=38%, list=28%, signal=52%	
GOBP_GOLGI_TO_PLASMA_MEMBRANE_PROTEIN_TRANSPORT	GOBP_GOLGI_TO_PLASMA_MEMBRANE_PROTEIN_TRANSPORT		41	0.3725941	0.7408057	0.8054299	0.9051022	1.0	1431	tags=15%, list=9%, signal=16%	
GOBP_EMBRYONIC_EPITHELIAL_TUBE_FORMATION	GOBP_EMBRYONIC_EPITHELIAL_TUBE_FORMATION		118	0.3444032	0.7401793	0.8476052	0.9057742	1.0	2536	tags=25%, list=16%, signal=29%	
GRATIAS_RETINOBLASTOMA_16Q24	GRATIAS_RETINOBLASTOMA_16Q24		18	0.4136041	0.7401501	0.7939297	0.9055403	1.0	503	tags=11%, list=3%, signal=11%	
DROPVIZ_STR_INTERNEURON_PVALB_TH_PNOC_CLUSTER-MARKERS.CSV	DROPVIZ_STR_INTERNEURON_PVALB_TH_PNOC_CLUSTER-MARKERS.CSV		47	0.36663702	0.73935604	0.8185907	0.9064604	1.0	2634	tags=19%, list=16%, signal=23%	
JOHNSON_2016_COEXPRESSION_HIPPOCAMPUS_HUMAN_M20	JOHNSON_2016_COEXPRESSION_HIPPOCAMPUS_HUMAN_M20		363	0.32532564	0.739104	0.8990043	0.9065288	1.0	2272	tags=21%, list=14%, signal=23%	
GOBP_DIOL_METABOLIC_PROCESS	GOBP_DIOL_METABOLIC_PROCESS		29	0.38803798	0.7388536	0.8269525	0.9066096	1.0	764	tags=10%, list=5%, signal=11%	
GOBP_NEGATIVE_REGULATION_OF_INTERLEUKIN_6_PRODUCTION	GOBP_NEGATIVE_REGULATION_OF_INTERLEUKIN_6_PRODUCTION		36	0.38079023	0.73861223	0.80407524	0.9067086	1.0	1894	tags=22%, list=12%, signal=25%	
GOBP_DICARBOXYLIC_ACID_METABOLIC_PROCESS	GOBP_DICARBOXYLIC_ACID_METABOLIC_PROCESS		85	0.34866944	0.73846054	0.84963506	0.9066617	1.0	1326	tags=13%, list=8%, signal=14%	
GOBP_ENTEROENDOCRINE_CELL_DIFFERENTIATION	GOBP_ENTEROENDOCRINE_CELL_DIFFERENTIATION		26	0.3958787	0.7382212	0.806015	0.90673065	1.0	2508	tags=23%, list=15%, signal=27%	
GOBP_ENDOTHELIUM_DEVELOPMENT	GOBP_ENDOTHELIUM_DEVELOPMENT		132	0.3495086	0.7378193	0.85348505	0.9070422	1.0	1999	tags=22%, list=12%, signal=25%	
GOBP_REGULATION_OF_POSTSYNAPTIC_DENSITY_ASSEMBLY	GOBP_REGULATION_OF_POSTSYNAPTIC_DENSITY_ASSEMBLY		16	0.41554448	0.73772854	0.8047619	0.906903	1.0	1441	tags=19%, list=9%, signal=21%	
GOBP_PROTEIN_ACTIVATION_CASCADE	GOBP_PROTEIN_ACTIVATION_CASCADE		25	0.39588258	0.73691803	0.80370945	0.9077812	1.0	1521	tags=20%, list=9%, signal=22%	
GOBP_CILIUM_MOVEMENT	GOBP_CILIUM_MOVEMENT		218	0.33387843	0.736609	0.8770718	0.90797114	1.0	784	tags=3%, list=5%, signal=3%	
ZHONG_PFC_C1_NEUROD1_POS_EXCITATORY_NEURON	ZHONG_PFC_C1_NEUROD1_POS_EXCITATORY_NEURON		26	0.3985844	0.73646855	0.8237952	0.90793365	1.0	3897	tags=38%, list=24%, signal=51%	
GOBP_SNRNA_TRANSCRIPTION	GOBP_SNRNA_TRANSCRIPTION		18	0.41347003	0.73587316	0.8031496	0.9085219	1.0	3828	tags=33%, list=24%, signal=44%	
GOBP_POSITIVE_REGULATION_OF_CELLULAR_RESPONSE_TO_TRANSFORMING_GROWTH_FACTOR_BETA_STIMULUS	GOBP_POSITIVE_REGULATION_OF_CELLULAR_RESPONSE_TO_TRANSFORMING_GROWTH_FACTOR_BETA_STIMULUS		31	0.39087114	0.7353756	0.8187404	0.9089626	1.0	1520	tags=26%, list=9%, signal=28%	
GOBP_LIPID_MODIFICATION	GOBP_LIPID_MODIFICATION		163	0.33816856	0.73500854	0.8583691	0.909221	1.0	2873	tags=17%, list=18%, signal=21%	
GOBP_SEX_DIFFERENTIATION	GOBP_SEX_DIFFERENTIATION		213	0.3349592	0.73493314	0.87042254	0.9090618	1.0	2641	tags=23%, list=16%, signal=27%	
GOBP_RETROGRADE_VESICLE_MEDIATED_TRANSPORT_GOLGI_TO_ENDOPLASMIC_RETICULUM	GOBP_RETROGRADE_VESICLE_MEDIATED_TRANSPORT_GOLGI_TO_ENDOPLASMIC_RETICULUM		51	0.36809143	0.734495	0.83136094	0.9094154	1.0	1445	tags=14%, list=9%, signal=15%	
GOBP_MEMBRANE_REPOLARIZATION_DURING_VENTRICULAR_CARDIAC_MUSCLE_CELL_ACTION_POTENTIAL	GOBP_MEMBRANE_REPOLARIZATION_DURING_VENTRICULAR_CARDIAC_MUSCLE_CELL_ACTION_POTENTIAL		15	0.41144037	0.7340355	0.79937303	0.90981597	1.0	1511	tags=13%, list=9%, signal=15%	
GOBP_CELL_PROLIFERATION_INVOLVED_IN_KIDNEY_DEVELOPMENT	GOBP_CELL_PROLIFERATION_INVOLVED_IN_KIDNEY_DEVELOPMENT		18	0.40857938	0.7338469	0.787037	0.90981114	1.0	1684	tags=17%, list=10%, signal=19%	
GOBP_POSITIVE_REGULATION_OF_BLOOD_VESSEL_ENDOTHELIAL_CELL_MIGRATION	GOBP_POSITIVE_REGULATION_OF_BLOOD_VESSEL_ENDOTHELIAL_CELL_MIGRATION		58	0.35923162	0.73379415	0.83109117	0.9096059	1.0	1411	tags=19%, list=9%, signal=21%	
GOBP_INNER_MITOCHONDRIAL_MEMBRANE_ORGANIZATION	GOBP_INNER_MITOCHONDRIAL_MEMBRANE_ORGANIZATION		43	0.36490735	0.73375005	0.8373494	0.90939194	1.0	1368	tags=12%, list=8%, signal=13%	
GOBP_ESTABLISHMENT_OF_ENDOTHELIAL_INTESTINAL_BARRIER	GOBP_ESTABLISHMENT_OF_ENDOTHELIAL_INTESTINAL_BARRIER		15	0.4150099	0.73373383	0.78056425	0.9091379	1.0	2755	tags=40%, list=17%, signal=48%	
GOBP_NEGATIVE_REGULATION_OF_PROTEIN_BINDING	GOBP_NEGATIVE_REGULATION_OF_PROTEIN_BINDING		22	0.40128204	0.73334795	0.80401236	0.9094315	1.0	1093	tags=14%, list=7%, signal=15%	
GOBP_GLIAL_CELL_APOPTOTIC_PROCESS	GOBP_GLIAL_CELL_APOPTOTIC_PROCESS		15	0.41733932	0.73321295	0.810687	0.90936	1.0	3815	tags=60%, list=23%, signal=78%	
MANNO_MIDBRAIN_NEUROTYPES_HNBM	MANNO_MIDBRAIN_NEUROTYPES_HNBM		241	0.33266464	0.73298806	0.8926554	0.9093919	1.0	1692	tags=12%, list=10%, signal=14%	
GOBP_PEPTIDYL_CYSTEINE_MODIFICATION	GOBP_PEPTIDYL_CYSTEINE_MODIFICATION		18	0.40525457	0.73174685	0.8028617	0.91094524	1.0	1718	tags=17%, list=11%, signal=19%	
GOBP_EMBRYONIC_APPENDAGE_MORPHOGENESIS	GOBP_EMBRYONIC_APPENDAGE_MORPHOGENESIS		110	0.34287176	0.7317244	0.8468336	0.91069615	1.0	2865	tags=22%, list=18%, signal=26%	
GOBP_VIRAL_TRANSLATION	GOBP_VIRAL_TRANSLATION		21	0.40659794	0.73058957	0.7971474	0.9120619	1.0	100	tags=5%, list=1%, signal=5%	
GOBP_VITAMIN_TRANSMEMBRANE_TRANSPORT	GOBP_VITAMIN_TRANSMEMBRANE_TRANSPORT		16	0.41374257	0.72932225	0.80097085	0.91361636	1.0	2403	tags=25%, list=15%, signal=29%	
GEMMA_GSE73798_MOLECULAR_PROFILE_OF_KETAMINE_IN_COMPARISON_TO_MEMANTINE_AND_PHENCYCLIDYNE_AND_OTHER_PSYCHOTROPIC_DRUGS_[MOUSE_HIPPOCAMPUS]_TREATMENT_5.MG.KG_PHENCYCLIDINE_UP	GEMMA_GSE73798_MOLECULAR_PROFILE_OF_KETAMINE_IN_COMPARISON_TO_MEMANTINE_AND_PHENCYCLIDYNE_AND_OTHER_PSYCHOTROPIC_DRUGS_[MOUSE_HIPPOCAMPUS]_TREATMENT_5.MG.KG_PHENCYCLIDINE_UP		20	0.40532774	0.72897094	0.8098918	0.9138532	1.0	2992	tags=35%, list=18%, signal=43%	
GOBP_REGULATION_OF_ORGAN_GROWTH	GOBP_REGULATION_OF_ORGAN_GROWTH		79	0.35190162	0.7280811	0.84388804	0.91485536	1.0	2815	tags=24%, list=17%, signal=29%	
GOBP_REGULATION_OF_CELL_CYCLE_G2_M_PHASE_TRANSITION	GOBP_REGULATION_OF_CELL_CYCLE_G2_M_PHASE_TRANSITION		112	0.34484816	0.7276056	0.85530084	0.91526383	1.0	2972	tags=17%, list=18%, signal=21%	
GOBP_COPII_COATED_VESICLE_BUDDING	GOBP_COPII_COATED_VESICLE_BUDDING		41	0.37239277	0.7274641	0.83692306	0.9151902	1.0	3443	tags=34%, list=21%, signal=43%	
GOBP_BONE_GROWTH	GOBP_BONE_GROWTH		35	0.37374774	0.7273739	0.8272171	0.9150435	1.0	1546	tags=11%, list=10%, signal=13%	
GOBP_AUDITORY_RECEPTOR_CELL_DEVELOPMENT	GOBP_AUDITORY_RECEPTOR_CELL_DEVELOPMENT		26	0.38375828	0.72734153	0.8125	0.9148162	1.0	1819	tags=15%, list=11%, signal=17%	
GOBP_NEGATIVE_REGULATION_OF_PRODUCTION_OF_MOLECULAR_MEDIATOR_OF_IMMUNE_RESPONSE	GOBP_NEGATIVE_REGULATION_OF_PRODUCTION_OF_MOLECULAR_MEDIATOR_OF_IMMUNE_RESPONSE		32	0.37902954	0.7266786	0.8068536	0.9154994	1.0	2449	tags=31%, list=15%, signal=37%	
KEGG_PROSTATE_CANCER	KEGG_PROSTATE_CANCER		82	0.34628198	0.7264612	0.8548148	0.91552633	1.0	2101	tags=28%, list=13%, signal=32%	
GOBP_ACTIVATED_T_CELL_PROLIFERATION	GOBP_ACTIVATED_T_CELL_PROLIFERATION		41	0.3691458	0.72617835	0.83067095	0.9156574	1.0	2113	tags=32%, list=13%, signal=36%	
GOBP_APOPTOTIC_PROCESS_INVOLVED_IN_MORPHOGENESIS	GOBP_APOPTOTIC_PROCESS_INVOLVED_IN_MORPHOGENESIS		24	0.38911384	0.72605354	0.8384491	0.91556907	1.0	1994	tags=17%, list=12%, signal=19%	
GOBP_SPHINGOSINE_1_PHOSPHATE_RECEPTOR_SIGNALING_PATHWAY	GOBP_SPHINGOSINE_1_PHOSPHATE_RECEPTOR_SIGNALING_PATHWAY		15	0.41157186	0.7256314	0.8043478	0.9159079	1.0	1010	tags=13%, list=6%, signal=14%	
GOBP_VESICLE_TETHERING	GOBP_VESICLE_TETHERING		32	0.3751164	0.7251915	0.8152174	0.9162526	1.0	2947	tags=31%, list=18%, signal=38%	
GOBP_RESCUE_OF_STALLED_RIBOSOME	GOBP_RESCUE_OF_STALLED_RIBOSOME		36	0.37219226	0.72501194	0.8376328	0.9162405	1.0	3408	tags=28%, list=21%, signal=35%	
GOBP_DOPAMINE_SECRETION	GOBP_DOPAMINE_SECRETION		24	0.38852435	0.7243331	0.8245342	0.91690856	1.0	1232	tags=17%, list=8%, signal=18%	
GOBP_PHOSPHATIDYLCHOLINE_METABOLIC_PROCESS	GOBP_PHOSPHATIDYLCHOLINE_METABOLIC_PROCESS		59	0.35835025	0.7242408	0.8483483	0.91676927	1.0	2027	tags=19%, list=12%, signal=21%	
GOBP_MUSCLE_CELL_APOPTOTIC_PROCESS	GOBP_MUSCLE_CELL_APOPTOTIC_PROCESS		71	0.35124087	0.7241333	0.86083215	0.91663945	1.0	2706	tags=25%, list=17%, signal=30%	
GOBP_SUBSTRATE_ADHESION_DEPENDENT_CELL_SPREADING	GOBP_SUBSTRATE_ADHESION_DEPENDENT_CELL_SPREADING		100	0.33867073	0.724062	0.8613569	0.9164759	1.0	2831	tags=34%, list=17%, signal=41%	
GOBP_NEGATIVE_REGULATION_OF_PROGRAMMED_NECROTIC_CELL_DEATH	GOBP_NEGATIVE_REGULATION_OF_PROGRAMMED_NECROTIC_CELL_DEATH		19	0.4028849	0.7238146	0.8240132	0.91652834	1.0	2607	tags=37%, list=16%, signal=44%	
GOBP_DEVELOPMENT_OF_PRIMARY_SEXUAL_CHARACTERISTICS	GOBP_DEVELOPMENT_OF_PRIMARY_SEXUAL_CHARACTERISTICS		179	0.3346392	0.723707	0.8770718	0.91640955	1.0	2095	tags=17%, list=13%, signal=19%	
GOBP_REGULATION_OF_EPITHELIAL_CELL_DIFFERENTIATION	GOBP_REGULATION_OF_EPITHELIAL_CELL_DIFFERENTIATION		121	0.3395876	0.72336113	0.8855072	0.9166106	1.0	2113	tags=22%, list=13%, signal=25%	
GOBP_NEGATIVE_REGULATION_OF_SMOOTHENED_SIGNALING_PATHWAY	GOBP_NEGATIVE_REGULATION_OF_SMOOTHENED_SIGNALING_PATHWAY		36	0.36818302	0.7226943	0.81913304	0.91723263	1.0	2764	tags=28%, list=17%, signal=33%	
GOBP_RESPONSE_TO_BMP	GOBP_RESPONSE_TO_BMP		148	0.32767642	0.72229135	0.8908046	0.91752577	1.0	2334	tags=19%, list=14%, signal=22%	
GOBP_PYRIMIDINE_CONTAINING_COMPOUND_METABOLIC_PROCESS	GOBP_PYRIMIDINE_CONTAINING_COMPOUND_METABOLIC_PROCESS		70	0.34716755	0.7221308	0.85672516	0.9174782	1.0	2354	tags=13%, list=14%, signal=15%	
GOBP_EPITHELIAL_TUBE_BRANCHING_INVOLVED_IN_LUNG_MORPHOGENESIS	GOBP_EPITHELIAL_TUBE_BRANCHING_INVOLVED_IN_LUNG_MORPHOGENESIS		28	0.37920448	0.7220678	0.8372093	0.9173027	1.0	1963	tags=21%, list=12%, signal=24%	
GOBP_OUTFLOW_TRACT_MORPHOGENESIS	GOBP_OUTFLOW_TRACT_MORPHOGENESIS		77	0.35019514	0.72202426	0.8592814	0.9170847	1.0	663	tags=9%, list=4%, signal=9%	
GOBP_ALDEHYDE_METABOLIC_PROCESS	GOBP_ALDEHYDE_METABOLIC_PROCESS		64	0.34988797	0.721709	0.8633093	0.9172397	1.0	2335	tags=20%, list=14%, signal=24%	
KEGG_MEDICUS_REFERENCE_COHESIN_DISSOCIATION_IN_PROPHASE	KEGG_MEDICUS_REFERENCE_COHESIN_DISSOCIATION_IN_PROPHASE		16	0.40675083	0.72151357	0.80031204	0.9172397	1.0	4010	tags=50%, list=25%, signal=66%	
GOBP_POSITIVE_REGULATION_OF_CELL_MIGRATION_INVOLVED_IN_SPROUTING_ANGIOGENESIS	GOBP_POSITIVE_REGULATION_OF_CELL_MIGRATION_INVOLVED_IN_SPROUTING_ANGIOGENESIS		23	0.39619714	0.72148037	0.8291139	0.9170108	1.0	1411	tags=17%, list=9%, signal=19%	
GOBP_DOUBLE_STRAND_BREAK_REPAIR_VIA_NONHOMOLOGOUS_END_JOINING	GOBP_DOUBLE_STRAND_BREAK_REPAIR_VIA_NONHOMOLOGOUS_END_JOINING		74	0.34518588	0.7214572	0.8842857	0.9167761	1.0	2185	tags=11%, list=13%, signal=12%	
GOBP_LYTIC_VACUOLE_ORGANIZATION	GOBP_LYTIC_VACUOLE_ORGANIZATION		114	0.32949725	0.72050506	0.89504373	0.9178548	1.0	2039	tags=20%, list=13%, signal=23%	
GOBP_VOCALIZATION_BEHAVIOR	GOBP_VOCALIZATION_BEHAVIOR		18	0.39600536	0.7199559	0.80123264	0.9183248	1.0	1200	tags=17%, list=7%, signal=18%	
MEISSNER_BRAIN_HCP_WITH_H3K4ME2_AND_H3K27ME3	MEISSNER_BRAIN_HCP_WITH_H3K4ME2_AND_H3K27ME3		44	0.3640071	0.71995324	0.8348624	0.9180552	1.0	1911	tags=9%, list=12%, signal=10%	
GOBP_PROTEIN_INSERTION_INTO_MEMBRANE	GOBP_PROTEIN_INSERTION_INTO_MEMBRANE		64	0.3528156	0.7197308	0.86925286	0.91810244	1.0	1509	tags=9%, list=9%, signal=10%	
GEMMA_GSE84302_RNA_SEQUENCING_TO_IDENTIFY_COMMON_TARGETS_FOR_GSK3_TREATMENT_10.UG.5.UL.NOSTRIL_SIRNA_KNOCKDOWN_GSK3B.MOUSE.GLYCOGEN.SYNTHASE.KINASE.3.BETA_UP	GEMMA_GSE84302_RNA_SEQUENCING_TO_IDENTIFY_COMMON_TARGETS_FOR_GSK3_TREATMENT_10.UG.5.UL.NOSTRIL_SIRNA_KNOCKDOWN_GSK3B.MOUSE.GLYCOGEN.SYNTHASE.KINASE.3.BETA_UP		69	0.34889936	0.719637	0.8427481	0.91795933	1.0	1193	tags=4%, list=7%, signal=5%	
GOBP_TRNA_DECAY	GOBP_TRNA_DECAY		16	0.40489858	0.7194315	0.82371294	0.9179616	1.0	3334	tags=25%, list=21%, signal=31%	
GOBP_MESODERM_DEVELOPMENT	GOBP_MESODERM_DEVELOPMENT		104	0.3395303	0.7192929	0.884058	0.91787535	1.0	2345	tags=17%, list=14%, signal=20%	
GOBP_POSITIVE_REGULATION_OF_CARTILAGE_DEVELOPMENT	GOBP_POSITIVE_REGULATION_OF_CARTILAGE_DEVELOPMENT		29	0.3748172	0.71913064	0.83053434	0.91782653	1.0	3942	tags=41%, list=24%, signal=55%	
GOBP_REGULATION_OF_OSTEOCLAST_DIFFERENTIATION	GOBP_REGULATION_OF_OSTEOCLAST_DIFFERENTIATION		61	0.36134	0.7187162	0.83433735	0.9181396	1.0	3494	tags=49%, list=21%, signal=62%	
HAY_BONE_MARROW_PRO_B	HAY_BONE_MARROW_PRO_B		260	0.32602513	0.7186964	0.8913044	0.9178913	1.0	1640	tags=14%, list=10%, signal=15%	
MANNO_MIDBRAIN_NEUROTYPES_HPROGBP	MANNO_MIDBRAIN_NEUROTYPES_HPROGBP		256	0.32358438	0.71776676	0.91865355	0.9189413	1.0	2811	tags=20%, list=17%, signal=24%	
GOBP_NEGATIVE_REGULATION_OF_FAT_CELL_DIFFERENTIATION	GOBP_NEGATIVE_REGULATION_OF_FAT_CELL_DIFFERENTIATION		55	0.356226	0.71713096	0.83812404	0.91951203	1.0	1184	tags=9%, list=7%, signal=10%	
GOBP_NEGATIVE_REGULATION_OF_JNK_CASCADE	GOBP_NEGATIVE_REGULATION_OF_JNK_CASCADE		33	0.37638873	0.7169711	0.84627575	0.9194548	1.0	2310	tags=30%, list=14%, signal=35%	
KIM_ALL_DISORDERS_CALB1_CORR_DN	KIM_ALL_DISORDERS_CALB1_CORR_DN		22	0.39245707	0.71634847	0.8416928	0.9200393	1.0	3082	tags=18%, list=19%, signal=22%	
GOBP_APICAL_JUNCTION_ASSEMBLY	GOBP_APICAL_JUNCTION_ASSEMBLY		54	0.35165223	0.7162706	0.8539823	0.9198737	1.0	1999	tags=24%, list=12%, signal=27%	
GOBP_AORTIC_VALVE_MORPHOGENESIS	GOBP_AORTIC_VALVE_MORPHOGENESIS		35	0.36899498	0.71557486	0.85099846	0.920545	1.0	1172	tags=14%, list=7%, signal=15%	
GOBP_MITOTIC_CYTOKINETIC_PROCESS	GOBP_MITOTIC_CYTOKINETIC_PROCESS		37	0.36838597	0.7150969	0.8176383	0.9209199	1.0	2811	tags=22%, list=17%, signal=26%	
GOBP_MALE_SEX_DIFFERENTIATION	GOBP_MALE_SEX_DIFFERENTIATION		124	0.33670452	0.7141988	0.8855072	0.92187226	1.0	2112	tags=21%, list=13%, signal=24%	
GOBP_MRNA_MODIFICATION	GOBP_MRNA_MODIFICATION		28	0.37913257	0.71352065	0.83975345	0.9225124	1.0	1998	tags=11%, list=12%, signal=12%	
GOBP_PHOTORECEPTOR_CELL_DEVELOPMENT	GOBP_PHOTORECEPTOR_CELL_DEVELOPMENT		47	0.36177182	0.7135143	0.8768997	0.9222478	1.0	3678	tags=21%, list=23%, signal=27%	
KEGG_MEDICUS_REFERENCE_TRAIP_DEPENDENT_REPLISOME_DISASSEMBLY	KEGG_MEDICUS_REFERENCE_TRAIP_DEPENDENT_REPLISOME_DISASSEMBLY		16	0.40523285	0.71315414	0.84076434	0.9224632	1.0	143	tags=6%, list=1%, signal=6%	
GOBP_CRISTAE_FORMATION	GOBP_CRISTAE_FORMATION		19	0.39858767	0.71242416	0.8322785	0.9231588	1.0	1368	tags=16%, list=8%, signal=17%	
GOBP_REGULATION_OF_TRANSMEMBRANE_TRANSPORTER_ACTIVITY	GOBP_REGULATION_OF_TRANSMEMBRANE_TRANSPORTER_ACTIVITY		86	0.33745903	0.7119454	0.88659793	0.9235425	1.0	1380	tags=10%, list=8%, signal=11%	
GOBP_ENDOPLASMIC_RETICULUM_TO_GOLGI_VESICLE_MEDIATED_TRANSPORT	GOBP_ENDOPLASMIC_RETICULUM_TO_GOLGI_VESICLE_MEDIATED_TRANSPORT		124	0.33047852	0.7119351	0.90568864	0.9232825	1.0	3443	tags=29%, list=21%, signal=37%	
GOBP_REGULATION_OF_MITOCHONDRIAL_OUTER_MEMBRANE_PERMEABILIZATION_INVOLVED_IN_APOPTOTIC_SIGNALING_PATHWAY	GOBP_REGULATION_OF_MITOCHONDRIAL_OUTER_MEMBRANE_PERMEABILIZATION_INVOLVED_IN_APOPTOTIC_SIGNALING_PATHWAY		21	0.3922981	0.71143293	0.8361669	0.92365503	1.0	1785	tags=24%, list=11%, signal=27%	
GOBP_NEGATIVE_REGULATION_OF_CD4_POSITIVE_ALPHA_BETA_T_CELL_ACTIVATION	GOBP_NEGATIVE_REGULATION_OF_CD4_POSITIVE_ALPHA_BETA_T_CELL_ACTIVATION		29	0.3715838	0.7104793	0.8449612	0.9246327	1.0	2522	tags=34%, list=16%, signal=41%	
"GEMMA_GSE8641_RNF41_IS_ASSOCIATED_WITH_ANXIETY_LIKE_BEHAVIOR,_MAJOR_DEPRESSION_AND_BETA_CARBOLINE_INDUCED_SEIZURE_-_GPL339_STRAINORLINE_A.J_UP"	"GEMMA_GSE8641_RNF41_IS_ASSOCIATED_WITH_ANXIETY_LIKE_BEHAVIOR,_MAJOR_DEPRESSION_AND_BETA_CARBOLINE_INDUCED_SEIZURE_-_GPL339_STRAINORLINE_A.J_UP"		33	0.3653925	0.70949197	0.86404836	0.9256599	1.0	1654	tags=24%, list=10%, signal=27%	
DESCARTES_FETAL_CEREBRUM_SKOR2_NPSR1_POSITIVE_CELLS	DESCARTES_FETAL_CEREBRUM_SKOR2_NPSR1_POSITIVE_CELLS		38	0.36727282	0.709238	0.84671533	0.9257329	1.0	995	tags=8%, list=6%, signal=8%	
KEGG_MEDICUS_VARIANT_MUTATION_ACTIVATED_FGFR3_TO_RAS_ERK_SIGNALING_PATHWAY	KEGG_MEDICUS_VARIANT_MUTATION_ACTIVATED_FGFR3_TO_RAS_ERK_SIGNALING_PATHWAY		15	0.40527123	0.7080687	0.83435583	0.9269864	1.0	2493	tags=40%, list=15%, signal=47%	
VERHAAK_GLIOBLASTOMA_NEURAL	VERHAAK_GLIOBLASTOMA_NEURAL		112	0.33005852	0.70804614	0.88209605	0.92674327	1.0	2231	tags=18%, list=14%, signal=21%	
KEGG_MEDICUS_REFERENCE_FGF_FGFR_PI3K_SIGNALING_PATHWAY	KEGG_MEDICUS_REFERENCE_FGF_FGFR_PI3K_SIGNALING_PATHWAY		22	0.3810274	0.70775497	0.8416	0.92685336	1.0	2342	tags=32%, list=14%, signal=37%	
GOBP_VASCULAR_ENDOTHELIAL_CELL_PROLIFERATION	GOBP_VASCULAR_ENDOTHELIAL_CELL_PROLIFERATION		20	0.3878459	0.70773065	0.83886254	0.9266072	1.0	1393	tags=25%, list=9%, signal=27%	
GOBP_THYROID_GLAND_DEVELOPMENT	GOBP_THYROID_GLAND_DEVELOPMENT		23	0.38842127	0.7064656	0.8482003	0.92797357	1.0	2659	tags=22%, list=16%, signal=26%	
GOBP_NEGATIVE_REGULATION_OF_MUSCLE_CELL_APOPTOTIC_PROCESS	GOBP_NEGATIVE_REGULATION_OF_MUSCLE_CELL_APOPTOTIC_PROCESS		40	0.3591326	0.70631003	0.8451128	0.9279037	1.0	3015	tags=33%, list=19%, signal=40%	
KEGG_MEDICUS_REFERENCE_TRANSCRIPTION_COUPLED_NER	KEGG_MEDICUS_REFERENCE_TRANSCRIPTION_COUPLED_NER		28	0.37199453	0.7060809	0.83492064	0.9279261	1.0	1164	tags=7%, list=7%, signal=8%	
GOBP_PULMONARY_VALVE_MORPHOGENESIS	GOBP_PULMONARY_VALVE_MORPHOGENESIS		19	0.38906732	0.7055135	0.8330733	0.92839515	1.0	2403	tags=21%, list=15%, signal=25%	
GEMMA_GSE30187_EXPRESSION_DATA_IN_THE_MOUSE_BRAIN_FOLLOWING_THE_GLUCOCORTICOID_RECEPTOR_OVEREXPRESSION_IN_THE_FOREBRAIN_(GROV)_DURING_DIFFERENT_PERIODS_IN_DEVELOPMENT_GENOTYPE_OVEREXPRESSION_NR3C1.MOUSE.NUCLEAR.RECEPTOR.SUBFAMILY.3.GROUP.C.MEMBER.1_DOWN	GEMMA_GSE30187_EXPRESSION_DATA_IN_THE_MOUSE_BRAIN_FOLLOWING_THE_GLUCOCORTICOID_RECEPTOR_OVEREXPRESSION_IN_THE_FOREBRAIN_(GROV)_DURING_DIFFERENT_PERIODS_IN_DEVELOPMENT_GENOTYPE_OVEREXPRESSION_NR3C1.MOUSE.NUCLEAR.RECEPTOR.SUBFAMILY.3.GROUP.C.MEMBER.1_DOWN		144	0.32487956	0.7045706	0.90909094	0.9293566	1.0	1739	tags=13%, list=11%, signal=14%	
GOBP_SULFUR_AMINO_ACID_BIOSYNTHETIC_PROCESS	GOBP_SULFUR_AMINO_ACID_BIOSYNTHETIC_PROCESS		15	0.39692673	0.7044144	0.8302181	0.9292717	1.0	2432	tags=13%, list=15%, signal=16%	
GOBP_REGULATION_OF_HEART_GROWTH	GOBP_REGULATION_OF_HEART_GROWTH		52	0.35141784	0.70239156	0.88490283	0.9316402	1.0	1776	tags=17%, list=11%, signal=19%	
GOBP_RNA_3_END_PROCESSING	GOBP_RNA_3_END_PROCESSING		95	0.33258748	0.7018215	0.9074074	0.9321005	1.0	4632	tags=37%, list=28%, signal=51%	
GOBP_EXTRACELLULAR_VESICLE_BIOGENESIS	GOBP_EXTRACELLULAR_VESICLE_BIOGENESIS		25	0.37319255	0.7014935	0.8454405	0.9322289	1.0	1791	tags=32%, list=11%, signal=36%	
GOBP_NEGATIVE_REGULATION_OF_CELL_CYCLE_G2_M_PHASE_TRANSITION	GOBP_NEGATIVE_REGULATION_OF_CELL_CYCLE_G2_M_PHASE_TRANSITION		73	0.33563602	0.7010003	0.8808824	0.9325623	1.0	3876	tags=23%, list=24%, signal=30%	
GOBP_PRIMARY_ALCOHOL_METABOLIC_PROCESS	GOBP_PRIMARY_ALCOHOL_METABOLIC_PROCESS		72	0.339137	0.700899	0.8902077	0.9324022	1.0	2354	tags=17%, list=14%, signal=19%	
GOBP_ORGANELLE_DISASSEMBLY	GOBP_ORGANELLE_DISASSEMBLY		74	0.33014706	0.700398	0.89511496	0.9327422	1.0	2374	tags=16%, list=15%, signal=19%	
GOBP_CILIUM_ORGANIZATION	GOBP_CILIUM_ORGANIZATION		424	0.30992073	0.7002837	0.96484375	0.9326001	1.0	3121	tags=16%, list=19%, signal=19%	
GOBP_TUBULIN_DEACETYLATION	GOBP_TUBULIN_DEACETYLATION		18	0.39325908	0.69810414	0.8569182	0.9350485	1.0	914	tags=17%, list=6%, signal=18%	
GOBP_NEGATIVE_REGULATION_OF_INTERLEUKIN_1_BETA_PRODUCTION	GOBP_NEGATIVE_REGULATION_OF_INTERLEUKIN_1_BETA_PRODUCTION		22	0.38681886	0.69726026	0.8494624	0.9357936	1.0	2013	tags=32%, list=12%, signal=36%	
GOBP_AMINO_ACID_CATABOLIC_PROCESS	GOBP_AMINO_ACID_CATABOLIC_PROCESS		92	0.33381775	0.697181	0.90516037	0.93561083	1.0	2742	tags=21%, list=17%, signal=25%	
GOBP_NEGATIVE_REGULATION_OF_ANOIKIS	GOBP_NEGATIVE_REGULATION_OF_ANOIKIS		15	0.39037278	0.6964346	0.8204724	0.93623203	1.0	1284	tags=20%, list=8%, signal=22%	
HALLMARK_MYC_TARGETS_V2	HALLMARK_MYC_TARGETS_V2		57	0.33980528	0.69616246	0.87221396	0.93629223	1.0	2453	tags=12%, list=15%, signal=14%	
"GEMMA_GSE8641_RNF41_IS_ASSOCIATED_WITH_ANXIETY_LIKE_BEHAVIOR,_MAJOR_DEPRESSION_AND_BETA_CARBOLINE_INDUCED_SEIZURE_-_GPL340_STRAINORLINE_A.J_UP"	"GEMMA_GSE8641_RNF41_IS_ASSOCIATED_WITH_ANXIETY_LIKE_BEHAVIOR,_MAJOR_DEPRESSION_AND_BETA_CARBOLINE_INDUCED_SEIZURE_-_GPL340_STRAINORLINE_A.J_UP"		33	0.3653925	0.6961188	0.85649544	0.93607014	1.0	1654	tags=24%, list=10%, signal=27%	
GOBP_REGULATION_OF_DNA_BINDING	GOBP_REGULATION_OF_DNA_BINDING		38	0.36222866	0.695483	0.8595679	0.936594	1.0	1119	tags=13%, list=7%, signal=14%	
GOBP_L_AMINO_ACID_CATABOLIC_PROCESS	GOBP_L_AMINO_ACID_CATABOLIC_PROCESS		72	0.33425516	0.69484186	0.90149254	0.93709606	1.0	2225	tags=17%, list=14%, signal=19%	
DROPVIZ_STR_INTERNEURON_CHAT_CLUSTER-MARKERS.CSV	DROPVIZ_STR_INTERNEURON_CHAT_CLUSTER-MARKERS.CSV		45	0.3530345	0.6942913	0.8694362	0.93748397	1.0	3368	tags=24%, list=21%, signal=31%	
GOBP_NON_MOTILE_CILIUM_ASSEMBLY	GOBP_NON_MOTILE_CILIUM_ASSEMBLY		62	0.33846384	0.6938312	0.8835098	0.93778306	1.0	3076	tags=24%, list=19%, signal=30%	
GOBP_MORPHOGENESIS_OF_EMBRYONIC_EPITHELIUM	GOBP_MORPHOGENESIS_OF_EMBRYONIC_EPITHELIUM		143	0.3262749	0.6913994	0.8927536	0.9404272	1.0	2536	tags=22%, list=16%, signal=26%	
GOBP_LAMELLIPODIUM_ASSEMBLY	GOBP_LAMELLIPODIUM_ASSEMBLY		67	0.3435958	0.69115216	0.9	0.9404471	1.0	1340	tags=19%, list=8%, signal=21%	
GOBP_MAMMARY_GLAND_EPITHELIAL_CELL_PROLIFERATION	GOBP_MAMMARY_GLAND_EPITHELIAL_CELL_PROLIFERATION		24	0.37195626	0.691124	0.8694969	0.94020426	1.0	2333	tags=29%, list=14%, signal=34%	
GOBP_PHOTOPERIODISM	GOBP_PHOTOPERIODISM		25	0.37621853	0.690321	0.8591331	0.9408896	1.0	2508	tags=24%, list=15%, signal=28%	
KEGG_PEROXISOME	KEGG_PEROXISOME		70	0.33465827	0.6902733	0.9218045	0.940674	1.0	3098	tags=20%, list=19%, signal=25%	
GOBP_POSITIVE_REGULATION_OF_BIOMINERAL_TISSUE_DEVELOPMENT	GOBP_POSITIVE_REGULATION_OF_BIOMINERAL_TISSUE_DEVELOPMENT		48	0.3405072	0.68998235	0.875	0.94072783	1.0	2317	tags=21%, list=14%, signal=24%	
GRAY_2014_ACUTECORTICOSTERONE_DOWNREGULATED_HC	GRAY_2014_ACUTECORTICOSTERONE_DOWNREGULATED_HC		36	0.3562683	0.6896631	0.88180405	0.94084877	1.0	3282	tags=33%, list=20%, signal=42%	
GOBP_POSITIVE_REGULATION_OF_VACUOLE_ORGANIZATION	GOBP_POSITIVE_REGULATION_OF_VACUOLE_ORGANIZATION		26	0.37540674	0.68901443	0.85393256	0.9413553	1.0	2246	tags=15%, list=14%, signal=18%	
HALLMARK_OXIDATIVE_PHOSPHORYLATION	HALLMARK_OXIDATIVE_PHOSPHORYLATION		190	0.315549	0.68871886	0.94101506	0.94142884	1.0	2476	tags=20%, list=15%, signal=23%	
GOBP_PROTEINOGENIC_AMINO_ACID_BIOSYNTHETIC_PROCESS	GOBP_PROTEINOGENIC_AMINO_ACID_BIOSYNTHETIC_PROCESS		41	0.35628775	0.6883557	0.85333335	0.94157916	1.0	1266	tags=15%, list=8%, signal=16%	
GOBP_KERATINOCYTE_MIGRATION	GOBP_KERATINOCYTE_MIGRATION		16	0.3797708	0.6881228	0.8424337	0.94157696	1.0	1870	tags=31%, list=11%, signal=35%	
PARK_2011_COEXPRESSION_HIPPOCAMPUS_MOUSE_WHITE	PARK_2011_COEXPRESSION_HIPPOCAMPUS_MOUSE_WHITE		49	0.34061798	0.686557	0.8777614	0.9430912	1.0	1463	tags=8%, list=9%, signal=9%	
GOBP_POSITIVE_REGULATION_OF_NEURON_APOPTOTIC_PROCESS	GOBP_POSITIVE_REGULATION_OF_NEURON_APOPTOTIC_PROCESS		57	0.3372294	0.6864049	0.8757485	0.943006	1.0	3047	tags=35%, list=19%, signal=43%	
GOBP_REGULATION_OF_RENAL_SYSTEM_PROCESS	GOBP_REGULATION_OF_RENAL_SYSTEM_PROCESS		20	0.3702038	0.6862479	0.86137074	0.94290954	1.0	2504	tags=25%, list=15%, signal=30%	
GENEWEAVER_RODD_2008_GS75564_GENES THAT WERE DIFFERENT IN THE NUCLEUS ACCUMBENS OF IP RATS BETWEEN THE SACCHARIN AND WATER GROUPS_DOWN_PVAL01_TOP25LOGFC	GENEWEAVER_RODD_2008_GS75564_GENES THAT WERE DIFFERENT IN THE NUCLEUS ACCUMBENS OF IP RATS BETWEEN THE SACCHARIN AND WATER GROUPS_DOWN_PVAL01_TOP25LOGFC		22	0.37103987	0.68568414	0.8361153	0.94327784	1.0	3479	tags=32%, list=21%, signal=40%	
GOBP_POSITIVE_REGULATION_OF_INTRACELLULAR_PROTEIN_TRANSPORT	GOBP_POSITIVE_REGULATION_OF_INTRACELLULAR_PROTEIN_TRANSPORT		93	0.32918623	0.68442154	0.92878336	0.9444874	1.0	1612	tags=17%, list=10%, signal=19%	
MANNO_MIDBRAIN_NEUROTYPES_HNPROG	MANNO_MIDBRAIN_NEUROTYPES_HNPROG		183	0.31319973	0.6844124	0.9487535	0.94422185	1.0	2860	tags=20%, list=18%, signal=24%	
GOBP_AMINE_METABOLIC_PROCESS	GOBP_AMINE_METABOLIC_PROCESS		78	0.32377702	0.68439347	0.91752577	0.9439705	1.0	1234	tags=12%, list=8%, signal=12%	
GOBP_PROTEIN_DEACETYLATION	GOBP_PROTEIN_DEACETYLATION		29	0.36566883	0.684383	0.896124	0.94370383	1.0	914	tags=10%, list=6%, signal=11%	
GOBP_PORPHYRIN_CONTAINING_COMPOUND_METABOLIC_PROCESS	GOBP_PORPHYRIN_CONTAINING_COMPOUND_METABOLIC_PROCESS		44	0.3464416	0.68436867	0.8852459	0.94344157	1.0	3895	tags=32%, list=24%, signal=42%	
GOBP_REGULATION_OF_CELLULAR_RESPIRATION	GOBP_REGULATION_OF_CELLULAR_RESPIRATION		42	0.3469316	0.6843573	0.8740516	0.9431788	1.0	1955	tags=14%, list=12%, signal=16%	
GOBP_VITAMIN_METABOLIC_PROCESS	GOBP_VITAMIN_METABOLIC_PROCESS		35	0.35434675	0.6837232	0.88261515	0.9436274	1.0	859	tags=6%, list=5%, signal=6%	
GOBP_ENDOPLASMIC_RETICULUM_MEMBRANE_ORGANIZATION	GOBP_ENDOPLASMIC_RETICULUM_MEMBRANE_ORGANIZATION		17	0.38952374	0.68370616	0.8629921	0.9433744	1.0	2655	tags=24%, list=16%, signal=28%	
KEGG_N_GLYCAN_BIOSYNTHESIS	KEGG_N_GLYCAN_BIOSYNTHESIS		43	0.3469647	0.6837021	0.8870728	0.94310355	1.0	3009	tags=23%, list=19%, signal=28%	
GOBP_POSITIVE_REGULATION_OF_ENDOTHELIAL_CELL_APOPTOTIC_PROCESS	GOBP_POSITIVE_REGULATION_OF_ENDOTHELIAL_CELL_APOPTOTIC_PROCESS		20	0.3682799	0.6834537	0.86234176	0.9431262	1.0	3468	tags=35%, list=21%, signal=44%	
KEGG_TGF_BETA_SIGNALING_PATHWAY	KEGG_TGF_BETA_SIGNALING_PATHWAY		75	0.33176577	0.6830463	0.9044118	0.9433114	1.0	2334	tags=24%, list=14%, signal=28%	
GOBP_REGULATION_OF_GENE_SILENCING_BY_REGULATORY_NCRNA	GOBP_REGULATION_OF_GENE_SILENCING_BY_REGULATORY_NCRNA		34	0.3557199	0.68191934	0.8710692	0.94429845	1.0	2424	tags=29%, list=15%, signal=34%	
GOBP_PROTEIN_TRANSMEMBRANE_TRANSPORT	GOBP_PROTEIN_TRANSMEMBRANE_TRANSPORT		74	0.3281851	0.68111676	0.91690546	0.9449029	1.0	186	tags=3%, list=1%, signal=3%	
GOBP_POSITIVE_REGULATION_OF_MITOCHONDRIAL_MEMBRANE_PERMEABILITY	GOBP_POSITIVE_REGULATION_OF_MITOCHONDRIAL_MEMBRANE_PERMEABILITY		36	0.34949934	0.68064886	0.8751857	0.94513327	1.0	2440	tags=25%, list=15%, signal=29%	
GOBP_AMINOGLYCAN_BIOSYNTHETIC_PROCESS	GOBP_AMINOGLYCAN_BIOSYNTHETIC_PROCESS		37	0.3529917	0.6804349	0.8680445	0.9451114	1.0	1545	tags=11%, list=10%, signal=12%	
GANDAL_2018_MAJORDEPRESSIVEDISORDER_DOWNREGULATED_CORTEX	GANDAL_2018_MAJORDEPRESSIVEDISORDER_DOWNREGULATED_CORTEX		91	0.32771033	0.6793638	0.9133627	0.946047	1.0	3289	tags=23%, list=20%, signal=29%	
GOBP_RENAL_ABSORPTION	GOBP_RENAL_ABSORPTION		26	0.35879797	0.6787308	0.8791541	0.94650376	1.0	1997	tags=19%, list=12%, signal=22%	
KEGG_MEDICUS_REFERENCE_GF_RTK_RAS_PI3K_SIGNALING_PATHWAY	KEGG_MEDICUS_REFERENCE_GF_RTK_RAS_PI3K_SIGNALING_PATHWAY		75	0.3307186	0.67829776	0.9255952	0.9467294	1.0	1546	tags=15%, list=10%, signal=16%	
GOBP_POLYSACCHARIDE_BIOSYNTHETIC_PROCESS	GOBP_POLYSACCHARIDE_BIOSYNTHETIC_PROCESS		48	0.34380436	0.67764354	0.8966521	0.94714385	1.0	1640	tags=17%, list=10%, signal=18%	
GOBP_REGULATION_OF_AEROBIC_RESPIRATION	GOBP_REGULATION_OF_AEROBIC_RESPIRATION		28	0.35520926	0.67673284	0.88769233	0.9478703	1.0	1625	tags=11%, list=10%, signal=12%	
KEGG_MEDICUS_REFERENCE_GF_RTK_PI3K_SIGNALING_PATHWAY	KEGG_MEDICUS_REFERENCE_GF_RTK_PI3K_SIGNALING_PATHWAY		70	0.3296767	0.676471	0.9132353	0.9478821	1.0	1546	tags=14%, list=10%, signal=16%	
GOBP_REGULATION_OF_RRNA_PROCESSING	GOBP_REGULATION_OF_RRNA_PROCESSING		17	0.37756658	0.67587686	0.8705148	0.94821906	1.0	3322	tags=29%, list=20%, signal=37%	
GOBP_CARDIAC_SEPTUM_MORPHOGENESIS	GOBP_CARDIAC_SEPTUM_MORPHOGENESIS		66	0.32939616	0.67576087	0.91729325	0.948075	1.0	1965	tags=17%, list=12%, signal=19%	
NEURON_INTERNEURON_ZEISEL_SCIENCE_2015	NEURON_INTERNEURON_ZEISEL_SCIENCE_2015		289	0.30198857	0.6740227	0.9739726	0.9496395	1.0	3449	tags=19%, list=21%, signal=24%	
GOBP_G_PROTEIN_COUPLED_RECEPTOR_SIGNALING_PATHWAY_COUPLED_TO_CYCLIC_NUCLEOTIDE_SECOND_MESSENGER	GOBP_G_PROTEIN_COUPLED_RECEPTOR_SIGNALING_PATHWAY_COUPLED_TO_CYCLIC_NUCLEOTIDE_SECOND_MESSENGER		41	0.34905154	0.6734852	0.87905604	0.9499674	1.0	3490	tags=22%, list=21%, signal=28%	
GOBP_POSITIVE_REGULATION_OF_CALCINEURIN_MEDIATED_SIGNALING	GOBP_POSITIVE_REGULATION_OF_CALCINEURIN_MEDIATED_SIGNALING		20	0.37256056	0.6734435	0.88467616	0.94973814	1.0	3486	tags=40%, list=21%, signal=51%	
GOBP_RESPONSE_TO_ATP	GOBP_RESPONSE_TO_ATP		29	0.35240915	0.6734195	0.8825348	0.94949275	1.0	2950	tags=24%, list=18%, signal=29%	
GOBP_FATTY_ACID_DERIVATIVE_BIOSYNTHETIC_PROCESS	GOBP_FATTY_ACID_DERIVATIVE_BIOSYNTHETIC_PROCESS		39	0.34547454	0.6720673	0.89580095	0.95064497	1.0	2091	tags=18%, list=13%, signal=21%	
GOBP_REGULATION_OF_STRIATED_MUSCLE_CELL_DIFFERENTIATION	GOBP_REGULATION_OF_STRIATED_MUSCLE_CELL_DIFFERENTIATION		75	0.32717848	0.6712387	0.92131615	0.9512226	1.0	1874	tags=17%, list=12%, signal=20%	
KEGG_MEDICUS_REFERENCE_AUTOPHAGY_VESICLE_NUCLEATION_ELONGATION_MATURATION_MTORC1_PI3KC3_C1	KEGG_MEDICUS_REFERENCE_AUTOPHAGY_VESICLE_NUCLEATION_ELONGATION_MATURATION_MTORC1_PI3KC3_C1		16	0.3795801	0.67097497	0.8592233	0.9512472	1.0	4693	tags=44%, list=29%, signal=61%	
GOBP_GAMMA_AMINOBUTYRIC_ACID_TRANSPORT	GOBP_GAMMA_AMINOBUTYRIC_ACID_TRANSPORT		19	0.36795893	0.6700292	0.86012864	0.95195013	1.0	2588	tags=32%, list=16%, signal=38%	
GEMMA_GSE10415_7_BRAIN_REGIONS_IN_20_INBRED_STRAINS_OF_LABORATORY_MICE_STRAINORLINE_C57L.J_DOWN	GEMMA_GSE10415_7_BRAIN_REGIONS_IN_20_INBRED_STRAINS_OF_LABORATORY_MICE_STRAINORLINE_C57L.J_DOWN		246	0.30838576	0.6699742	0.9675141	0.95173055	1.0	1947	tags=11%, list=12%, signal=12%	
HAY_BONE_MARROW_CD34_POS_PRE_B	HAY_BONE_MARROW_CD34_POS_PRE_B		76	0.32065606	0.6696189	0.9211679	0.95181286	1.0	2790	tags=16%, list=17%, signal=19%	
KEGG_RNA_POLYMERASE	KEGG_RNA_POLYMERASE		26	0.35980406	0.6689707	0.86158633	0.9522249	1.0	344	tags=4%, list=2%, signal=4%	
CEMBROWSKI_HIPPOSEQ_MOSSY	CEMBROWSKI_HIPPOSEQ_MOSSY		49	0.3274867	0.6683907	0.92036754	0.9525601	1.0	2021	tags=16%, list=12%, signal=19%	
GOBP_POSITIVE_REGULATION_OF_DNA_TEMPLATED_TRANSCRIPTION_ELONGATION	GOBP_POSITIVE_REGULATION_OF_DNA_TEMPLATED_TRANSCRIPTION_ELONGATION		60	0.3236767	0.6653423	0.9136164	0.95533097	1.0	2648	tags=27%, list=16%, signal=32%	
GOBP_MITOCHONDRIAL_OUTER_MEMBRANE_PERMEABILIZATION	GOBP_MITOCHONDRIAL_OUTER_MEMBRANE_PERMEABILIZATION		29	0.35238197	0.6644672	0.88338655	0.95589894	1.0	2440	tags=28%, list=15%, signal=32%	
GOBP_FATTY_ACYL_COA_METABOLIC_PROCESS	GOBP_FATTY_ACYL_COA_METABOLIC_PROCESS		40	0.3327494	0.66305995	0.9067669	0.95697814	1.0	2594	tags=23%, list=16%, signal=27%	
GOBP_EMBRYONIC_CRANIAL_SKELETON_MORPHOGENESIS	GOBP_EMBRYONIC_CRANIAL_SKELETON_MORPHOGENESIS		38	0.3454208	0.6625917	0.9142857	0.95715386	1.0	2659	tags=24%, list=16%, signal=28%	
GOBP_BICARBONATE_TRANSPORT	GOBP_BICARBONATE_TRANSPORT		28	0.3548805	0.66219026	0.89969605	0.95727813	1.0	3246	tags=21%, list=20%, signal=27%	
GOBP_POSITIVE_REGULATION_OF_CELL_MORPHOGENESIS	GOBP_POSITIVE_REGULATION_OF_CELL_MORPHOGENESIS		34	0.34262756	0.6619416	0.9017433	0.9572354	1.0	3018	tags=32%, list=19%, signal=40%	
GOBP_MODIFIED_AMINO_ACID_BIOSYNTHETIC_PROCESS	GOBP_MODIFIED_AMINO_ACID_BIOSYNTHETIC_PROCESS		40	0.33784398	0.6611419	0.8984375	0.9577476	1.0	1953	tags=15%, list=12%, signal=17%	
GOBP_FEMALE_SEX_DIFFERENTIATION	GOBP_FEMALE_SEX_DIFFERENTIATION		103	0.3060852	0.66050535	0.9380403	0.95809776	1.0	2403	tags=20%, list=15%, signal=24%	
KEGG_DRUG_METABOLISM_OTHER_ENZYMES	KEGG_DRUG_METABOLISM_OTHER_ENZYMES		25	0.3614296	0.66031414	0.89983845	0.95801014	1.0	1854	tags=8%, list=11%, signal=9%	
GOBP_TERTIARY_ALCOHOL_METABOLIC_PROCESS	GOBP_TERTIARY_ALCOHOL_METABOLIC_PROCESS		15	0.3655181	0.6602954	0.88589543	0.9577496	1.0	2158	tags=13%, list=13%, signal=15%	
GOBP_SPHINGOLIPID_BIOSYNTHETIC_PROCESS	GOBP_SPHINGOLIPID_BIOSYNTHETIC_PROCESS		102	0.31445003	0.6602533	0.9416168	0.95751554	1.0	2339	tags=16%, list=14%, signal=18%	
GOBP_STRESS_ACTIVATED_PROTEIN_KINASE_SIGNALING_CASCADE	GOBP_STRESS_ACTIVATED_PROTEIN_KINASE_SIGNALING_CASCADE		55	0.33132774	0.66000056	0.9077599	0.9574873	1.0	3347	tags=44%, list=21%, signal=55%	
GOBP_REGULATION_OF_CELL_COMMUNICATION_BY_ELECTRICAL_COUPLING	GOBP_REGULATION_OF_CELL_COMMUNICATION_BY_ELECTRICAL_COUPLING		16	0.37541926	0.6595158	0.9023256	0.9576863	1.0	1039	tags=19%, list=6%, signal=20%	
GOBP_RETINAL_GANGLION_CELL_AXON_GUIDANCE	GOBP_RETINAL_GANGLION_CELL_AXON_GUIDANCE		19	0.35884887	0.6591397	0.87402797	0.9577389	1.0	2504	tags=37%, list=15%, signal=43%	
GOBP_NEGATIVE_REGULATION_OF_BMP_SIGNALING_PATHWAY	GOBP_NEGATIVE_REGULATION_OF_BMP_SIGNALING_PATHWAY		53	0.32903025	0.65782505	0.9335303	0.9587299	1.0	2142	tags=19%, list=13%, signal=22%	
GOBP_DNA_TEMPLATED_DNA_REPLICATION	GOBP_DNA_TEMPLATED_DNA_REPLICATION		160	0.30162835	0.6572342	0.9620596	0.9590033	1.0	3434	tags=21%, list=21%, signal=27%	
GEMMA_GSE10415_7_BRAIN_REGIONS_IN_20_INBRED_STRAINS_OF_LABORATORY_MICE_STRAINORLINE_BALB.CBYJ_DOWN	GEMMA_GSE10415_7_BRAIN_REGIONS_IN_20_INBRED_STRAINS_OF_LABORATORY_MICE_STRAINORLINE_BALB.CBYJ_DOWN		105	0.31196764	0.65692556	0.94075143	0.9590106	1.0	1916	tags=9%, list=12%, signal=10%	
GOBP_RNA_POLYMERASE_II_PREINITIATION_COMPLEX_ASSEMBLY	GOBP_RNA_POLYMERASE_II_PREINITIATION_COMPLEX_ASSEMBLY		55	0.32767597	0.6539103	0.91094893	0.96148384	1.0	1968	tags=15%, list=12%, signal=16%	
GOBP_DOLICHOL_LINKED_OLIGOSACCHARIDE_BIOSYNTHETIC_PROCESS	GOBP_DOLICHOL_LINKED_OLIGOSACCHARIDE_BIOSYNTHETIC_PROCESS		18	0.36250737	0.6537154	0.87213117	0.9613933	1.0	4043	tags=28%, list=25%, signal=37%	
GOBP_SPLICEOSOMAL_SNRNP_ASSEMBLY	GOBP_SPLICEOSOMAL_SNRNP_ASSEMBLY		69	0.31357983	0.65350634	0.9345238	0.96130186	1.0	2958	tags=19%, list=18%, signal=23%	
GOBP_NOTOCHORD_DEVELOPMENT	GOBP_NOTOCHORD_DEVELOPMENT		15	0.37392122	0.6532853	0.8901454	0.9612288	1.0	1610	tags=13%, list=10%, signal=15%	
GOBP_LIPID_TRANSLOCATION	GOBP_LIPID_TRANSLOCATION		58	0.31693497	0.6520889	0.9303704	0.962026	1.0	2541	tags=24%, list=16%, signal=29%	
ZHONG_PFC_C6_DLX5_GAD1_GAD2_POS_INTERNEURON	ZHONG_PFC_C6_DLX5_GAD1_GAD2_POS_INTERNEURON		15	0.37101144	0.65169567	0.8871224	0.9620959	1.0	2634	tags=27%, list=16%, signal=32%	
GOBP_RNA_SURVEILLANCE	GOBP_RNA_SURVEILLANCE		39	0.33195624	0.6515527	0.8865355	0.96195096	1.0	4396	tags=33%, list=27%, signal=46%	
GOBP_REGULATION_OF_FATTY_ACID_OXIDATION	GOBP_REGULATION_OF_FATTY_ACID_OXIDATION		32	0.3326607	0.65102625	0.9058642	0.9621248	1.0	2405	tags=13%, list=15%, signal=15%	
GOBP_MITOCHONDRIAL_TRANSMEMBRANE_TRANSPORT	GOBP_MITOCHONDRIAL_TRANSMEMBRANE_TRANSPORT		21	0.35281697	0.65073055	0.90047395	0.9621113	1.0	1924	tags=14%, list=12%, signal=16%	
KEGG_MISMATCH_REPAIR	KEGG_MISMATCH_REPAIR		21	0.35551587	0.6506805	0.90225565	0.96187973	1.0	2756	tags=19%, list=17%, signal=23%	
GOBP_REGULATION_OF_CARDIOCYTE_DIFFERENTIATION	GOBP_REGULATION_OF_CARDIOCYTE_DIFFERENTIATION		22	0.35521373	0.6504266	0.8995363	0.9618319	1.0	372	tags=5%, list=2%, signal=5%	
GOBP_REGULATION_OF_GLUTAMATE_SECRETION	GOBP_REGULATION_OF_GLUTAMATE_SECRETION		16	0.3624814	0.6503936	0.8974359	0.96158016	1.0	2467	tags=25%, list=15%, signal=29%	
DROPVIZ_STR_INTERNEURON_SST_CLUSTER-MARKERS.CSV	DROPVIZ_STR_INTERNEURON_SST_CLUSTER-MARKERS.CSV		40	0.33345556	0.6495534	0.9073244	0.962037	1.0	1654	tags=18%, list=10%, signal=19%	
NEURON_GABA_SUGINO_NATNEURO_2006	NEURON_GABA_SUGINO_NATNEURO_2006		26	0.3479902	0.64927596	0.89481944	0.96200585	1.0	3332	tags=31%, list=20%, signal=39%	
CEMBROWSKI_HIPPOSEQ_DG_V__VS__DG_D	CEMBROWSKI_HIPPOSEQ_DG_V__VS__DG_D		17	0.36630616	0.6484615	0.8912387	0.9624476	1.0	258	tags=6%, list=2%, signal=6%	
KEGG_MEDICUS_REFERENCE_MISMATCH_REPAIR	KEGG_MEDICUS_REFERENCE_MISMATCH_REPAIR		24	0.3412387	0.64813524	0.91525424	0.9624689	1.0	4726	tags=33%, list=29%, signal=47%	
GOBP_PROTEIN_TARGETING_TO_MITOCHONDRION	GOBP_PROTEIN_TARGETING_TO_MITOCHONDRION		73	0.3163514	0.64666134	0.9403875	0.9634509	1.0	2440	tags=18%, list=15%, signal=21%	
KEGG_MEDICUS_REFERENCE_DNA_REPLICATION_TERMINATION	KEGG_MEDICUS_REFERENCE_DNA_REPLICATION_TERMINATION		21	0.34825853	0.64642036	0.8865355	0.9633831	1.0	143	tags=5%, list=1%, signal=5%	
GOBP_TETRAPYRROLE_BIOSYNTHETIC_PROCESS	GOBP_TETRAPYRROLE_BIOSYNTHETIC_PROCESS		31	0.332531	0.64465284	0.89811915	0.96459144	1.0	3399	tags=26%, list=21%, signal=33%	
GOBP_TETRAPYRROLE_METABOLIC_PROCESS	GOBP_TETRAPYRROLE_METABOLIC_PROCESS		53	0.3214447	0.64357054	0.9190405	0.96522194	1.0	3895	tags=26%, list=24%, signal=35%	
DESCARTES_FETAL_CEREBELLUM_UNIPOLAR_BRUSH_CELLS	DESCARTES_FETAL_CEREBELLUM_UNIPOLAR_BRUSH_CELLS		16	0.3619328	0.64290553	0.89681333	0.9654749	1.0	2714	tags=13%, list=17%, signal=15%	
GOBP_KINETOCHORE_ORGANIZATION	GOBP_KINETOCHORE_ORGANIZATION		32	0.33049044	0.6426491	0.92564493	0.96541935	1.0	2088	tags=13%, list=13%, signal=14%	
FAN_EMBRYONIC_CTX_NSC_2	FAN_EMBRYONIC_CTX_NSC_2		213	0.29127204	0.6418045	0.97887325	0.9658209	1.0	2811	tags=14%, list=17%, signal=16%	
GOBP_SPLICEOSOMAL_TRI_SNRNP_COMPLEX_ASSEMBLY	GOBP_SPLICEOSOMAL_TRI_SNRNP_COMPLEX_ASSEMBLY		38	0.32534477	0.64109635	0.9195231	0.9661236	1.0	2958	tags=21%, list=18%, signal=26%	
GOBP_NEURAL_TUBE_PATTERNING	GOBP_NEURAL_TUBE_PATTERNING		27	0.33620316	0.6389866	0.922039	0.9675188	1.0	5436	tags=41%, list=33%, signal=61%	
GOBP_ASPARTATE_FAMILY_AMINO_ACID_BIOSYNTHETIC_PROCESS	GOBP_ASPARTATE_FAMILY_AMINO_ACID_BIOSYNTHETIC_PROCESS		17	0.36163643	0.63728356	0.9009585	0.96861714	1.0	1262	tags=12%, list=8%, signal=13%	
GOBP_PROSTATE_GLAND_MORPHOGENESIS	GOBP_PROSTATE_GLAND_MORPHOGENESIS		24	0.3403156	0.63630027	0.90519875	0.96910363	1.0	2434	tags=25%, list=15%, signal=29%	
GOBP_REGULATION_OF_MEMBRANE_LIPID_DISTRIBUTION	GOBP_REGULATION_OF_MEMBRANE_LIPID_DISTRIBUTION		63	0.31066465	0.63564175	0.9475983	0.9693385	1.0	2541	tags=22%, list=16%, signal=26%	
ZHONG_PFC_C1_OPC	ZHONG_PFC_C1_OPC		215	0.29116333	0.6343528	0.98593533	0.9700477	1.0	3356	tags=14%, list=21%, signal=17%	
KEGG_HEDGEHOG_SIGNALING_PATHWAY	KEGG_HEDGEHOG_SIGNALING_PATHWAY		47	0.31962124	0.6332764	0.9211679	0.97056216	1.0	3570	tags=23%, list=22%, signal=30%	
GOBP_CELLULAR_RESPONSE_TO_REACTIVE_NITROGEN_SPECIES	GOBP_CELLULAR_RESPONSE_TO_REACTIVE_NITROGEN_SPECIES		17	0.35850385	0.63305503	0.9095164	0.9704581	1.0	3435	tags=41%, list=21%, signal=52%	
GOBP_CELL_CYCLE_G2_M_PHASE_TRANSITION	GOBP_CELL_CYCLE_G2_M_PHASE_TRANSITION		153	0.29497203	0.6328925	0.97179127	0.97029495	1.0	3028	tags=19%, list=19%, signal=23%	
DURANTE_ADULT_OLFACTORY_NEUROEPITHELIUM_SUSTENTACULAR_CELLS	DURANTE_ADULT_OLFACTORY_NEUROEPITHELIUM_SUSTENTACULAR_CELLS		22	0.34558108	0.63240796	0.9037267	0.9703804	1.0	2750	tags=23%, list=17%, signal=27%	
GOBP_MEMBRANE_PROTEIN_INTRACELLULAR_DOMAIN_PROTEOLYSIS	GOBP_MEMBRANE_PROTEIN_INTRACELLULAR_DOMAIN_PROTEOLYSIS		15	0.36047	0.63193697	0.90694004	0.97047764	1.0	2635	tags=33%, list=16%, signal=40%	
GOBP_BLASTOCYST_GROWTH	GOBP_BLASTOCYST_GROWTH		20	0.3500585	0.63171107	0.9103774	0.97036535	1.0	2333	tags=15%, list=14%, signal=17%	
GOBP_FOREBRAIN_REGIONALIZATION	GOBP_FOREBRAIN_REGIONALIZATION		20	0.3411544	0.62895656	0.89722675	0.9720949	1.0	3691	tags=25%, list=23%, signal=32%	
GOBP_NEGATIVE_REGULATION_OF_MYOTUBE_DIFFERENTIATION	GOBP_NEGATIVE_REGULATION_OF_MYOTUBE_DIFFERENTIATION		16	0.34766558	0.62622994	0.9036335	0.97377676	1.0	3524	tags=25%, list=22%, signal=32%	
GOBP_REGULATION_OF_HEART_RATE_BY_CARDIAC_CONDUCTION	GOBP_REGULATION_OF_HEART_RATE_BY_CARDIAC_CONDUCTION		41	0.3179428	0.6252353	0.94664633	0.97420174	1.0	2227	tags=17%, list=14%, signal=20%	
GOBP_CELL_DIFFERENTIATION_IN_SPINAL_CORD	GOBP_CELL_DIFFERENTIATION_IN_SPINAL_CORD		33	0.32400334	0.6243193	0.9283489	0.974551	1.0	3570	tags=24%, list=22%, signal=31%	
GOBP_REGULATION_OF_MEIOTIC_CELL_CYCLE	GOBP_REGULATION_OF_MEIOTIC_CELL_CYCLE		56	0.31161633	0.6220144	0.96119404	0.97583497	1.0	2539	tags=18%, list=16%, signal=21%	
JOHNSON_2016_COEXPRESSION_HIPPOCAMPUS_HUMAN_M7	JOHNSON_2016_COEXPRESSION_HIPPOCAMPUS_HUMAN_M7		42	0.31586215	0.6211424	0.950078	0.9761581	1.0	2382	tags=24%, list=15%, signal=28%	
GOBP_GLUTAMATE_METABOLIC_PROCESS	GOBP_GLUTAMATE_METABOLIC_PROCESS		26	0.32654512	0.61940557	0.92987806	0.9770136	1.0	3080	tags=31%, list=19%, signal=38%	
GOBP_POSITIVE_REGULATION_OF_RELEASE_OF_CYTOCHROME_C_FROM_MITOCHONDRIA	GOBP_POSITIVE_REGULATION_OF_RELEASE_OF_CYTOCHROME_C_FROM_MITOCHONDRIA		22	0.33377907	0.61845684	0.9239482	0.9773395	1.0	4158	tags=50%, list=26%, signal=67%	
GOBP_SPERMATID_DIFFERENTIATION	GOBP_SPERMATID_DIFFERENTIATION		170	0.27943775	0.61842847	0.9972106	0.9770797	1.0	2429	tags=11%, list=15%, signal=13%	
GOBP_GLYCOSAMINOGLYCAN_BIOSYNTHETIC_PROCESS	GOBP_GLYCOSAMINOGLYCAN_BIOSYNTHETIC_PROCESS		30	0.32001138	0.6176585	0.9147641	0.9772826	1.0	1545	tags=10%, list=10%, signal=11%	
GOBP_REGULATION_OF_PHOSPHOLIPID_METABOLIC_PROCESS	GOBP_REGULATION_OF_PHOSPHOLIPID_METABOLIC_PROCESS		32	0.3188633	0.61657435	0.9317147	0.9776805	1.0	2589	tags=19%, list=16%, signal=22%	
GOBP_CELL_CYCLE_DNA_REPLICATION	GOBP_CELL_CYCLE_DNA_REPLICATION		41	0.30917183	0.6162506	0.9500734	0.97760534	1.0	3352	tags=27%, list=21%, signal=34%	
GOBP_CD40_SIGNALING_PATHWAY	GOBP_CD40_SIGNALING_PATHWAY		16	0.34588507	0.6148319	0.8869969	0.97821295	1.0	3663	tags=44%, list=23%, signal=56%	
GOBP_REGULATION_OF_TRANSLATIONAL_FIDELITY	GOBP_REGULATION_OF_TRANSLATIONAL_FIDELITY		18	0.3443235	0.61454934	0.90580845	0.978104	1.0	2557	tags=17%, list=16%, signal=20%	
DESCARTES_FETAL_EYE_BIPOLAR_CELLS	DESCARTES_FETAL_EYE_BIPOLAR_CELLS		17	0.34106353	0.6144953	0.9077901	0.9778581	1.0	6031	tags=35%, list=37%, signal=56%	
GOBP_MODIFIED_AMINO_ACID_CATABOLIC_PROCESS	GOBP_MODIFIED_AMINO_ACID_CATABOLIC_PROCESS		24	0.33269262	0.6141759	0.93670887	0.9777709	1.0	3661	tags=29%, list=23%, signal=38%	
GOBP_ISOPRENOID_BIOSYNTHETIC_PROCESS	GOBP_ISOPRENOID_BIOSYNTHETIC_PROCESS		29	0.31790674	0.61373496	0.94720495	0.9777516	1.0	1852	tags=14%, list=11%, signal=16%	
GOBP_TERPENOID_BIOSYNTHETIC_PROCESS	GOBP_TERPENOID_BIOSYNTHETIC_PROCESS		24	0.33035782	0.6129828	0.925	0.9779249	1.0	1852	tags=17%, list=11%, signal=19%	
DESCARTES_MAIN_FETAL_BIPOLAR_CELLS	DESCARTES_MAIN_FETAL_BIPOLAR_CELLS		17	0.34106353	0.61214095	0.925	0.9781601	1.0	6031	tags=35%, list=37%, signal=56%	
GOBP_REGULATION_OF_T_CELL_DIFFERENTIATION_IN_THYMUS	GOBP_REGULATION_OF_T_CELL_DIFFERENTIATION_IN_THYMUS		20	0.331684	0.60981864	0.92820513	0.97929627	1.0	2101	tags=25%, list=13%, signal=29%	
GOBP_ORGANIC_ACID_CATABOLIC_PROCESS	GOBP_ORGANIC_ACID_CATABOLIC_PROCESS		210	0.27621132	0.6072095	0.99710983	0.98057276	1.0	3098	tags=18%, list=19%, signal=22%	
GOBP_REGULATION_OF_PRESYNAPTIC_MEMBRANE_POTENTIAL	GOBP_REGULATION_OF_PRESYNAPTIC_MEMBRANE_POTENTIAL		28	0.32302085	0.6069475	0.9509494	0.98043096	1.0	3345	tags=32%, list=21%, signal=40%	
GOBP_MIDBODY_ABSCISSION	GOBP_MIDBODY_ABSCISSION		22	0.32287714	0.60676664	0.9376947	0.9802628	1.0	746	tags=9%, list=5%, signal=10%	
GOBP_MEMBRANE_FISSION	GOBP_MEMBRANE_FISSION		44	0.30475605	0.6029883	0.9543379	0.982112	1.0	2924	tags=20%, list=18%, signal=25%	
GOBP_REGULATION_OF_DNA_STRAND_ELONGATION	GOBP_REGULATION_OF_DNA_STRAND_ELONGATION		17	0.34026504	0.60267293	0.92105263	0.98200876	1.0	3590	tags=24%, list=22%, signal=30%	
GOBP_POSITIVE_REGULATION_OF_P38MAPK_CASCADE	GOBP_POSITIVE_REGULATION_OF_P38MAPK_CASCADE		22	0.33153236	0.60231173	0.9304085	0.9819136	1.0	3919	tags=36%, list=24%, signal=48%	
GOBP_RIBONUCLEOSIDE_MONOPHOSPHATE_BIOSYNTHETIC_PROCESS	GOBP_RIBONUCLEOSIDE_MONOPHOSPHATE_BIOSYNTHETIC_PROCESS		32	0.31797284	0.5983399	0.9477727	0.9837738	1.0	3626	tags=31%, list=22%, signal=40%	
GOBP_DNA_REPLICATION_INITIATION	GOBP_DNA_REPLICATION_INITIATION		41	0.30791774	0.5980456	0.95412844	0.9836473	1.0	4287	tags=32%, list=26%, signal=43%	
GOBP_REGULATION_OF_CENTROSOME_CYCLE	GOBP_REGULATION_OF_CENTROSOME_CYCLE		59	0.29590622	0.59725696	0.9641256	0.9837919	1.0	2172	tags=15%, list=13%, signal=18%	
PARK_2011_COEXPRESSION_HIPPOCAMPUS_MOUSE_NONE	PARK_2011_COEXPRESSION_HIPPOCAMPUS_MOUSE_NONE		31	0.30811545	0.5972128	0.9591528	0.98353714	1.0	1660	tags=13%, list=10%, signal=14%	
KEGG_MEDICUS_ENV_FACTOR_TCDD_TO_AHR_SIGNALING_PATHWAY	KEGG_MEDICUS_ENV_FACTOR_TCDD_TO_AHR_SIGNALING_PATHWAY		15	0.32494834	0.59489393	0.9297125	0.984447	1.0	3472	tags=33%, list=21%, signal=42%	
GOBP_NEGATIVE_REGULATION_OF_EPITHELIAL_CELL_APOPTOTIC_PROCESS	GOBP_NEGATIVE_REGULATION_OF_EPITHELIAL_CELL_APOPTOTIC_PROCESS		15	0.33838546	0.5938261	0.9213836	0.9847162	1.0	3815	tags=33%, list=23%, signal=44%	
GOBP_RIBOSOME_DISASSEMBLY	GOBP_RIBOSOME_DISASSEMBLY		44	0.30159798	0.5924999	0.9510703	0.9850971	1.0	3408	tags=23%, list=21%, signal=29%	
GEMMA_GSE73798_MOLECULAR_PROFILE_OF_KETAMINE_IN_COMPARISON_TO_MEMANTINE_AND_PHENCYCLIDYNE_AND_OTHER_PSYCHOTROPIC_DRUGS_[MOUSE_HIPPOCAMPUS]_TREATMENT_15.MG.KG_MEMANTINE_UP	GEMMA_GSE73798_MOLECULAR_PROFILE_OF_KETAMINE_IN_COMPARISON_TO_MEMANTINE_AND_PHENCYCLIDYNE_AND_OTHER_PSYCHOTROPIC_DRUGS_[MOUSE_HIPPOCAMPUS]_TREATMENT_15.MG.KG_MEMANTINE_UP		28	0.30809492	0.59214306	0.9398496	0.9849944	1.0	3289	tags=29%, list=20%, signal=36%	
GOBP_MEIOTIC_SISTER_CHROMATID_COHESION	GOBP_MEIOTIC_SISTER_CHROMATID_COHESION		16	0.3267359	0.59100777	0.9375	0.9852459	1.0	5184	tags=31%, list=32%, signal=46%	
GOBP_REGULATION_OF_CYCLIN_DEPENDENT_PROTEIN_SERINE_THREONINE_KINASE_ACTIVITY	GOBP_REGULATION_OF_CYCLIN_DEPENDENT_PROTEIN_SERINE_THREONINE_KINASE_ACTIVITY		28	0.3046029	0.59056145	0.96411854	0.9851844	1.0	2506	tags=18%, list=15%, signal=21%	
KEGG_BASAL_TRANSCRIPTION_FACTORS	KEGG_BASAL_TRANSCRIPTION_FACTORS		30	0.31030384	0.5899098	0.93957704	0.98521525	1.0	3274	tags=20%, list=20%, signal=25%	
GOBP_TETRAHYDROFOLATE_METABOLIC_PROCESS	GOBP_TETRAHYDROFOLATE_METABOLIC_PROCESS		18	0.32749483	0.58987397	0.9344	0.98495644	1.0	2718	tags=22%, list=17%, signal=27%	
GOBP_FATTY_ACID_DERIVATIVE_METABOLIC_PROCESS	GOBP_FATTY_ACID_DERIVATIVE_METABOLIC_PROCESS		65	0.2853408	0.58881885	0.9805389	0.9851758	1.0	2594	tags=17%, list=16%, signal=20%	
GOBP_INDOLE_CONTAINING_COMPOUND_METABOLIC_PROCESS	GOBP_INDOLE_CONTAINING_COMPOUND_METABOLIC_PROCESS		29	0.30980313	0.5881637	0.9411765	0.9851964	1.0	3320	tags=24%, list=20%, signal=30%	
GOBP_REGULATION_OF_VACUOLE_ORGANIZATION	GOBP_REGULATION_OF_VACUOLE_ORGANIZATION		58	0.297974	0.58773756	0.97604793	0.98511285	1.0	2748	tags=21%, list=17%, signal=25%	
GOBP_REGULATION_OF_FATTY_ACID_TRANSPORT	GOBP_REGULATION_OF_FATTY_ACID_TRANSPORT		26	0.30554444	0.5844252	0.9419355	0.9863408	1.0	2950	tags=19%, list=18%, signal=23%	
GOBP_SPINAL_CORD_DEVELOPMENT	GOBP_SPINAL_CORD_DEVELOPMENT		78	0.2761376	0.58284146	0.98540145	0.9867625	1.0	3570	tags=24%, list=22%, signal=31%	
GOBP_DNA_STRAND_ELONGATION	GOBP_DNA_STRAND_ELONGATION		35	0.3039781	0.5828063	0.96060604	0.98650277	1.0	4484	tags=34%, list=28%, signal=47%	
KEGG_O_GLYCAN_BIOSYNTHESIS	KEGG_O_GLYCAN_BIOSYNTHESIS		26	0.31474626	0.5810971	0.94233686	0.986984	1.0	3346	tags=23%, list=21%, signal=29%	
GOBP_G1_TO_G0_TRANSITION	GOBP_G1_TO_G0_TRANSITION		19	0.31940427	0.5782824	0.95106035	0.9879037	1.0	1915	tags=21%, list=12%, signal=24%	
GOBP_CERAMIDE_BIOSYNTHETIC_PROCESS	GOBP_CERAMIDE_BIOSYNTHETIC_PROCESS		63	0.28330043	0.5775432	0.9790105	0.98793584	1.0	1893	tags=13%, list=12%, signal=14%	
GOBP_REGULATION_OF_DNA_DAMAGE_CHECKPOINT	GOBP_REGULATION_OF_DNA_DAMAGE_CHECKPOINT		24	0.30770594	0.57467866	0.95555556	0.98882866	1.0	2618	tags=17%, list=16%, signal=20%	
HALLMARK_NOTCH_SIGNALING	HALLMARK_NOTCH_SIGNALING		32	0.29955262	0.5742123	0.96630937	0.9887403	1.0	3652	tags=34%, list=22%, signal=44%	
GOBP_MEIOSIS_I_CELL_CYCLE_PROCESS	GOBP_MEIOSIS_I_CELL_CYCLE_PROCESS		113	0.2645971	0.5718141	0.99285716	0.98939395	1.0	2756	tags=11%, list=17%, signal=13%	
GOBP_CELLULAR_RESPONSE_TO_PH	GOBP_CELLULAR_RESPONSE_TO_PH		26	0.2994505	0.5692135	0.9499217	0.99009216	1.0	2220	tags=23%, list=14%, signal=27%	
KEGG_MEDICUS_REFERENCE_EGF_ERBB2_RAS_ERK_SIGNALING_PATHWAY	KEGG_MEDICUS_REFERENCE_EGF_ERBB2_RAS_ERK_SIGNALING_PATHWAY		15	0.32845774	0.56753576	0.9529221	0.99039716	1.0	2493	tags=27%, list=15%, signal=31%	
KEGG_MEDICUS_VARIANT_MUTATION_INACTIVATED_PDE11A_PDE8B_TO_ACTH_CORTISOL_SIGNALING_PATHWAY	KEGG_MEDICUS_VARIANT_MUTATION_INACTIVATED_PDE11A_PDE8B_TO_ACTH_CORTISOL_SIGNALING_PATHWAY		15	0.319408	0.56739056	0.9530516	0.9901701	1.0	2619	tags=33%, list=16%, signal=40%	
GOBP_RETINOL_METABOLIC_PROCESS	GOBP_RETINOL_METABOLIC_PROCESS		35	0.29383367	0.56456333	0.9743976	0.9908936	1.0	2058	tags=11%, list=13%, signal=13%	
ZHONG_PFC_C1_MICROGLIA	ZHONG_PFC_C1_MICROGLIA		231	0.25523674	0.5616723	1.0	0.99158657	1.0	2837	tags=13%, list=17%, signal=16%	
GOBP_COTRANSLATIONAL_PROTEIN_TARGETING_TO_MEMBRANE	GOBP_COTRANSLATIONAL_PROTEIN_TARGETING_TO_MEMBRANE		20	0.30732128	0.55755794	0.9483568	0.9926657	1.0	2232	tags=20%, list=14%, signal=23%	
GOBP_REGULATION_OF_CILIUM_BEAT_FREQUENCY	GOBP_REGULATION_OF_CILIUM_BEAT_FREQUENCY		15	0.31224805	0.5547605	0.9526066	0.9932833	1.0	7045	tags=67%, list=43%, signal=118%	
KEGG_MEDICUS_REFERENCE_EGF_EGFR_RAS_ERK_SIGNALING_PATHWAY	KEGG_MEDICUS_REFERENCE_EGF_EGFR_RAS_ERK_SIGNALING_PATHWAY		15	0.31472456	0.5526729	0.94479495	0.9936372	1.0	2493	tags=27%, list=15%, signal=31%	
GOBP_SULFUR_AMINO_ACID_METABOLIC_PROCESS	GOBP_SULFUR_AMINO_ACID_METABOLIC_PROCESS		31	0.29217348	0.5522729	0.9809221	0.99348885	1.0	2747	tags=13%, list=17%, signal=15%	
GOBP_PHASIC_SMOOTH_MUSCLE_CONTRACTION	GOBP_PHASIC_SMOOTH_MUSCLE_CONTRACTION		15	0.31300172	0.5511704	0.95201236	0.993535	1.0	2578	tags=13%, list=16%, signal=16%	
GOBP_RNA_POLYMERASE_II_TRANSCRIPTION_INITIATION_SURVEILLANCE	GOBP_RNA_POLYMERASE_II_TRANSCRIPTION_INITIATION_SURVEILLANCE		19	0.29465	0.54976326	0.9644588	0.9936772	1.0	4396	tags=37%, list=27%, signal=50%	
GOBP_TRNA_WOBBLE_URIDINE_MODIFICATION	GOBP_TRNA_WOBBLE_URIDINE_MODIFICATION		17	0.30080432	0.54520696	0.962963	0.9946586	1.0	2160	tags=12%, list=13%, signal=14%	
GOBP_SMOOTH_MUSCLE_CELL_APOPTOTIC_PROCESS	GOBP_SMOOTH_MUSCLE_CELL_APOPTOTIC_PROCESS		26	0.2845967	0.5445085	0.9835082	0.99457854	1.0	3758	tags=27%, list=23%, signal=35%	
GEMMA_GSE14269_TRANSGENERATIONAL_EPIGENETIC_PROGRAMMING_OF_THE_BRAIN_TRANSCRIPTOME_AND_ANXIETY_BEHAVIOR_ENVIRONMENTAL_HISTORY_SEX_VINCLOZOLIN_UP	GEMMA_GSE14269_TRANSGENERATIONAL_EPIGENETIC_PROGRAMMING_OF_THE_BRAIN_TRANSCRIPTOME_AND_ANXIETY_BEHAVIOR_ENVIRONMENTAL_HISTORY_SEX_VINCLOZOLIN_UP		16	0.30225992	0.5380403	0.96166134	0.9960121	1.0	2510	tags=25%, list=15%, signal=30%	
GOBP_VESICLE_TARGETING_TO_FROM_OR_WITHIN_GOLGI	GOBP_VESICLE_TARGETING_TO_FROM_OR_WITHIN_GOLGI		30	0.2846031	0.53692377	0.98151004	0.99600327	1.0	2495	tags=23%, list=15%, signal=28%	
GOBP_PROTEIN_LOCALIZATION_TO_PHAGOPHORE_ASSEMBLY_SITE	GOBP_PROTEIN_LOCALIZATION_TO_PHAGOPHORE_ASSEMBLY_SITE		17	0.29465768	0.536372	0.9800995	0.99586046	1.0	3758	tags=35%, list=23%, signal=46%	
GOBP_COPPER_ION_TRANSPORT	GOBP_COPPER_ION_TRANSPORT		15	0.30543113	0.5344811	0.95481926	0.99603885	1.0	3842	tags=33%, list=24%, signal=44%	
GOBP_TRNA_METABOLIC_PROCESS	GOBP_TRNA_METABOLIC_PROCESS		194	0.24299015	0.5330894	1.0	0.9961075	1.0	2160	tags=6%, list=13%, signal=6%	
GOBP_SRP_DEPENDENT_COTRANSLATIONAL_PROTEIN_TARGETING_TO_MEMBRANE	GOBP_SRP_DEPENDENT_COTRANSLATIONAL_PROTEIN_TARGETING_TO_MEMBRANE		15	0.2978553	0.5270511	0.9665072	0.9971777	1.0	2232	tags=20%, list=14%, signal=23%	
GOBP_REPLICATIVE_SENESCENCE	GOBP_REPLICATIVE_SENESCENCE		15	0.29782262	0.52648747	0.96585363	0.99702466	1.0	1805	tags=13%, list=11%, signal=15%	
GOBP_REGULATION_OF_CENTRIOLE_REPLICATION	GOBP_REGULATION_OF_CENTRIOLE_REPLICATION		24	0.27806437	0.5251744	0.9681818	0.9970385	1.0	3016	tags=21%, list=19%, signal=26%	
GOBP_NUCLEOSIDE_MONOPHOSPHATE_BIOSYNTHETIC_PROCESS	GOBP_NUCLEOSIDE_MONOPHOSPHATE_BIOSYNTHETIC_PROCESS		39	0.2632363	0.51649725	0.9954614	0.99844205	1.0	3626	tags=26%, list=22%, signal=33%	
GOBP_MITOCHONDRIAL_RNA_PROCESSING	GOBP_MITOCHONDRIAL_RNA_PROCESSING		28	0.27194804	0.51640916	0.9920886	0.9981751	1.0	5585	tags=39%, list=34%, signal=60%	
KEGG_MEDICUS_REFERENCE_LONG_PATCH_BER	KEGG_MEDICUS_REFERENCE_LONG_PATCH_BER		16	0.29455137	0.51583564	0.97622824	0.9979905	1.0	4141	tags=31%, list=25%, signal=42%	
GOBP_SYNAPTONEMAL_COMPLEX_ORGANIZATION	GOBP_SYNAPTONEMAL_COMPLEX_ORGANIZATION		19	0.2752838	0.5095799	0.97611463	0.99880105	1.0	3751	tags=16%, list=23%, signal=20%	
GOBP_NUCLEOPHAGY	GOBP_NUCLEOPHAGY		22	0.27625963	0.5067784	0.9843994	0.9989886	1.0	469	tags=5%, list=3%, signal=5%	
GOBP_REGULATION_OF_DOUBLE_STRAND_BREAK_REPAIR_VIA_NONHOMOLOGOUS_END_JOINING	GOBP_REGULATION_OF_DOUBLE_STRAND_BREAK_REPAIR_VIA_NONHOMOLOGOUS_END_JOINING		28	0.27081406	0.5027302	0.99101794	0.99932045	1.0	2185	tags=11%, list=13%, signal=12%	
GOBP_DIACYLGLYCEROL_METABOLIC_PROCESS	GOBP_DIACYLGLYCEROL_METABOLIC_PROCESS		25	0.26508135	0.4981768	0.9907692	0.9997184	1.0	4289	tags=32%, list=26%, signal=43%	
GOBP_FOLIC_ACID_CONTAINING_COMPOUND_METABOLIC_PROCESS	GOBP_FOLIC_ACID_CONTAINING_COMPOUND_METABOLIC_PROCESS		26	0.2654909	0.4956095	0.9893455	0.9997826	1.0	4350	tags=31%, list=27%, signal=42%	
GOBP_VIRAL_RNA_GENOME_REPLICATION	GOBP_VIRAL_RNA_GENOME_REPLICATION		19	0.26873827	0.48437628	0.9876161	1.0	1.0	4574	tags=37%, list=28%, signal=51%	
GOBP_RNA_CAPPING	GOBP_RNA_CAPPING		18	0.2612646	0.46952075	0.990566	1.0	1.0	794	tags=6%, list=5%, signal=6%	
GOBP_SNO_S_RNA_METABOLIC_PROCESS	GOBP_SNO_S_RNA_METABOLIC_PROCESS		15	0.2641684	0.45994318	0.99058086	1.0	1.0	3179	tags=20%, list=20%, signal=25%	
GOBP_SNRNA_METABOLIC_PROCESS	GOBP_SNRNA_METABOLIC_PROCESS		58	0.22557317	0.45783597	1.0	1.0	1.0	4396	tags=31%, list=27%, signal=42%	
GOBP_PYRIMIDINE_DEOXYRIBONUCLEOTIDE_METABOLIC_PROCESS	GOBP_PYRIMIDINE_DEOXYRIBONUCLEOTIDE_METABOLIC_PROCESS		25	0.23736605	0.4546233	0.99251497	1.0	1.0	1105	tags=4%, list=7%, signal=4%	
KEGG_MEDICUS_REFERENCE_DNA_END_RESECTION_AND_RPA_LOADING	KEGG_MEDICUS_REFERENCE_DNA_END_RESECTION_AND_RPA_LOADING		16	0.25842568	0.4529526	0.99156827	1.0	1.0	4662	tags=31%, list=29%, signal=44%	
GANDAL_2018_BIPOLARDISORDER_UPREGULATED_PFC	GANDAL_2018_BIPOLARDISORDER_UPREGULATED_PFC		42	0.22247393	0.4395598	1.0	1.0	1.0	4975	tags=36%, list=31%, signal=51%	
KEGG_DNA_REPLICATION	KEGG_DNA_REPLICATION		33	0.23228425	0.4372877	0.9954058	1.0	1.0	4141	tags=24%, list=25%, signal=32%	
GOBP_KERATINIZATION	GOBP_KERATINIZATION		25	0.23373981	0.43432805	0.9968896	1.0	1.0	12465	tags=100%, list=77%, signal=428%	
GOBP_PROTEIN_METHYLATION	GOBP_PROTEIN_METHYLATION		40	0.21788703	0.43273795	0.9985316	1.0	1.0	3930	tags=20%, list=24%, signal=26%	
GOBP_MITOCHONDRIAL_RNA_METABOLIC_PROCESS	GOBP_MITOCHONDRIAL_RNA_METABOLIC_PROCESS		61	0.20592536	0.41999605	1.0	1.0	1.0	5667	tags=38%, list=35%, signal=58%	
MEISSNER_BRAIN_HCP_WITH_H3_UNMETHYLATED	MEISSNER_BRAIN_HCP_WITH_H3_UNMETHYLATED		20	0.22711477	0.41772622	0.99545455	1.0	1.0	2214	tags=5%, list=14%, signal=6%	
GOBP_TRNA_PROCESSING	GOBP_TRNA_PROCESSING		130	0.18831147	0.4042134	1.0	1.0	1.0	828	tags=2%, list=5%, signal=2%	
KEGG_NUCLEOTIDE_EXCISION_REPAIR	KEGG_NUCLEOTIDE_EXCISION_REPAIR		42	0.20213486	0.3945256	1.0	1.0	1.0	4141	tags=19%, list=25%, signal=25%	
GOBP_TRNA_WOBBLE_BASE_MODIFICATION	GOBP_TRNA_WOBBLE_BASE_MODIFICATION		27	0.20629723	0.3927643	1.0	1.0	1.0	2160	tags=7%, list=13%, signal=9%	
KEGG_MEDICUS_REFERENCE_CORE_NER_REACTION	KEGG_MEDICUS_REFERENCE_CORE_NER_REACTION		27	0.2073032	0.3897135	1.0	1.0	1.0	4432	tags=19%, list=27%, signal=25%	
GOBP_REGULATION_OF_TELOMERE_MAINTENANCE_IN_RESPONSE_TO_DNA_DAMAGE	GOBP_REGULATION_OF_TELOMERE_MAINTENANCE_IN_RESPONSE_TO_DNA_DAMAGE		19	0.20544577	0.37451842	0.99849397	1.0	1.0	5102	tags=32%, list=31%, signal=46%	
GOBP_SPERM_AXONEME_ASSEMBLY	GOBP_SPERM_AXONEME_ASSEMBLY		27	0.19917925	0.37222943	1.0	1.0	1.0	5376	tags=30%, list=33%, signal=44%	
GOBP_PEPTIDYL_GLUTAMIC_ACID_MODIFICATION	GOBP_PEPTIDYL_GLUTAMIC_ACID_MODIFICATION		20	0.20050824	0.36726505	0.99843013	1.0	1.0	4291	tags=20%, list=26%, signal=27%	
GOBP_RNA_5_END_PROCESSING	GOBP_RNA_5_END_PROCESSING		40	0.1850474	0.36517394	0.99849623	1.0	1.0	2591	tags=8%, list=16%, signal=9%	
GOBP_MITOCHONDRIAL_RNA_MODIFICATION	GOBP_MITOCHONDRIAL_RNA_MODIFICATION		16	0.20497677	0.36039156	0.9983974	1.0	1.0	5621	tags=38%, list=35%, signal=57%	
GOBP_SULFUR_COMPOUND_CATABOLIC_PROCESS	GOBP_SULFUR_COMPOUND_CATABOLIC_PROCESS		28	0.18564773	0.35239425	1.0	1.0	1.0	5186	tags=32%, list=32%, signal=47%	
GOBP_MITOCHONDRIAL_TRANSCRIPTION	GOBP_MITOCHONDRIAL_TRANSCRIPTION		18	0.1941184	0.35103634	0.99838185	1.0	1.0	5471	tags=28%, list=34%, signal=42%	
GOBP_MITOTIC_RECOMBINATION	GOBP_MITOTIC_RECOMBINATION		26	0.16016738	0.3019539	0.99845916	1.0	1.0	6021	tags=38%, list=37%, signal=61%	
GOBP_MITOTIC_INTRA_S_DNA_DAMAGE_CHECKPOINT_SIGNALING	GOBP_MITOTIC_INTRA_S_DNA_DAMAGE_CHECKPOINT_SIGNALING		19	0.16500434	0.29607984	1.0	0.9999924	1.0	13580	tags=100%, list=84%, signal=606%	
